"KRS","KRS_Name","Wahlberechtigte","Wähler","Gültige","CDU","SPD","FDP","CSU","GRÜNE","PDS","REP","APD","BP","BüSo","BSA","LIGA","CM","ZENTRUM","GRAUE","NATURGESETZ","MLPD","Tierschutz","ödp","PBC","PASS","STATT.Partei","CDU_rel","SPD_rel","FDP_rel","CSU_rel","GRÜNE_rel","PDS_rel","REP_rel","APD_rel","BP_rel","BüSo_rel","BSA_rel","LIGA_rel","CM_rel","ZENTRUM_rel","GRAUE_rel","NATURGESETZ_rel","MLPD_rel","Tierschutz_rel","ödp_rel","PBC_rel","PASS_rel","STATT.Partei_rel","Wahlbeteiligung","ost_west"
"01001","Flensburg",68987,52379,51823,17837,24172,3404,0,4651,700,499,0,0,0,0,0,0,0,298,168,15,0,79,0,0,0,34.419,46.643,6.569,0,8.975,1.351,0.963,0,0,0,0,0,0,0,0.575,0.324,0.029,0,0.152,0,0,0,75.9,"West"
"01002","Kiel",190268,149583,148279,49244,66012,9166,0,17715,2952,1631,0,0,0,0,0,0,0,662,454,52,0,391,0,0,0,33.21,44.519,6.182,0,11.947,1.991,1.1,0,0,0,0,0,0,0,0.446,0.306,0.035,0,0.264,0,0,0,78.6,"West"
"01003","Lübeck",171209,132575,130904,51048,56323,7449,0,11174,1811,1683,0,0,0,0,0,0,0,640,431,26,0,319,0,0,0,38.997,43.026,5.69,0,8.536,1.383,1.286,0,0,0,0,0,0,0,0.489,0.329,0.02,0,0.244,0,0,0,77.4,"West"
"01004","Neumünster",64327,48484,47907,18623,21835,2926,0,2902,528,584,0,0,0,0,0,0,0,230,160,12,0,107,0,0,0,38.873,45.578,6.108,0,6.058,1.102,1.219,0,0,0,0,0,0,0,0.48,0.334,0.025,0,0.223,0,0,0,75.4,"West"
"01051","Dithmarschen",104806,83290,82337,37328,32124,5846,0,4903,595,820,0,0,0,0,0,0,0,357,240,19,0,105,0,0,0,45.336,39.015,7.1,0,5.955,0.723,0.996,0,0,0,0,0,0,0,0.434,0.291,0.023,0,0.128,0,0,0,79.5,"West"
"01053","Herzogtum Lauenburg",131597,108815,107803,47037,39261,8287,0,9199,1248,1649,0,0,0,0,0,0,0,590,343,30,0,159,0,0,0,43.632,36.419,7.687,0,8.533,1.158,1.53,0,0,0,0,0,0,0,0.547,0.318,0.028,0,0.147,0,0,0,82.7,"West"
"01054","Nordfriesland",123188,96871,96028,40861,37251,8337,0,7434,704,642,0,0,0,0,0,0,0,413,267,13,0,106,0,0,0,42.551,38.792,8.682,0,7.741,0.733,0.669,0,0,0,0,0,0,0,0.43,0.278,0.014,0,0.11,0,0,0,78.6,"West"
"01055","Ostholstein",154611,124768,123531,54939,48253,8846,0,8055,1065,1258,0,0,0,0,0,0,0,511,269,18,0,317,0,0,0,44.474,39.061,7.161,0,6.521,0.862,1.018,0,0,0,0,0,0,0,0.414,0.218,0.015,0,0.257,0,0,0,80.7,"West"
"01056","Pinneberg",216646,181288,179921,74188,68310,15097,0,16229,2221,2090,0,0,0,0,0,0,0,1083,430,31,0,242,0,0,0,41.234,37.967,8.391,0,9.02,1.234,1.162,0,0,0,0,0,0,0,0.602,0.239,0.017,0,0.135,0,0,0,83.7,"West"
"01057","Plön",95813,80480,79771,34098,31887,5384,0,6159,863,716,0,0,0,0,0,0,0,313,201,13,0,137,0,0,0,42.745,39.973,6.749,0,7.721,1.082,0.898,0,0,0,0,0,0,0,0.392,0.252,0.016,0,0.172,0,0,0,84,"West"
"01058","Rendsburg-Eckernförde",200647,165099,163647,68775,64463,13035,0,12837,1494,1474,0,0,0,0,0,0,0,651,528,24,0,366,0,0,0,42.026,39.391,7.965,0,7.844,0.913,0.901,0,0,0,0,0,0,0,0.398,0.323,0.015,0,0.224,0,0,0,82.3,"West"
"01059","Schleswig-Flensburg",143199,116381,115347,49624,46244,8171,0,8410,914,879,0,0,0,0,0,0,0,468,425,23,0,189,0,0,0,43.021,40.091,7.084,0,7.291,0.792,0.762,0,0,0,0,0,0,0,0.406,0.368,0.02,0,0.164,0,0,0,81.3,"West"
"01060","Segeberg",180916,146882,145717,64703,52798,12088,0,11417,1631,1472,0,0,0,0,0,0,0,879,370,15,0,344,0,0,0,44.403,36.233,8.296,0,7.835,1.119,1.01,0,0,0,0,0,0,0,0.603,0.254,0.01,0,0.236,0,0,0,81.2,"West"
"01061","Steinburg",103406,83589,82768,34985,33410,5920,0,6312,710,785,0,0,0,0,0,0,0,304,207,16,0,119,0,0,0,42.269,40.366,7.153,0,7.626,0.858,0.948,0,0,0,0,0,0,0,0.367,0.25,0.019,0,0.144,0,0,0,80.8,"West"
"01062","Stormarn",163659,138367,137374,59077,48448,12080,0,12956,1553,1549,0,0,0,0,0,0,0,789,375,21,0,526,0,0,0,43.004,35.267,8.794,0,9.431,1.13,1.128,0,0,0,0,0,0,0,0.574,0.273,0.015,0,0.383,0,0,0,84.5,"West"
"02000","Hamburg",1241912,990362,982800,343398,389857,71119,0,123571,21996,16582,0,0,0,0,0,0,0,11519,2905,214,0,1639,0,0,0,34.941,39.668,7.236,0,12.573,2.238,1.687,0,0,0,0,0,0,0,1.172,0.296,0.022,0,0.167,0,0,0,79.7,"West"
"03101","Braunschweig",201833,164334,163141,64895,64614,12474,0,14648,2428,1917,0,0,74,0,0,0,0,866,289,21,556,123,236,0,0,39.778,39.606,7.646,0,8.979,1.488,1.175,0,0,0.045,0,0,0,0,0.531,0.177,0.013,0.341,0.075,0.145,0,0,81.4,"West"
"03102","Salzgitter",86840,69816,69165,27739,32615,3130,0,3144,599,1200,0,0,31,0,0,0,0,256,76,1,254,30,90,0,0,40.106,47.155,4.525,0,4.546,0.866,1.735,0,0,0.045,0,0,0,0,0.37,0.11,0.001,0.367,0.043,0.13,0,0,80.4,"West"
"03103","Wolfsburg",95445,78119,77409,34914,31776,4284,0,3830,606,1060,0,0,14,0,0,0,0,421,79,11,236,39,139,0,0,45.103,41.049,5.534,0,4.948,0.783,1.369,0,0,0.018,0,0,0,0,0.544,0.102,0.014,0.305,0.05,0.18,0,0,81.8,"West"
"03151","Gifhorn",116522,96449,95545,43986,35117,7096,0,5830,684,1402,0,0,4,0,0,0,0,376,104,7,345,72,522,0,0,46.037,36.754,7.427,0,6.102,0.716,1.467,0,0,0.004,0,0,0,0,0.394,0.109,0.007,0.361,0.075,0.546,0,0,82.8,"West"
"03152","Göttingen",202552,168881,167539,62096,65985,13136,0,20164,2874,1602,0,0,15,0,0,0,0,537,187,17,460,245,221,0,0,37.064,39.385,7.841,0,12.035,1.715,0.956,0,0,0.009,0,0,0,0,0.321,0.112,0.01,0.275,0.146,0.132,0,0,83.4,"West"
"03153","Goslar",127719,104647,103793,44489,42012,8003,0,5583,1071,1503,0,0,15,0,0,0,0,383,107,10,399,85,133,0,0,42.863,40.477,7.711,0,5.379,1.032,1.448,0,0,0.014,0,0,0,0,0.369,0.103,0.01,0.384,0.082,0.128,0,0,81.9,"West"
"03154","Helmstedt",79967,65613,65068,29190,26880,3866,0,3167,481,811,0,0,12,0,0,0,0,228,62,2,232,35,102,0,0,44.861,41.311,5.941,0,4.867,0.739,1.246,0,0,0.018,0,0,0,0,0.35,0.095,0.003,0.357,0.054,0.157,0,0,82.1,"West"
"03155","Northeim",120676,101105,100166,37983,46841,7003,0,5375,717,1401,0,0,10,0,0,0,0,266,78,14,307,57,114,0,0,37.92,46.763,6.991,0,5.366,0.716,1.399,0,0,0.01,0,0,0,0,0.266,0.078,0.014,0.306,0.057,0.114,0,0,83.8,"West"
"03156","Osterode am Harz",70604,57653,57109,23431,25620,3641,0,2614,409,838,0,0,16,0,0,0,0,186,61,5,196,43,49,0,0,41.029,44.862,6.376,0,4.577,0.716,1.467,0,0,0.028,0,0,0,0,0.326,0.107,0.009,0.343,0.075,0.086,0,0,81.7,"West"
"03157","Peine",97179,81314,80614,30081,39066,4494,0,4430,553,1124,0,0,10,0,0,0,0,317,83,9,270,57,120,0,0,37.315,48.461,5.575,0,5.495,0.686,1.394,0,0,0.012,0,0,0,0,0.393,0.103,0.011,0.335,0.071,0.149,0,0,83.7,"West"
"03158","Wolfenbüttel",94635,80143,79533,34014,33442,5086,0,4593,696,927,0,0,28,0,0,0,0,224,80,5,334,44,60,0,0,42.767,42.048,6.395,0,5.775,0.875,1.166,0,0,0.035,0,0,0,0,0.282,0.101,0.006,0.42,0.055,0.075,0,0,84.7,"West"
"03241","Region Hannover",837865,694211,688352,263357,277778,57068,0,60104,9311,10693,0,0,284,0,0,0,0,4121,1194,123,2319,938,1062,0,0,38.259,40.354,8.291,0,8.732,1.353,1.553,0,0,0.041,0,0,0,0,0.599,0.173,0.018,0.337,0.136,0.154,0,0,82.9,"West"
"03251","Diepholz",155958,123940,123013,47287,48709,13965,0,8935,1176,1507,0,0,25,0,0,0,0,377,138,11,406,270,207,0,0,38.441,39.597,11.352,0,7.263,0.956,1.225,0,0,0.02,0,0,0,0,0.306,0.112,0.009,0.33,0.219,0.168,0,0,79.5,"West"
"03252","Hameln-Pyrmont",126168,103657,102809,40174,44846,7650,0,6547,780,1657,0,0,33,0,0,0,0,330,197,7,408,65,115,0,0,39.076,43.621,7.441,0,6.368,0.759,1.612,0,0,0.032,0,0,0,0,0.321,0.192,0.007,0.397,0.063,0.112,0,0,82.2,"West"
"03254","Hildesheim",224843,188957,187384,74860,83590,11158,0,11337,1565,2636,0,0,49,0,0,0,0,757,196,10,578,330,318,0,0,39.95,44.609,5.955,0,6.05,0.835,1.407,0,0,0.026,0,0,0,0,0.404,0.105,0.005,0.308,0.176,0.17,0,0,84,"West"
"03255","Holzminden",65366,54850,54297,19913,25965,4042,0,2759,333,807,0,0,15,0,0,0,0,155,72,10,141,39,46,0,0,36.674,47.82,7.444,0,5.081,0.613,1.486,0,0,0.028,0,0,0,0,0.285,0.133,0.018,0.26,0.072,0.085,0,0,83.9,"West"
"03256","Nienburg",93916,73550,72893,31138,29832,5194,0,4512,448,1068,0,0,14,0,0,0,0,252,79,6,225,66,59,0,0,42.717,40.926,7.126,0,6.19,0.615,1.465,0,0,0.019,0,0,0,0,0.346,0.108,0.008,0.309,0.091,0.081,0,0,78.3,"West"
"03257","Schaumburg",123437,101981,101106,39297,45491,6629,0,6135,762,1588,0,0,31,0,0,0,0,348,97,11,365,81,271,0,0,38.867,44.993,6.556,0,6.068,0.754,1.571,0,0,0.031,0,0,0,0,0.344,0.096,0.011,0.361,0.08,0.268,0,0,82.6,"West"
"03351","Celle",134795,109249,108462,51350,37520,9271,0,5784,848,2123,0,0,19,0,0,0,0,526,149,6,334,200,332,0,0,47.344,34.593,8.548,0,5.333,0.782,1.957,0,0,0.018,0,0,0,0,0.485,0.137,0.006,0.308,0.184,0.306,0,0,81,"West"
"03352","Cuxhaven",154262,125200,124275,49952,54231,8795,0,7365,1005,1595,0,0,23,0,0,0,0,498,158,17,463,83,90,0,0,40.195,43.638,7.077,0,5.926,0.809,1.283,0,0,0.019,0,0,0,0,0.401,0.127,0.014,0.373,0.067,0.072,0,0,81.2,"West"
"03353","Harburg",164634,139789,138987,60844,46887,13461,0,12343,1418,2128,0,0,81,0,0,0,0,653,193,19,519,202,239,0,0,43.777,33.735,9.685,0,8.881,1.02,1.531,0,0,0.058,0,0,0,0,0.47,0.139,0.014,0.373,0.145,0.172,0,0,84.9,"West"
"03354","Lüchow-Dannenberg",40717,32370,32149,14451,10623,2277,0,3533,401,497,0,0,8,0,0,0,0,122,42,7,103,25,60,0,0,44.95,33.043,7.083,0,10.989,1.247,1.546,0,0,0.025,0,0,0,0,0.379,0.131,0.022,0.32,0.078,0.187,0,0,79.5,"West"
"03355","Lüneburg",118607,95999,95331,38372,36458,7513,0,8950,1662,1242,0,0,29,0,0,0,0,377,123,7,405,90,103,0,0,40.251,38.244,7.881,0,9.388,1.743,1.303,0,0,0.03,0,0,0,0,0.395,0.129,0.007,0.425,0.094,0.108,0,0,80.9,"West"
"03356","Osterholz",81427,67110,66655,23528,29071,5192,0,6369,851,758,0,0,20,0,0,0,0,274,99,6,290,86,111,0,0,35.298,43.614,7.789,0,9.555,1.277,1.137,0,0,0.03,0,0,0,0,0.411,0.149,0.009,0.435,0.129,0.167,0,0,82.4,"West"
"03357","Rotenburg",115150,92869,92192,42227,33356,7461,0,6636,721,880,0,0,49,0,0,0,0,209,121,10,277,89,156,0,0,45.803,36.181,8.093,0,7.198,0.782,0.955,0,0,0.053,0,0,0,0,0.227,0.131,0.011,0.3,0.097,0.169,0,0,80.7,"West"
"03358","Heidekreis",101776,81818,81137,37015,29738,5981,0,5112,655,1390,0,0,29,0,0,0,0,339,111,5,272,268,222,0,0,45.62,36.652,7.371,0,6.3,0.807,1.713,0,0,0.036,0,0,0,0,0.418,0.137,0.006,0.335,0.33,0.274,0,0,80.4,"West"
"03359","Stade",138730,112925,112028,45877,44705,9612,0,8326,1139,1243,0,0,38,0,0,0,0,419,75,11,334,129,120,0,0,40.951,39.905,8.58,0,7.432,1.017,1.11,0,0,0.034,0,0,0,0,0.374,0.067,0.01,0.298,0.115,0.107,0,0,81.4,"West"
"03360","Uelzen",76784,62758,62203,27446,23845,4413,0,4534,477,788,0,0,7,0,0,0,0,239,67,6,206,86,89,0,0,44.123,38.334,7.095,0,7.289,0.767,1.267,0,0,0.011,0,0,0,0,0.384,0.108,0.01,0.331,0.138,0.143,0,0,81.7,"West"
"03361","Verden",95792,78646,78010,29373,31789,6758,0,7325,888,867,0,0,29,0,0,0,0,271,89,6,325,111,179,0,0,37.653,40.75,8.663,0,9.39,1.138,1.111,0,0,0.037,0,0,0,0,0.347,0.114,0.008,0.417,0.142,0.229,0,0,82.1,"West"
"03401","Delmenhorst",59010,46122,45722,16635,21436,3008,0,2662,540,621,0,0,9,0,0,0,0,428,68,3,219,59,34,0,0,36.383,46.883,6.579,0,5.822,1.181,1.358,0,0,0.02,0,0,0,0,0.936,0.149,0.007,0.479,0.129,0.074,0,0,78.2,"West"
"03402","Emden",39720,30853,30505,7664,18292,1674,0,1842,348,297,0,0,3,0,0,0,0,143,34,1,113,25,69,0,0,25.124,59.964,5.488,0,6.038,1.141,0.974,0,0,0.01,0,0,0,0,0.469,0.111,0.003,0.37,0.082,0.226,0,0,77.7,"West"
"03403","Oldenburg",117085,93805,93181,29172,40205,8211,0,11969,1762,622,0,0,15,0,0,0,0,557,160,24,278,88,118,0,0,31.307,43.147,8.812,0,12.845,1.891,0.668,0,0,0.016,0,0,0,0,0.598,0.172,0.026,0.298,0.094,0.127,0,0,80.1,"West"
"03404","Osnabrück",123002,100126,99404,38926,39119,8431,0,9710,1305,809,0,0,7,0,0,0,0,523,130,19,250,111,64,0,0,39.159,39.354,8.482,0,9.768,1.313,0.814,0,0,0.007,0,0,0,0,0.526,0.131,0.019,0.251,0.112,0.064,0,0,81.4,"West"
"03405","Wilhelmshaven",71365,56731,56211,20092,27491,3228,0,3228,620,786,0,0,11,0,0,0,0,376,83,17,224,26,29,0,0,35.744,48.907,5.743,0,5.743,1.103,1.398,0,0,0.02,0,0,0,0,0.669,0.148,0.03,0.398,0.046,0.052,0,0,79.5,"West"
"03451","Ammerland",78995,62430,61932,23236,25526,7340,0,4333,470,417,0,0,5,0,0,0,0,213,134,2,181,33,42,0,0,37.519,41.216,11.852,0,6.996,0.759,0.673,0,0,0.008,0,0,0,0,0.344,0.216,0.003,0.292,0.053,0.068,0,0,79,"West"
"03452","Aurich",138469,111086,109708,33344,60277,6796,0,6421,857,754,0,0,24,0,0,0,0,359,110,12,398,87,269,0,0,30.393,54.943,6.195,0,5.853,0.781,0.687,0,0,0.022,0,0,0,0,0.327,0.1,0.011,0.363,0.079,0.245,0,0,80.2,"West"
"03453","Cloppenburg",98220,78112,77295,48914,18525,5306,0,3229,296,468,0,0,12,0,0,0,0,138,128,10,167,51,51,0,0,63.282,23.967,6.865,0,4.178,0.383,0.605,0,0,0.016,0,0,0,0,0.179,0.166,0.013,0.216,0.066,0.066,0,0,79.5,"West"
"03454","Emsland",206839,169068,167773,102331,44220,11647,0,6697,719,933,0,0,29,0,0,0,0,365,114,23,390,188,117,0,0,60.994,26.357,6.942,0,3.992,0.429,0.556,0,0,0.017,0,0,0,0,0.218,0.068,0.014,0.232,0.112,0.07,0,0,81.7,"West"
"03455","Friesland",76142,61360,60815,20890,28381,5705,0,3988,477,578,0,0,9,0,0,0,0,298,97,8,303,43,38,0,0,34.35,46.668,9.381,0,6.558,0.784,0.95,0,0,0.015,0,0,0,0,0.49,0.16,0.013,0.498,0.071,0.062,0,0,80.6,"West"
"03456","Grafschaft Bentheim",90006,74589,74101,32278,30216,6405,0,3631,350,393,0,0,8,0,0,0,0,134,64,5,190,363,64,0,0,43.559,40.777,8.644,0,4.9,0.472,0.53,0,0,0.011,0,0,0,0,0.181,0.086,0.007,0.256,0.49,0.086,0,0,82.9,"West"
"03457","Leer",116079,91681,90735,33057,45207,5252,0,4660,627,672,0,0,11,0,0,0,0,265,89,9,301,160,425,0,0,36.432,49.823,5.788,0,5.136,0.691,0.741,0,0,0.012,0,0,0,0,0.292,0.098,0.01,0.332,0.176,0.468,0,0,79,"West"
"03458","Oldenburg",85353,69374,68938,26430,27765,7470,0,5125,693,655,0,0,9,0,0,0,0,321,90,4,261,66,49,0,0,38.339,40.275,10.836,0,7.434,1.005,0.95,0,0,0.013,0,0,0,0,0.466,0.131,0.006,0.379,0.096,0.071,0,0,81.3,"West"
"03459","Osnabrück",247077,207569,206100,95723,76314,16632,0,12636,1199,1600,0,0,42,0,0,0,0,614,399,24,562,158,197,0,0,46.445,37.028,8.07,0,6.131,0.582,0.776,0,0,0.02,0,0,0,0,0.298,0.194,0.012,0.273,0.077,0.096,0,0,84,"West"
"03460","Vechta",81615,67416,66927,43143,14378,5301,0,3020,227,369,0,0,8,0,0,0,0,107,100,3,156,76,39,0,0,64.463,21.483,7.921,0,4.512,0.339,0.551,0,0,0.012,0,0,0,0,0.16,0.149,0.004,0.233,0.114,0.058,0,0,82.6,"West"
"03461","Wesermarsch",71408,56309,55811,17631,28644,4664,0,3273,481,492,0,0,8,0,0,0,0,249,62,9,190,79,29,0,0,31.591,51.323,8.357,0,5.864,0.862,0.882,0,0,0.014,0,0,0,0,0.446,0.111,0.016,0.34,0.142,0.052,0,0,78.9,"West"
"03462","Wittmund",42003,32114,31785,12919,13923,2457,0,1679,202,270,0,0,0,0,0,0,0,110,39,6,136,22,22,0,0,40.645,43.804,7.73,0,5.282,0.636,0.849,0,0,0,0,0,0,0,0.346,0.123,0.019,0.428,0.069,0.069,0,0,76.5,"West"
"04011","Bremen",413297,327708,322747,96318,143759,24195,0,38500,9446,5386,0,0,0,0,0,0,0,3546,1050,85,0,462,0,0,0,29.843,44.542,7.497,0,11.929,2.927,1.669,0,0,0,0,0,0,0,1.099,0.325,0.026,0,0.143,0,0,0,79.3,"West"
"04012","Bremerhaven",96730,72901,71502,22745,35552,4214,0,5154,1298,1398,0,0,0,0,0,0,0,859,184,10,0,88,0,0,0,31.81,49.722,5.894,0,7.208,1.815,1.955,0,0,0,0,0,0,0,1.201,0.257,0.014,0,0.123,0,0,0,75.4,"West"
"05111","Düsseldorf",422916,336672,331314,119760,132167,31734,0,32266,5009,4922,0,0,113,23,0,111,106,2628,337,75,971,257,214,0,621,36.147,39.892,9.578,0,9.739,1.512,1.486,0,0,0.034,0.007,0,0.034,0.032,0.793,0.102,0.023,0.293,0.078,0.065,0,0.187,79.6,"West"
"05112","Duisburg",379804,297502,291623,79274,167750,13102,0,17928,3737,5563,0,0,119,39,0,121,75,1861,230,240,863,185,157,0,379,27.184,57.523,4.493,0,6.148,1.281,1.908,0,0,0.041,0.013,0,0.041,0.026,0.638,0.079,0.082,0.296,0.063,0.054,0,0.13,78.3,"West"
"05113","Essen",479248,377233,370999,115562,187872,25577,0,26911,4680,5150,0,0,44,34,0,159,118,2130,220,171,1123,341,233,0,674,31.149,50.639,6.894,0,7.254,1.261,1.388,0,0,0.012,0.009,0,0.043,0.032,0.574,0.059,0.046,0.303,0.092,0.063,0,0.182,78.7,"West"
"05114","Krefeld",173638,136068,133590,53677,52576,11750,0,10237,1262,1654,0,0,15,15,0,46,47,1363,122,44,313,103,110,0,256,40.18,39.356,8.796,0,7.663,0.945,1.238,0,0,0.011,0.011,0,0.034,0.035,1.02,0.091,0.033,0.234,0.077,0.082,0,0.192,78.4,"West"
"05116","Mönchengladbach",199897,151832,149161,62026,57788,13304,0,10699,1277,1513,0,0,27,10,0,71,50,846,259,20,556,309,102,0,304,41.583,38.742,8.919,0,7.173,0.856,1.014,0,0,0.018,0.007,0,0.048,0.034,0.567,0.174,0.013,0.373,0.207,0.068,0,0.204,76,"West"
"05117","Mülheim an der Ruhr",136968,113925,111882,35098,55512,9180,0,8073,1137,1313,0,0,16,24,0,47,20,600,94,37,331,118,69,0,213,31.371,49.617,8.205,0,7.216,1.016,1.174,0,0,0.014,0.021,0,0.042,0.018,0.536,0.084,0.033,0.296,0.105,0.062,0,0.19,83.2,"West"
"05119","Oberhausen",168207,133457,131537,36722,76150,6119,0,7377,1411,1718,0,0,12,15,0,39,63,752,66,29,426,414,53,0,171,27.918,57.892,4.652,0,5.608,1.073,1.306,0,0,0.009,0.011,0,0.03,0.048,0.572,0.05,0.022,0.324,0.315,0.04,0,0.13,79.3,"West"
"05120","Remscheid",87742,69605,68330,24263,29233,7184,0,4418,788,1148,0,0,2,2,0,28,11,319,46,4,267,364,60,0,193,35.509,42.782,10.514,0,6.466,1.153,1.68,0,0,0.003,0.003,0,0.041,0.016,0.467,0.067,0.006,0.391,0.533,0.088,0,0.282,79.3,"West"
"05122","Solingen",118579,95191,93702,33969,37888,10676,0,6550,1349,1337,0,0,5,2,0,52,15,478,61,18,315,547,81,0,359,36.252,40.435,11.394,0,6.99,1.44,1.427,0,0,0.005,0.002,0,0.055,0.016,0.51,0.065,0.019,0.336,0.584,0.086,0,0.383,80.3,"West"
"05124","Wuppertal",276966,221532,217605,73941,93455,19350,0,19411,3238,3795,0,0,26,23,0,110,53,1989,170,57,666,171,415,0,735,33.979,42.947,8.892,0,8.92,1.488,1.744,0,0,0.012,0.011,0,0.051,0.024,0.914,0.078,0.026,0.306,0.079,0.191,0,0.338,80,"West"
"05154","Kleve",203993,168430,164280,78503,60091,12266,0,9128,866,1372,0,0,18,19,0,65,47,528,76,16,435,527,110,0,213,47.786,36.578,7.467,0,5.556,0.527,0.835,0,0,0.011,0.012,0,0.04,0.029,0.321,0.046,0.01,0.265,0.321,0.067,0,0.13,82.6,"West"
"05158","Mettmann",373921,310009,305108,118548,121000,30804,0,22584,3113,4191,0,0,80,26,0,180,65,1675,207,29,1068,379,296,0,863,38.854,39.658,10.096,0,7.402,1.02,1.374,0,0,0.026,0.009,0,0.059,0.021,0.549,0.068,0.01,0.35,0.124,0.097,0,0.283,82.9,"West"
"05162","Rhein-Kreis Neuss",316560,262747,258281,114144,94159,24040,0,16636,2084,2851,0,0,30,17,0,116,703,1376,277,25,737,443,126,0,517,44.194,36.456,9.308,0,6.441,0.807,1.104,0,0,0.012,0.007,0,0.045,0.272,0.533,0.107,0.01,0.285,0.172,0.049,0,0.2,83,"West"
"05166","Viersen",209870,170863,167642,74219,61314,15695,0,11012,1177,1416,0,0,13,17,0,72,61,953,127,9,534,166,103,0,754,44.272,36.574,9.362,0,6.569,0.702,0.845,0,0,0.008,0.01,0,0.043,0.036,0.568,0.076,0.005,0.319,0.099,0.061,0,0.45,81.4,"West"
"05170","Wesel",338532,279630,274891,91968,135941,19181,0,18569,2095,3458,0,0,50,15,0,106,68,1365,216,87,854,205,140,0,573,33.456,49.453,6.978,0,6.755,0.762,1.258,0,0,0.018,0.005,0,0.039,0.025,0.497,0.079,0.032,0.311,0.075,0.051,0,0.208,82.6,"West"
"05314","Bonn",218877,184601,181523,70740,58360,21366,0,22710,2896,1866,0,0,15,6,0,106,49,964,183,14,575,488,222,0,963,38.97,32.15,11.77,0,12.511,1.595,1.028,0,0,0.008,0.003,0,0.058,0.027,0.531,0.101,0.008,0.317,0.269,0.122,0,0.531,84.3,"West"
"05315","Köln",672483,531738,524262,169100,219512,46639,0,63729,9057,8087,0,0,81,55,0,251,139,3876,476,96,1593,553,275,0,743,32.255,41.871,8.896,0,12.156,1.728,1.543,0,0,0.015,0.01,0,0.048,0.027,0.739,0.091,0.018,0.304,0.105,0.052,0,0.142,79.1,"West"
"05316","Leverkusen",119080,96704,95336,35601,40469,7738,0,7357,847,1521,0,0,150,11,0,45,27,671,84,38,373,69,57,0,278,37.343,42.449,8.117,0,7.717,0.888,1.595,0,0,0.157,0.012,0,0.047,0.028,0.704,0.088,0.04,0.391,0.072,0.06,0,0.292,81.2,"West"
"05334","Städteregion Aachen",393117,328147,321528,130976,128123,23370,0,27384,3327,3806,0,0,73,39,0,124,66,1276,372,34,1110,326,139,0,983,40.735,39.848,7.268,0,8.517,1.035,1.184,0,0,0.023,0.012,0,0.039,0.021,0.397,0.116,0.011,0.345,0.101,0.043,0,0.306,83.5,"West"
"05358","Düren",188853,158145,154533,68750,62393,9784,0,8918,954,1609,0,0,20,20,0,74,49,801,115,10,564,142,76,0,254,44.489,40.375,6.331,0,5.771,0.617,1.041,0,0,0.013,0.013,0,0.048,0.032,0.518,0.074,0.006,0.365,0.092,0.049,0,0.164,83.7,"West"
"05362","Rhein-Erft-Kreis",319745,267861,263167,98675,116539,20700,0,18323,1947,3324,0,0,42,28,0,109,55,1296,225,19,924,316,136,0,509,37.495,44.283,7.866,0,6.962,0.74,1.263,0,0,0.016,0.011,0,0.041,0.021,0.492,0.085,0.007,0.351,0.12,0.052,0,0.193,83.8,"West"
"05366","Euskirchen",135279,112905,110210,52034,37505,9783,0,7151,602,1394,0,0,35,10,0,86,39,591,106,7,351,196,109,0,211,47.214,34.03,8.877,0,6.489,0.546,1.265,0,0,0.032,0.009,0,0.078,0.035,0.536,0.096,0.006,0.318,0.178,0.099,0,0.191,83.5,"West"
"05370","Heinsberg",169767,142412,138147,68046,48956,9186,0,7929,765,1477,0,0,15,9,0,78,38,464,245,8,443,195,54,0,239,49.256,35.438,6.649,0,5.74,0.554,1.069,0,0,0.011,0.007,0,0.056,0.028,0.336,0.177,0.006,0.321,0.141,0.039,0,0.173,83.9,"West"
"05374","Oberbergischer Kreis",201690,167513,164226,71981,62753,13242,0,10670,1135,1988,0,0,17,17,0,151,31,771,107,5,536,233,343,0,246,43.83,38.211,8.063,0,6.497,0.691,1.211,0,0,0.01,0.01,0,0.092,0.019,0.469,0.065,0.003,0.326,0.142,0.209,0,0.15,83.1,"West"
"05378","Rheinisch-Bergischer Kreis",202147,172485,170354,70430,59583,19384,0,14517,1465,2034,0,0,94,7,0,115,42,1009,149,11,606,283,297,0,328,41.343,34.976,11.379,0,8.522,0.86,1.194,0,0,0.055,0.004,0,0.068,0.025,0.592,0.087,0.006,0.356,0.166,0.174,0,0.193,85.3,"West"
"05382","Rhein-Sieg-Kreis",392822,333314,327328,142385,113120,33102,0,26539,2879,3869,0,0,86,36,0,176,108,1547,410,31,1140,695,295,0,910,43.499,34.559,10.113,0,8.108,0.88,1.182,0,0,0.026,0.011,0,0.054,0.033,0.473,0.125,0.009,0.348,0.212,0.09,0,0.278,84.9,"West"
"05512","Bottrop",90843,74919,73443,22582,41328,3392,0,3550,678,957,0,0,5,5,0,13,14,207,36,9,203,338,17,0,109,30.748,56.272,4.619,0,4.834,0.923,1.303,0,0,0.007,0.007,0,0.018,0.019,0.282,0.049,0.012,0.276,0.46,0.023,0,0.148,82.5,"West"
"05513","Gelsenkirchen",213505,164960,161209,43070,94279,6641,0,8846,1815,4313,0,0,8,17,0,71,36,765,106,241,584,103,106,0,208,26.717,58.482,4.119,0,5.487,1.126,2.675,0,0,0.005,0.011,0,0.044,0.022,0.475,0.066,0.149,0.362,0.064,0.066,0,0.129,77.3,"West"
"05515","Münster",204928,174411,172537,65431,57906,18725,0,25118,2346,861,0,0,9,7,0,53,75,687,177,15,336,568,56,0,167,37.923,33.561,10.853,0,14.558,1.36,0.499,0,0,0.005,0.004,0,0.031,0.043,0.398,0.103,0.009,0.195,0.329,0.032,0,0.097,85.1,"West"
"05554","Borken",240610,200038,195246,101541,65124,13438,0,11024,928,1185,0,0,9,29,0,229,89,485,86,13,304,397,80,0,285,52.007,33.355,6.883,0,5.646,0.475,0.607,0,0,0.005,0.015,0,0.117,0.046,0.248,0.044,0.007,0.156,0.203,0.041,0,0.146,83.1,"West"
"05558","Coesfeld",146282,124454,122366,60991,39089,10049,0,9341,770,796,0,0,9,6,0,68,113,356,116,6,312,138,33,0,173,49.843,31.944,8.212,0,7.634,0.629,0.651,0,0,0.007,0.005,0,0.056,0.092,0.291,0.095,0.005,0.255,0.113,0.027,0,0.141,85.1,"West"
"05562","Recklinghausen",495376,405459,397759,131459,208494,20484,0,22648,3454,5954,0,0,32,42,0,176,133,1749,318,72,1324,347,256,0,817,33.05,52.417,5.15,0,5.694,0.868,1.497,0,0,0.008,0.011,0,0.044,0.033,0.44,0.08,0.018,0.333,0.087,0.064,0,0.205,81.8,"West"
"05566","Steinfurt",303616,254342,248302,103754,101174,19425,0,18219,1368,1951,0,0,18,14,0,120,253,569,158,11,577,321,121,0,249,41.785,40.746,7.823,0,7.337,0.551,0.786,0,0,0.007,0.006,0,0.048,0.102,0.229,0.064,0.004,0.232,0.129,0.049,0,0.1,83.8,"West"
"05570","Warendorf",196791,166147,162480,73470,60033,14121,0,10493,1023,1320,0,0,11,19,0,179,72,578,178,15,461,221,32,0,254,45.218,36.948,8.691,0,6.458,0.63,0.812,0,0,0.007,0.012,0,0.11,0.044,0.356,0.11,0.009,0.284,0.136,0.02,0,0.156,84.4,"West"
"05711","Bielefeld",238615,197561,193810,69796,81150,14386,0,20463,3161,2250,0,0,44,23,0,138,32,869,212,29,533,240,243,0,241,36.013,41.871,7.423,0,10.558,1.631,1.161,0,0,0.023,0.012,0,0.071,0.017,0.448,0.109,0.015,0.275,0.124,0.125,0,0.124,82.8,"West"
"05754","Gütersloh",235637,193969,190088,84387,68463,16357,0,15243,1431,2036,0,0,20,33,0,131,72,624,100,4,453,490,59,0,185,44.394,36.016,8.605,0,8.019,0.753,1.071,0,0,0.011,0.017,0,0.069,0.038,0.328,0.053,0.002,0.238,0.258,0.031,0,0.097,82.3,"West"
"05758","Herford",189745,157131,153901,58016,70404,10654,0,9676,1231,1919,0,0,20,22,0,106,22,481,119,15,499,188,244,0,285,37.697,45.746,6.923,0,6.287,0.8,1.247,0,0,0.013,0.014,0,0.069,0.014,0.313,0.077,0.01,0.324,0.122,0.159,0,0.185,82.8,"West"
"05762","Höxter",115446,97909,95455,50509,30477,6260,0,5536,454,910,0,0,11,6,0,121,54,256,45,5,235,410,32,0,134,52.914,31.928,6.558,0,5.8,0.476,0.953,0,0,0.012,0.006,0,0.127,0.057,0.268,0.047,0.005,0.246,0.43,0.034,0,0.14,84.8,"West"
"05766","Lippe",270988,224838,220202,83937,95292,16969,0,16152,1958,2441,0,0,45,18,0,171,40,805,168,14,769,346,691,0,386,38.118,43.275,7.706,0,7.335,0.889,1.109,0,0,0.02,0.008,0,0.078,0.018,0.366,0.076,0.006,0.349,0.157,0.314,0,0.175,83,"West"
"05770","Minden-Lübbecke",239848,195385,190950,71080,85390,15082,0,13144,1331,2346,0,0,31,17,0,168,24,627,108,26,499,239,482,0,356,37.224,44.719,7.898,0,6.883,0.697,1.229,0,0,0.016,0.009,0,0.088,0.013,0.328,0.057,0.014,0.261,0.125,0.252,0,0.186,81.5,"West"
"05774","Paderborn",196227,160649,157340,83740,46295,11359,0,10831,1055,1650,0,0,12,9,0,284,53,579,217,11,406,307,136,0,396,53.222,29.424,7.219,0,6.884,0.671,1.049,0,0,0.008,0.006,0,0.181,0.034,0.368,0.138,0.007,0.258,0.195,0.086,0,0.252,81.9,"West"
"05911","Bochum",302833,247750,244449,69123,134471,12008,0,18428,3253,3493,0,0,22,34,0,91,50,1860,127,81,728,147,173,0,360,28.277,55.01,4.912,0,7.539,1.331,1.429,0,0,0.009,0.014,0,0.037,0.02,0.761,0.052,0.033,0.298,0.06,0.071,0,0.147,81.8,"West"
"05913","Dortmund",443709,358270,350420,100080,188711,18829,0,27382,4643,5734,0,0,105,35,0,104,56,1913,236,142,1008,249,172,0,1021,28.56,53.853,5.373,0,7.814,1.325,1.636,0,0,0.03,0.01,0,0.03,0.016,0.546,0.067,0.041,0.288,0.071,0.049,0,0.291,80.7,"West"
"05914","Hagen",156899,124226,121993,41563,59338,8140,0,7295,1137,2664,0,0,25,6,0,120,26,636,77,43,393,101,91,0,338,34.07,48.64,6.673,0,5.98,0.932,2.184,0,0,0.02,0.005,0,0.098,0.021,0.521,0.063,0.035,0.322,0.083,0.075,0,0.277,79.2,"West"
"05915","Hamm",131778,106855,104968,40003,49955,5679,0,5480,768,1736,0,0,14,12,0,40,22,462,81,6,342,96,56,0,216,38.11,47.591,5.41,0,5.221,0.732,1.654,0,0,0.013,0.011,0,0.038,0.021,0.44,0.077,0.006,0.326,0.091,0.053,0,0.206,81.1,"West"
"05916","Herne",130014,103236,101622,26817,61158,3791,0,5426,989,2253,0,0,9,14,0,50,29,407,78,44,320,36,70,0,131,26.389,60.182,3.73,0,5.339,0.973,2.217,0,0,0.009,0.014,0,0.049,0.029,0.401,0.077,0.043,0.315,0.035,0.069,0,0.129,79.4,"West"
"05954","Ennepe-Ruhr-Kreis",269230,225296,221845,67751,114469,15592,0,15678,2040,2931,0,0,52,16,0,88,34,1033,148,75,812,165,355,0,606,30.54,51.599,7.028,0,7.067,0.92,1.321,0,0,0.023,0.007,0,0.04,0.015,0.466,0.067,0.034,0.366,0.074,0.16,0,0.273,83.7,"West"
"05958","Hochsauerlandkreis",208553,175699,171816,86090,60941,11772,0,8235,810,1964,0,0,16,22,0,161,63,559,88,9,472,323,73,0,218,50.106,35.469,6.852,0,4.793,0.471,1.143,0,0,0.009,0.013,0,0.094,0.037,0.325,0.051,0.005,0.275,0.188,0.042,0,0.127,84.2,"West"
"05962","Märkischer Kreis",324811,260590,254897,100723,106969,20642,0,14740,1934,5570,0,0,31,24,0,167,69,987,228,19,1037,309,627,0,821,39.515,41.966,8.098,0,5.783,0.759,2.185,0,0,0.012,0.009,0,0.066,0.027,0.387,0.089,0.007,0.407,0.121,0.246,0,0.322,80.2,"West"
"05966","Olpe",98823,83199,81270,44685,26010,5040,0,3630,313,644,0,0,4,4,0,56,22,226,57,6,230,115,45,0,183,54.983,32.004,6.202,0,4.467,0.385,0.792,0,0,0.005,0.005,0,0.069,0.027,0.278,0.07,0.007,0.283,0.142,0.055,0,0.225,84.2,"West"
"05970","Siegen-Wittgenstein",220024,184132,180147,68048,79710,13925,0,10567,1346,2778,0,0,15,12,0,153,28,662,97,21,492,473,1219,0,601,37.774,44.247,7.73,0,5.866,0.747,1.542,0,0,0.008,0.007,0,0.085,0.016,0.367,0.054,0.012,0.273,0.263,0.677,0,0.334,83.7,"West"
"05974","Soest",215381,177514,172945,76968,66215,13671,0,10792,1117,1806,0,0,40,24,0,218,77,750,167,15,553,235,64,0,233,44.504,38.287,7.905,0,6.24,0.646,1.044,0,0,0.023,0.014,0,0.126,0.045,0.434,0.097,0.009,0.32,0.136,0.037,0,0.135,82.4,"West"
"05978","Unna",308471,257044,251716,81311,131766,13337,0,16442,1906,3715,0,0,35,24,0,102,54,1138,262,44,751,189,161,0,479,32.303,52.347,5.298,0,6.532,0.757,1.476,0,0,0.014,0.01,0,0.041,0.021,0.452,0.104,0.017,0.298,0.075,0.064,0,0.19,83.3,"West"
"06411","Darmstadt",99713,81309,80325,28249,29579,6931,0,11887,1258,1236,0,0,14,0,0,0,0,490,234,19,0,159,269,0,0,35.168,36.824,8.629,0,14.799,1.566,1.539,0,0,0.017,0,0,0,0,0.61,0.291,0.024,0,0.198,0.335,0,0,81.5,"West"
"06412","Frankfurt am Main",390584,312528,308524,123037,92733,27222,0,44844,6542,8790,0,0,87,0,0,0,0,2860,1127,85,0,718,479,0,0,39.879,30.057,8.823,0,14.535,2.12,2.849,0,0,0.028,0,0,0,0,0.927,0.365,0.028,0,0.233,0.155,0,0,80,"West"
"06413","Offenbach am Main",73014,57230,56479,22414,19732,4450,0,5942,909,2245,0,0,22,0,0,0,0,407,150,9,0,147,52,0,0,39.686,34.937,7.879,0,10.521,1.609,3.975,0,0,0.039,0,0,0,0,0.721,0.266,0.016,0,0.26,0.092,0,0,78.4,"West"
"06414","Wiesbaden",189145,152737,150949,60579,50801,13967,0,16860,1956,4424,0,0,158,0,0,0,0,1074,453,22,0,358,297,0,0,40.132,33.654,9.253,0,11.169,1.296,2.931,0,0,0.105,0,0,0,0,0.711,0.3,0.015,0,0.237,0.197,0,0,80.8,"West"
"06431","Bergstraße",193117,160523,158203,67588,58152,12046,0,12733,1076,4478,0,0,78,0,0,0,0,1020,354,34,0,268,376,0,0,42.722,36.758,7.614,0,8.049,0.68,2.831,0,0,0.049,0,0,0,0,0.645,0.224,0.021,0,0.169,0.238,0,0,83.1,"West"
"06432","Darmstadt-Dieburg",198114,165961,163534,63428,63509,12979,0,16353,1487,3070,0,0,58,0,0,0,0,874,634,37,0,404,701,0,0,38.786,38.835,7.937,0,10,0.909,1.877,0,0,0.035,0,0,0,0,0.534,0.388,0.023,0,0.247,0.429,0,0,83.8,"West"
"06433","Groß-Gerau",165491,138437,136479,50672,55993,9381,0,13717,1373,3286,0,0,54,0,0,0,0,782,601,35,0,277,308,0,0,37.128,41.027,6.874,0,10.051,1.006,2.408,0,0,0.04,0,0,0,0,0.573,0.44,0.026,0,0.203,0.226,0,0,83.7,"West"
"06434","Hochtaunuskreis",161149,136714,135308,61586,36126,18125,0,13846,1256,2543,0,0,69,0,0,0,0,715,448,18,0,351,225,0,0,45.515,26.699,13.395,0,10.233,0.928,1.879,0,0,0.051,0,0,0,0,0.528,0.331,0.013,0,0.259,0.166,0,0,84.8,"West"
"06435","Main-Kinzig-Kreis",287026,234013,230798,97428,83123,17635,0,19873,2428,7252,0,0,136,0,0,0,0,1201,722,32,0,522,446,0,0,42.214,36.015,7.641,0,8.611,1.052,3.142,0,0,0.059,0,0,0,0,0.52,0.313,0.014,0,0.226,0.193,0,0,81.5,"West"
"06436","Main-Taunus-Kreis",156012,133264,131782,61456,35953,15756,0,12851,1182,2876,0,0,41,0,0,0,0,668,445,16,0,353,185,0,0,46.635,27.282,11.956,0,9.752,0.897,2.182,0,0,0.031,0,0,0,0,0.507,0.338,0.012,0,0.268,0.14,0,0,85.4,"West"
"06437","Odenwaldkreis",70210,57932,56863,21145,25110,3721,0,4395,483,1250,0,0,11,0,0,0,0,253,163,11,0,131,190,0,0,37.186,44.159,6.544,0,7.729,0.849,2.198,0,0,0.019,0,0,0,0,0.445,0.287,0.019,0,0.23,0.334,0,0,82.5,"West"
"06438","Offenbach",229903,193240,190726,85677,59264,17824,0,18943,1810,4279,0,0,75,0,0,0,0,1201,615,22,0,750,266,0,0,44.922,31.073,9.345,0,9.932,0.949,2.244,0,0,0.039,0,0,0,0,0.63,0.322,0.012,0,0.393,0.139,0,0,84.1,"West"
"06439","Rheingau-Taunus-Kreis",133010,110987,109438,48481,35375,10704,0,10104,964,2527,0,0,76,0,0,0,0,489,262,22,0,248,186,0,0,44.3,32.324,9.781,0,9.233,0.881,2.309,0,0,0.069,0,0,0,0,0.447,0.239,0.02,0,0.227,0.17,0,0,83.4,"West"
"06440","Wetteraukreis",207477,169407,166838,68932,62684,13764,0,13828,1462,4245,0,0,63,0,0,0,0,643,390,22,0,330,475,0,0,41.317,37.572,8.25,0,8.288,0.876,2.544,0,0,0.038,0,0,0,0,0.385,0.234,0.013,0,0.198,0.285,0,0,81.7,"West"
"06531","Gießen",183270,150221,148178,54835,57712,13483,0,14733,1739,3893,0,0,34,0,0,0,0,528,478,15,0,295,433,0,0,37.006,38.948,9.099,0,9.943,1.174,2.627,0,0,0.023,0,0,0,0,0.356,0.323,0.01,0,0.199,0.292,0,0,82,"West"
"06532","Lahn-Dill-Kreis",191754,149189,147222,57373,62640,10911,0,9007,1045,3933,0,0,59,0,0,0,0,505,290,25,0,255,1179,0,0,38.97,42.548,7.411,0,6.118,0.71,2.671,0,0,0.04,0,0,0,0,0.343,0.197,0.017,0,0.173,0.801,0,0,77.8,"West"
"06533","Limburg-Weilburg",126461,103458,101883,48695,37536,6313,0,5897,691,1628,0,0,63,0,0,0,0,409,241,10,0,233,167,0,0,47.795,36.842,6.196,0,5.788,0.678,1.598,0,0,0.062,0,0,0,0,0.401,0.237,0.01,0,0.229,0.164,0,0,81.8,"West"
"06534","Marburg-Biedenkopf",181254,149859,147982,54768,59163,10222,0,15549,2496,3990,0,0,49,0,0,0,0,500,361,11,0,249,624,0,0,37.01,39.98,6.908,0,10.507,1.687,2.696,0,0,0.033,0,0,0,0,0.338,0.244,0.007,0,0.168,0.422,0,0,82.7,"West"
"06535","Vogelsbergkreis",91278,74165,73215,28992,30786,5333,0,4616,453,2357,0,0,21,0,0,0,0,162,184,11,0,116,184,0,0,39.598,42.049,7.284,0,6.305,0.619,3.219,0,0,0.029,0,0,0,0,0.221,0.251,0.015,0,0.158,0.251,0,0,81.3,"West"
"06611","Kassel",145538,115808,114478,40444,46665,7757,0,14386,2031,1910,0,0,24,0,0,0,0,666,235,57,0,124,179,0,0,35.329,40.763,6.776,0,12.567,1.774,1.668,0,0,0.021,0,0,0,0,0.582,0.205,0.05,0,0.108,0.156,0,0,79.6,"West"
"06631","Fulda",156845,132364,130623,77191,33049,7478,0,7682,771,3032,0,0,36,0,0,0,0,496,287,8,0,272,321,0,0,59.094,25.301,5.725,0,5.881,0.59,2.321,0,0,0.028,0,0,0,0,0.38,0.22,0.006,0,0.208,0.246,0,0,84.4,"West"
"06632","Hersfeld-Rotenburg",103223,86289,85058,31872,40792,4625,0,4660,572,1774,0,0,15,0,0,0,0,351,108,8,0,104,177,0,0,37.471,47.958,5.437,0,5.479,0.672,2.086,0,0,0.018,0,0,0,0,0.413,0.127,0.009,0,0.122,0.208,0,0,83.6,"West"
"06633","Kassel",187904,160126,158133,52345,79771,9729,0,11544,1235,2067,0,0,37,0,0,0,0,678,290,21,0,181,235,0,0,33.102,50.446,6.152,0,7.3,0.781,1.307,0,0,0.023,0,0,0,0,0.429,0.183,0.013,0,0.114,0.149,0,0,85.2,"West"
"06634","Schwalm-Eder-Kreis",147881,125899,124037,42036,61476,8570,0,7665,816,2303,0,0,28,0,0,0,0,529,193,11,0,210,200,0,0,33.89,49.563,6.909,0,6.18,0.658,1.857,0,0,0.023,0,0,0,0,0.426,0.156,0.009,0,0.169,0.161,0,0,85.1,"West"
"06635","Waldeck-Frankenberg",127850,103543,102257,41207,41702,9204,0,6004,631,2166,0,0,21,0,0,0,0,401,159,13,0,522,227,0,0,40.297,40.782,9.001,0,5.871,0.617,2.118,0,0,0.021,0,0,0,0,0.392,0.155,0.013,0,0.51,0.222,0,0,81,"West"
"06636","Werra-Meißner-Kreis",93036,77682,76590,27262,37362,5056,0,4554,602,1121,0,0,12,0,0,0,0,214,222,8,0,72,105,0,0,35.595,48.782,6.601,0,5.946,0.786,1.464,0,0,0.016,0,0,0,0,0.279,0.29,0.01,0,0.094,0.137,0,0,83.5,"West"
"07111","Koblenz",85474,69157,68571,30553,27063,4799,0,4346,494,662,0,0,0,0,0,0,0,265,137,8,0,128,0,0,116,44.557,39.467,6.999,0,6.338,0.72,0.965,0,0,0,0,0,0,0,0.386,0.2,0.012,0,0.187,0,0,0.169,80.9,"West"
"07131","Ahrweiler",93244,77403,76613,40583,22314,6899,0,4355,436,740,0,0,0,0,0,0,0,313,107,7,0,656,0,0,203,52.971,29.126,9.005,0,5.684,0.569,0.966,0,0,0,0,0,0,0,0.409,0.14,0.009,0,0.856,0,0,0.265,83,"West"
"07132","Altenkirchen",99949,82815,82043,36867,33770,5323,0,4100,401,867,0,0,0,0,0,0,0,220,117,13,0,143,0,0,222,44.936,41.161,6.488,0,4.997,0.489,1.057,0,0,0,0,0,0,0,0.268,0.143,0.016,0,0.174,0,0,0.271,82.9,"West"
"07133","Bad Kreuznach",118140,96531,95457,37894,41203,7229,0,6104,535,1493,0,0,0,0,0,0,0,315,170,15,0,244,0,0,255,39.697,43.164,7.573,0,6.395,0.56,1.564,0,0,0,0,0,0,0,0.33,0.178,0.016,0,0.256,0,0,0.267,81.7,"West"
"07134","Birkenfeld",71070,56285,55631,21185,25298,4160,0,2875,322,1171,0,0,0,0,0,0,0,209,134,8,0,143,0,0,126,38.081,45.475,7.478,0,5.168,0.579,2.105,0,0,0,0,0,0,0,0.376,0.241,0.014,0,0.257,0,0,0.226,79.2,"West"
"07135","Cochem-Zell",50292,42662,41966,24929,11450,2785,0,1856,158,419,0,0,0,0,0,0,0,124,97,5,0,61,0,0,82,59.403,27.284,6.636,0,4.423,0.376,0.998,0,0,0,0,0,0,0,0.295,0.231,0.012,0,0.145,0,0,0.195,84.8,"West"
"07137","Mayen-Koblenz",155709,127471,126183,59311,49463,8220,0,6371,563,1175,0,0,0,0,0,0,0,392,213,10,0,258,0,0,207,47.004,39.199,6.514,0,5.049,0.446,0.931,0,0,0,0,0,0,0,0.311,0.169,0.008,0,0.204,0,0,0.164,81.9,"West"
"07138","Neuwied",132428,108628,107632,46984,43924,7653,0,6121,704,1064,0,0,0,0,0,0,0,408,128,6,0,395,0,0,245,43.652,40.809,7.11,0,5.687,0.654,0.989,0,0,0,0,0,0,0,0.379,0.119,0.006,0,0.367,0,0,0.228,82,"West"
"07140","Rhein-Hunsrück-Kreis",78801,65801,65019,30143,23370,5688,0,3981,332,795,0,0,0,0,0,0,0,209,175,12,0,154,0,0,160,46.36,35.943,8.748,0,6.123,0.511,1.223,0,0,0,0,0,0,0,0.321,0.269,0.018,0,0.237,0,0,0.246,83.5,"West"
"07141","Rhein-Lahn-Kreis",97743,81287,80610,30980,38039,5248,0,4114,433,1077,0,0,0,0,0,0,0,281,150,9,0,125,0,0,154,38.432,47.189,6.51,0,5.104,0.537,1.336,0,0,0,0,0,0,0,0.349,0.186,0.011,0,0.155,0,0,0.191,83.2,"West"
"07143","Westerwaldkreis",143628,118759,117618,55085,45626,7681,0,6182,606,1362,0,0,0,0,0,0,0,428,215,14,0,152,0,0,267,46.834,38.792,6.53,0,5.256,0.515,1.158,0,0,0,0,0,0,0,0.364,0.183,0.012,0,0.129,0,0,0.227,82.7,"West"
"07211","Trier",76883,59729,59124,24718,23428,3731,0,5443,577,572,0,0,0,0,0,0,0,234,138,9,0,177,0,0,97,41.807,39.625,6.31,0,9.206,0.976,0.967,0,0,0,0,0,0,0,0.396,0.233,0.015,0,0.299,0,0,0.164,77.7,"West"
"07231","Bernkastel-Wittlich",87019,70749,69624,35102,23236,5371,0,3988,352,850,0,0,0,0,0,0,0,254,158,6,0,155,0,0,152,50.417,33.374,7.714,0,5.728,0.506,1.221,0,0,0,0,0,0,0,0.365,0.227,0.009,0,0.223,0,0,0.218,81.3,"West"
"07232","Eifelkreis Bitburg-Prüm",73408,59726,58757,29785,20349,4099,0,3085,226,455,0,0,0,0,0,0,0,256,98,7,0,290,0,0,107,50.692,34.632,6.976,0,5.25,0.385,0.774,0,0,0,0,0,0,0,0.436,0.167,0.012,0,0.494,0,0,0.182,81.4,"West"
"07233","Vulkaneifel",48222,39758,39162,22187,11564,2535,0,1963,165,346,0,0,0,0,0,0,0,144,61,10,0,116,0,0,71,56.654,29.529,6.473,0,5.013,0.421,0.884,0,0,0,0,0,0,0,0.368,0.156,0.026,0,0.296,0,0,0.181,82.4,"West"
"07235","Trier-Saarburg",104102,88225,86871,40788,34296,4643,0,4799,402,1003,0,0,0,0,0,0,0,303,232,12,0,224,0,0,169,46.952,39.479,5.345,0,5.524,0.463,1.155,0,0,0,0,0,0,0,0.349,0.267,0.014,0,0.258,0,0,0.195,84.7,"West"
"07311","Frankenthal",34559,28059,27660,12285,10589,1800,0,1562,214,881,0,0,0,0,0,0,0,94,104,3,0,49,0,0,79,44.414,38.283,6.508,0,5.647,0.774,3.185,0,0,0,0,0,0,0,0.34,0.376,0.011,0,0.177,0,0,0.286,81.2,"West"
"07312","Kaiserslautern",76301,58201,57443,22145,24555,3802,0,3994,516,1521,0,0,0,0,0,0,0,306,224,8,0,226,0,0,146,38.551,42.747,6.619,0,6.953,0.898,2.648,0,0,0,0,0,0,0,0.533,0.39,0.014,0,0.393,0,0,0.254,76.3,"West"
"07313","Landau in der Pfalz",29898,24032,23735,9768,9081,1795,0,2117,191,431,0,0,0,0,0,0,0,96,76,4,0,119,0,0,57,41.154,38.26,7.563,0,8.919,0.805,1.816,0,0,0,0,0,0,0,0.404,0.32,0.017,0,0.501,0,0,0.24,80.4,"West"
"07314","Ludwigshafen am Rhein",112858,90173,89076,35541,37623,5162,0,5597,810,3074,0,0,0,0,0,0,0,532,284,27,0,175,0,0,251,39.9,42.237,5.795,0,6.283,0.909,3.451,0,0,0,0,0,0,0,0.597,0.319,0.03,0,0.196,0,0,0.282,79.9,"West"
"07315","Mainz",130065,106114,105202,42025,37324,9183,0,11284,1264,2366,0,0,0,0,0,0,0,672,201,18,0,640,0,0,225,39.947,35.478,8.729,0,10.726,1.201,2.249,0,0,0,0,0,0,0,0.639,0.191,0.017,0,0.608,0,0,0.214,81.6,"West"
"07316","Neustadt an der Weinstraße",41683,34534,34082,16292,11138,2548,0,2385,268,761,0,0,0,0,0,0,0,125,109,5,0,384,0,0,67,47.802,32.68,7.476,0,6.998,0.786,2.233,0,0,0,0,0,0,0,0.367,0.32,0.015,0,1.127,0,0,0.197,82.8,"West"
"07317","Pirmasens",39099,28898,28535,11525,12696,1550,0,1329,171,820,0,0,0,0,0,0,0,154,126,5,0,78,0,0,81,40.389,44.493,5.432,0,4.657,0.599,2.874,0,0,0,0,0,0,0,0.54,0.442,0.018,0,0.273,0,0,0.284,73.9,"West"
"07318","Speyer",35990,28674,28319,12240,10446,1817,0,2178,284,840,0,0,0,0,0,0,0,125,78,2,0,242,0,0,67,43.222,36.887,6.416,0,7.691,1.003,2.966,0,0,0,0,0,0,0,0.441,0.275,0.007,0,0.855,0,0,0.237,79.7,"West"
"07319","Worms",59467,45998,45393,17408,19312,2985,0,3225,369,1535,0,0,0,0,0,0,0,185,151,7,0,101,0,0,115,38.35,42.544,6.576,0,7.105,0.813,3.382,0,0,0,0,0,0,0,0.408,0.333,0.015,0,0.223,0,0,0.253,77.4,"West"
"07320","Zweibrücken",28077,22101,21837,7743,10387,1511,0,1032,182,509,0,0,0,0,0,0,0,70,81,2,0,250,0,0,70,35.458,47.566,6.919,0,4.726,0.833,2.331,0,0,0,0,0,0,0,0.321,0.371,0.009,0,1.145,0,0,0.321,78.7,"West"
"07331","Alzey-Worms",85475,71621,70709,26035,30924,5409,0,5252,428,1879,0,0,0,0,0,0,0,252,185,8,0,132,0,0,205,36.82,43.734,7.65,0,7.428,0.605,2.657,0,0,0,0,0,0,0,0.356,0.262,0.011,0,0.187,0,0,0.29,83.8,"West"
"07332","Bad Dürkheim",99899,84390,83231,35618,32068,6495,0,5326,433,2171,0,0,0,0,0,0,0,312,270,7,0,333,0,0,198,42.794,38.529,7.804,0,6.399,0.52,2.608,0,0,0,0,0,0,0,0.375,0.324,0.008,0,0.4,0,0,0.238,84.5,"West"
"07333","Donnersbergkreis",56488,46313,45631,16210,21890,2831,0,2880,248,1062,0,0,0,0,0,0,0,156,125,6,0,138,0,0,85,35.524,47.972,6.204,0,6.311,0.543,2.327,0,0,0,0,0,0,0,0.342,0.274,0.013,0,0.302,0,0,0.186,82,"West"
"07334","Germersheim",84262,70666,69743,31693,25962,4378,0,4149,365,1917,0,0,0,0,0,0,0,233,196,19,0,673,0,0,158,45.443,37.225,6.277,0,5.949,0.523,2.749,0,0,0,0,0,0,0,0.334,0.281,0.027,0,0.965,0,0,0.227,83.9,"West"
"07335","Kaiserslautern",81327,67879,66800,28460,28974,3226,0,3234,306,1840,0,0,0,0,0,0,0,229,236,6,0,156,0,0,133,42.605,43.374,4.829,0,4.841,0.458,2.754,0,0,0,0,0,0,0,0.343,0.353,0.009,0,0.234,0,0,0.199,83.5,"West"
"07336","Kusel",62180,51009,50275,15147,27965,2245,0,2437,253,1642,0,0,0,0,0,0,0,190,173,9,0,112,0,0,102,30.128,55.624,4.465,0,4.847,0.503,3.266,0,0,0,0,0,0,0,0.378,0.344,0.018,0,0.223,0,0,0.203,82,"West"
"07337","Südliche Weinstraße",81384,69265,68139,31417,24636,4739,0,4574,371,1530,0,0,0,0,0,0,0,230,199,9,0,295,0,0,139,46.107,36.156,6.955,0,6.713,0.544,2.245,0,0,0,0,0,0,0,0.338,0.292,0.013,0,0.433,0,0,0.204,85.1,"West"
"07338","Rhein-Pfalz-Kreis",108373,94253,93106,42537,33765,6691,0,5750,474,2671,0,0,0,0,0,0,0,332,319,12,0,302,0,0,253,45.687,36.265,7.186,0,6.176,0.509,2.869,0,0,0,0,0,0,0,0.357,0.343,0.013,0,0.324,0,0,0.272,87,"West"
"07339","Mainz-Bingen",139876,118840,117572,48706,45060,10003,0,9429,994,2014,0,0,0,0,0,0,0,429,244,10,0,397,0,0,286,41.427,38.325,8.508,0,8.02,0.845,1.713,0,0,0,0,0,0,0,0.365,0.208,0.009,0,0.338,0,0,0.243,85,"West"
"07340","Südwestpfalz",82011,70146,68863,31754,26595,4241,0,3213,288,1750,0,0,0,0,0,0,0,259,294,10,0,301,0,0,158,46.112,38.62,6.159,0,4.666,0.418,2.541,0,0,0,0,0,0,0,0.376,0.427,0.015,0,0.437,0,0,0.229,85.5,"West"
"08111","Stuttgart",372622,299734,297117,108240,91781,37286,0,38977,3572,10153,831,0,31,0,0,227,0,2150,522,234,0,1832,655,0,626,36.43,30.891,12.549,0,13.118,1.202,3.417,0.28,0,0.01,0,0,0.076,0,0.724,0.176,0.079,0,0.617,0.22,0,0.211,80.4,"West"
"08115","Böblingen",235836,193772,192005,82043,55647,22686,0,19492,1275,6077,850,0,31,0,0,302,0,850,370,79,0,844,858,0,601,42.73,28.982,11.815,0,10.152,0.664,3.165,0.443,0,0.016,0,0,0.157,0,0.443,0.193,0.041,0,0.44,0.447,0,0.313,82.2,"West"
"08116","Esslingen",338704,279447,276775,117197,83768,31551,0,27185,1692,9179,956,0,21,0,0,299,0,1003,653,124,0,1300,1069,0,778,42.344,30.266,11.4,0,9.822,0.611,3.316,0.345,0,0.008,0,0,0.108,0,0.362,0.236,0.045,0,0.47,0.386,0,0.281,82.5,"West"
"08117","Göppingen",176878,140812,139157,57536,47173,13955,0,10767,763,5375,508,0,17,0,0,170,0,765,414,37,0,901,524,0,252,41.346,33.899,10.028,0,7.737,0.548,3.863,0.365,0,0.012,0,0,0.122,0,0.55,0.298,0.027,0,0.647,0.377,0,0.181,79.6,"West"
"08118","Ludwigsburg",331127,271596,268677,107399,83571,32197,0,27172,1755,9765,1032,0,34,0,0,220,0,1616,500,88,0,1184,1418,0,726,39.973,31.105,11.984,0,10.113,0.653,3.634,0.384,0,0.013,0,0,0.082,0,0.601,0.186,0.033,0,0.441,0.528,0,0.27,82,"West"
"08119","Rems-Murr-Kreis",277384,222817,220529,90818,66122,25122,0,20495,1444,8890,821,0,62,0,0,209,0,1038,460,83,0,2360,2005,0,600,41.182,29.983,11.392,0,9.294,0.655,4.031,0.372,0,0.028,0,0,0.095,0,0.471,0.209,0.038,0,1.07,0.909,0,0.272,80.3,"West"
"08121","Heilbronn",80959,63115,62279,24028,22732,5635,0,5001,443,3030,331,0,8,0,0,47,0,370,162,29,0,194,157,0,112,38.581,36.5,9.048,0,8.03,0.711,4.865,0.531,0,0.013,0,0,0.075,0,0.594,0.26,0.047,0,0.312,0.252,0,0.18,78,"West"
"08125","Heilbronn",210449,167955,165610,68226,54896,16733,0,13159,915,6842,941,0,16,0,0,235,0,720,420,45,0,1236,891,0,335,41.197,33.148,10.104,0,7.946,0.553,4.131,0.568,0,0.01,0,0,0.142,0,0.435,0.254,0.027,0,0.746,0.538,0,0.202,79.8,"West"
"08126","Hohenlohekreis",72963,57507,56725,24703,16689,6132,0,4587,317,2407,330,0,14,0,0,85,0,226,164,24,0,610,317,0,120,43.549,29.421,10.81,0,8.086,0.559,4.243,0.582,0,0.025,0,0,0.15,0,0.398,0.289,0.042,0,1.075,0.559,0,0.212,78.8,"West"
"08127","Schwäbisch Hall",128512,98819,97533,38643,32503,10501,0,8439,566,3298,411,0,17,0,0,126,0,400,187,37,0,1410,861,0,134,39.62,33.325,10.767,0,8.652,0.58,3.381,0.421,0,0.017,0,0,0.129,0,0.41,0.192,0.038,0,1.446,0.883,0,0.137,76.9,"West"
"08128","Main-Tauber-Kreis",100768,80439,79255,41227,21254,6346,0,5337,375,2475,326,0,25,0,0,201,0,198,201,6,0,861,301,0,122,52.018,26.817,8.007,0,6.734,0.473,3.123,0.411,0,0.032,0,0,0.254,0,0.25,0.254,0.008,0,1.086,0.38,0,0.154,79.8,"West"
"08135","Heidenheim",96268,76747,75510,30256,27637,5698,0,6018,472,3358,258,0,8,0,0,103,0,262,152,27,0,684,465,0,112,40.069,36.6,7.546,0,7.97,0.625,4.447,0.342,0,0.011,0,0,0.136,0,0.347,0.201,0.036,0,0.906,0.616,0,0.148,79.7,"West"
"08136","Ostalbkreis",220717,175907,173256,79995,55041,14192,0,13611,824,5588,700,0,25,0,0,302,0,713,308,49,0,985,602,0,321,46.172,31.769,8.191,0,7.856,0.476,3.225,0.404,0,0.014,0,0,0.174,0,0.412,0.178,0.028,0,0.569,0.347,0,0.185,79.7,"West"
"08211","Baden-Baden",39630,30966,30606,14280,8004,3904,0,2770,273,750,84,0,8,0,0,32,0,155,60,2,0,133,80,0,71,46.658,26.152,12.756,0,9.051,0.892,2.45,0.274,0,0.026,0,0,0.105,0,0.506,0.196,0.007,0,0.435,0.261,0,0.232,78.1,"West"
"08212","Karlsruhe",203359,158115,156007,60066,51502,16692,0,19054,2216,3232,441,0,24,0,0,120,0,861,219,56,0,739,433,0,352,38.502,33.013,10.7,0,12.214,1.42,2.072,0.283,0,0.015,0,0,0.077,0,0.552,0.14,0.036,0,0.474,0.278,0,0.226,77.8,"West"
"08215","Karlsruhe",292601,238538,234678,110286,72290,20171,0,18370,1573,6595,864,0,35,0,0,429,0,1120,439,57,0,860,1045,0,544,46.995,30.804,8.595,0,7.828,0.67,2.81,0.368,0,0.015,0,0,0.183,0,0.477,0.187,0.024,0,0.366,0.445,0,0.232,81.5,"West"
"08216","Rastatt",158940,123821,121660,60330,35989,9855,0,8542,656,3702,509,0,26,0,0,166,0,426,261,21,0,653,250,0,274,49.589,29.582,8.1,0,7.021,0.539,3.043,0.418,0,0.021,0,0,0.136,0,0.35,0.215,0.017,0,0.537,0.205,0,0.225,77.9,"West"
"08221","Heidelberg",94926,77026,76342,27534,23336,7511,0,14077,1282,1404,149,0,13,0,0,52,0,278,105,15,0,280,145,0,161,36.067,30.568,9.839,0,18.439,1.679,1.839,0.195,0,0.017,0,0,0.068,0,0.364,0.138,0.02,0,0.367,0.19,0,0.211,81.1,"West"
"08222","Mannheim",206485,157617,155788,59285,60030,11027,0,15035,2107,5705,571,0,31,0,0,76,0,771,239,40,0,232,229,0,410,38.055,38.533,7.078,0,9.651,1.352,3.662,0.367,0,0.02,0,0,0.049,0,0.495,0.153,0.026,0,0.149,0.147,0,0.263,76.3,"West"
"08225","Neckar-Odenwald-Kreis",105372,84085,82782,41389,25373,5913,0,5307,392,2589,357,0,19,0,0,137,0,185,160,14,0,623,193,0,131,49.998,30.65,7.143,0,6.411,0.474,3.127,0.431,0,0.023,0,0,0.165,0,0.223,0.193,0.017,0,0.753,0.233,0,0.158,79.8,"West"
"08226","Rhein-Neckar-Kreis",371567,309643,305682,130966,103441,27398,0,28363,2156,8130,1071,0,38,0,0,304,0,1029,458,41,0,1047,641,0,599,42.844,33.839,8.963,0,9.279,0.705,2.66,0.35,0,0.012,0,0,0.099,0,0.337,0.15,0.013,0,0.343,0.21,0,0.196,83.3,"West"
"08231","Pforzheim",80167,60458,59566,26161,18295,6059,0,4520,484,2697,240,0,13,0,0,67,0,346,115,24,0,163,195,0,187,43.919,30.714,10.172,0,7.588,0.813,4.528,0.403,0,0.022,0,0,0.112,0,0.581,0.193,0.04,0,0.274,0.327,0,0.314,75.4,"West"
"08235","Calw",105709,83367,82365,37581,22464,9331,0,6775,536,2949,379,0,14,0,0,168,0,424,168,22,0,485,862,0,207,45.627,27.274,11.329,0,8.226,0.651,3.58,0.46,0,0.017,0,0,0.204,0,0.515,0.204,0.027,0,0.589,1.047,0,0.251,78.9,"West"
"08236","Enzkreis",131264,106303,105034,42997,34103,10792,0,9008,633,4665,533,0,20,0,0,156,0,439,243,13,0,380,761,0,291,40.936,32.469,10.275,0,8.576,0.603,4.441,0.507,0,0.019,0,0,0.149,0,0.418,0.231,0.012,0,0.362,0.725,0,0.277,81,"West"
"08237","Freudenstadt",83070,63995,63138,29305,17626,7274,0,4238,389,2053,299,0,7,0,0,135,0,258,92,13,0,632,701,0,116,46.414,27.917,11.521,0,6.712,0.616,3.252,0.474,0,0.011,0,0,0.214,0,0.409,0.146,0.021,0,1.001,1.11,0,0.184,77,"West"
"08311","Freiburg im Breisgau",137569,109724,108517,34143,35349,8718,0,23811,2151,1541,215,0,13,0,0,77,0,798,173,44,0,1049,239,0,196,31.463,32.575,8.034,0,21.942,1.982,1.42,0.198,0,0.012,0,0,0.071,0,0.735,0.159,0.041,0,0.967,0.22,0,0.181,79.8,"West"
"08315","Breisgau-Hochschwarzwald",167135,134562,132786,56634,39820,12893,0,16825,924,2183,425,0,17,0,0,217,0,686,235,23,0,1116,553,0,235,42.651,29.988,9.71,0,12.671,0.696,1.644,0.32,0,0.013,0,0,0.163,0,0.517,0.177,0.017,0,0.84,0.416,0,0.177,80.5,"West"
"08316","Emmendingen",108208,85324,84090,32600,30212,7761,0,9331,597,1663,303,0,14,0,0,258,0,345,119,5,0,426,308,0,148,38.768,35.928,9.229,0,11.096,0.71,1.978,0.36,0,0.017,0,0,0.307,0,0.41,0.142,0.006,0,0.507,0.366,0,0.176,78.9,"West"
"08317","Ortenaukreis",290778,222976,218680,103881,66058,18090,0,18863,1386,5429,650,0,25,0,0,775,0,712,554,22,0,989,622,0,624,47.504,30.208,8.272,0,8.626,0.634,2.483,0.297,0,0.011,0,0,0.354,0,0.326,0.253,0.01,0,0.452,0.284,0,0.285,76.7,"West"
"08325","Rottweil",100522,78449,77152,37366,21143,7247,0,5141,386,2396,380,0,8,0,0,163,0,318,232,8,0,1767,428,0,169,48.432,27.404,9.393,0,6.663,0.5,3.106,0.493,0,0.01,0,0,0.211,0,0.412,0.301,0.01,0,2.29,0.555,0,0.219,78,"West"
"08326","Schwarzwald-Baar-Kreis",148010,114718,113230,51868,33413,11531,0,9657,665,3010,413,0,15,0,0,241,0,766,162,36,0,772,410,0,271,45.808,29.509,10.184,0,8.529,0.587,2.658,0.365,0,0.013,0,0,0.213,0,0.676,0.143,0.032,0,0.682,0.362,0,0.239,77.5,"West"
"08327","Tuttlingen",90087,71322,70178,35689,18797,6722,0,5040,350,1762,331,0,12,0,0,120,0,234,186,10,0,539,254,0,132,50.855,26.785,9.579,0,7.182,0.499,2.511,0.472,0,0.017,0,0,0.171,0,0.333,0.265,0.014,0,0.768,0.362,0,0.188,79.2,"West"
"08335","Konstanz",182435,141896,140336,61464,42888,13831,0,14744,1271,2894,606,0,18,0,0,226,0,632,254,21,0,712,335,0,440,43.798,30.561,9.856,0,10.506,0.906,2.062,0.432,0,0.013,0,0,0.161,0,0.45,0.181,0.015,0,0.507,0.239,0,0.314,77.8,"West"
"08336","Lörrach",150398,115065,113694,44300,41247,10123,0,11427,982,2467,410,0,18,0,0,124,0,729,214,48,0,458,908,0,239,38.964,36.279,8.904,0,10.051,0.864,2.17,0.361,0,0.016,0,0,0.109,0,0.641,0.188,0.042,0,0.403,0.799,0,0.21,76.5,"West"
"08337","Waldshut",113755,86826,85518,40343,23903,8290,0,7758,530,1867,291,0,20,0,0,90,0,500,127,11,0,1214,426,0,148,47.175,27.951,9.694,0,9.072,0.62,2.183,0.34,0,0.023,0,0,0.105,0,0.585,0.149,0.013,0,1.42,0.498,0,0.173,76.3,"West"
"08415","Reutlingen",187353,152592,150621,65123,44889,17310,0,12964,1108,5139,541,0,16,0,0,202,0,876,305,80,0,814,961,0,293,43.236,29.803,11.492,0,8.607,0.736,3.412,0.359,0,0.011,0,0,0.134,0,0.582,0.202,0.053,0,0.54,0.638,0,0.195,81.4,"West"
"08416","Tübingen",134380,111787,110691,40538,34422,11473,0,16665,1726,3421,376,0,28,0,0,157,0,405,235,69,0,584,450,0,142,36.623,31.097,10.365,0,15.055,1.559,3.091,0.34,0,0.025,0,0,0.142,0,0.366,0.212,0.062,0,0.528,0.407,0,0.128,83.2,"West"
"08417","Zollernalbkreis",137249,106905,105202,47054,31676,12749,0,6381,463,4042,478,0,31,0,0,204,0,637,165,166,0,605,347,0,204,44.727,30.11,12.119,0,6.065,0.44,3.842,0.454,0,0.029,0,0,0.194,0,0.606,0.157,0.158,0,0.575,0.33,0,0.194,77.9,"West"
"08421","Ulm",77302,61822,61066,23907,20771,6227,0,6424,568,1724,185,0,9,0,0,67,0,333,166,42,0,377,167,0,99,39.149,34.014,10.197,0,10.52,0.93,2.823,0.303,0,0.015,0,0,0.11,0,0.545,0.272,0.069,0,0.617,0.273,0,0.162,80,"West"
"08425","Alb-Donau-Kreis",125627,102675,101111,50286,27647,9130,0,7512,459,2893,447,0,10,0,0,201,0,357,229,23,0,1216,536,0,165,49.733,27.343,9.03,0,7.429,0.454,2.861,0.442,0,0.01,0,0,0.199,0,0.353,0.226,0.023,0,1.203,0.53,0,0.163,81.7,"West"
"08426","Biberach",125334,99981,98555,54903,21106,6898,0,7729,433,3427,429,0,21,0,0,445,0,376,415,25,0,1817,302,0,229,55.708,21.415,6.999,0,7.842,0.439,3.477,0.435,0,0.021,0,0,0.452,0,0.382,0.421,0.025,0,1.844,0.306,0,0.232,79.8,"West"
"08435","Bodenseekreis",137726,108819,107673,50621,28692,10877,0,10448,703,2600,412,0,14,0,0,219,0,470,217,21,0,1781,239,0,359,47.014,26.647,10.102,0,9.703,0.653,2.415,0.383,0,0.013,0,0,0.203,0,0.437,0.202,0.02,0,1.654,0.222,0,0.333,79,"West"
"08436","Ravensburg",184077,143847,142125,71896,33933,11016,0,12777,876,4301,594,0,18,0,0,460,0,699,417,35,0,4167,507,0,429,50.586,23.875,7.751,0,8.99,0.616,3.026,0.418,0,0.013,0,0,0.324,0,0.492,0.293,0.025,0,2.932,0.357,0,0.302,78.1,"West"
"08437","Sigmaringen",90775,70688,69523,38810,15359,5887,0,4986,306,2137,255,0,8,0,0,158,0,347,128,32,0,680,310,0,120,55.823,22.092,8.468,0,7.172,0.44,3.074,0.367,0,0.012,0,0,0.227,0,0.499,0.184,0.046,0,0.978,0.446,0,0.173,77.9,"West"
"09161","Ingolstadt",78741,57352,56730,0,17403,2874,29628,2905,331,2157,0,327,14,0,28,45,0,137,46,5,140,538,90,0,62,0,30.677,5.066,52.226,5.121,0.583,3.802,0,0.576,0.025,0,0.049,0.079,0,0.241,0.081,0.009,0.247,0.948,0.159,0,0.109,72.8,"West"
"09162","München",847667,632805,630240,0,206048,57390,262704,63931,7723,15821,0,3528,230,0,302,274,0,2575,885,87,2552,4727,368,0,1095,0,32.694,9.106,41.683,10.144,1.225,2.51,0,0.56,0.036,0,0.048,0.043,0,0.409,0.14,0.014,0.405,0.75,0.058,0,0.174,74.7,"West"
"09163","Rosenheim",40961,29015,28802,0,7075,1927,14897,2043,154,1478,0,379,7,0,23,10,0,167,40,3,137,356,40,0,66,0,24.564,6.691,51.722,7.093,0.535,5.132,0,1.316,0.024,0,0.08,0.035,0,0.58,0.139,0.01,0.476,1.236,0.139,0,0.229,70.8,"West"
"09171","Altötting",77962,59338,58894,0,14112,2978,34835,2583,217,1776,0,913,34,0,59,52,0,121,139,5,189,797,27,0,57,0,23.962,5.057,59.149,4.386,0.368,3.016,0,1.55,0.058,0,0.1,0.088,0,0.205,0.236,0.008,0.321,1.353,0.046,0,0.097,76.1,"West"
"09172","Berchtesgadener Land",72013,54293,53820,0,11819,3167,31713,3432,187,1641,0,402,1,0,183,39,0,148,53,5,200,709,62,0,59,0,21.96,5.884,58.924,6.377,0.347,3.049,0,0.747,0.002,0,0.34,0.072,0,0.275,0.098,0.009,0.372,1.317,0.115,0,0.11,75.4,"West"
"09173","Bad Tölz-Wolfratshausen",80701,62928,62558,0,12270,4545,37221,4345,241,1601,0,743,6,0,46,33,0,151,112,15,260,797,47,0,125,0,19.614,7.265,59.498,6.946,0.385,2.559,0,1.188,0.01,0,0.074,0.053,0,0.241,0.179,0.024,0.416,1.274,0.075,0,0.2,78,"West"
"09174","Dachau",86457,67920,67480,0,16055,4166,38036,3906,296,2511,0,555,10,0,43,42,0,167,82,9,285,1134,53,0,130,0,23.792,6.174,56.366,5.788,0.439,3.721,0,0.822,0.015,0,0.064,0.062,0,0.247,0.122,0.013,0.422,1.68,0.079,0,0.193,78.6,"West"
"09175","Ebersberg",79678,64745,64385,0,15863,5813,33799,4931,370,1402,0,672,30,0,58,42,0,171,105,2,232,720,42,0,133,0,24.638,9.029,52.495,7.659,0.575,2.178,0,1.044,0.047,0,0.09,0.065,0,0.266,0.163,0.003,0.36,1.118,0.065,0,0.207,81.3,"West"
"09176","Eichstätt",79809,65100,64459,0,17818,2488,37527,2985,208,1813,0,423,20,0,74,58,0,99,64,6,128,622,56,0,70,0,27.642,3.86,58.218,4.631,0.323,2.813,0,0.656,0.031,0,0.115,0.09,0,0.154,0.099,0.009,0.199,0.965,0.087,0,0.109,81.6,"West"
"09177","Erding",73923,56164,55721,0,12278,3131,32125,2912,290,2070,0,786,8,0,90,59,0,156,52,5,226,1436,21,0,76,0,22.035,5.619,57.653,5.226,0.52,3.715,0,1.411,0.014,0,0.162,0.106,0,0.28,0.093,0.009,0.406,2.577,0.038,0,0.136,76,"West"
"09178","Freising",96398,73992,73502,0,17378,4808,39661,6214,446,1928,0,776,8,0,56,37,0,258,69,7,350,1288,81,0,137,0,23.643,6.541,53.959,8.454,0.607,2.623,0,1.056,0.011,0,0.076,0.05,0,0.351,0.094,0.01,0.476,1.752,0.11,0,0.186,76.8,"West"
"09179","Fürstenfeldbruck",138454,111339,110786,0,30617,9662,54743,8720,670,2696,0,897,15,0,67,43,0,384,154,4,490,1279,81,0,264,0,27.636,8.721,49.413,7.871,0.605,2.434,0,0.81,0.014,0,0.06,0.039,0,0.347,0.139,0.004,0.442,1.154,0.073,0,0.238,80.4,"West"
"09180","Garmisch-Partenkirchen",63791,49200,48884,0,7549,3992,31182,2569,149,1300,0,501,10,0,39,26,0,133,61,2,222,1068,30,0,51,0,15.443,8.166,63.788,5.255,0.305,2.659,0,1.025,0.02,0,0.08,0.053,0,0.272,0.125,0.004,0.454,2.185,0.061,0,0.104,77.1,"West"
"09181","Landsberg am Lech",71294,54622,54294,0,12746,3858,29627,4152,201,1213,0,928,8,0,67,48,0,137,65,7,204,872,48,0,113,0,23.476,7.106,54.568,7.647,0.37,2.234,0,1.709,0.015,0,0.123,0.088,0,0.252,0.12,0.013,0.376,1.606,0.088,0,0.208,76.6,"West"
"09182","Miesbach",65907,51446,51103,0,10709,4256,29651,2859,176,1713,0,545,12,0,46,34,0,125,82,8,240,510,35,0,102,0,20.956,8.328,58.022,5.595,0.344,3.352,0,1.066,0.023,0,0.09,0.067,0,0.245,0.16,0.016,0.47,0.998,0.068,0,0.2,78.1,"West"
"09183","Mühldorf a.Inn",77643,57219,56767,0,12153,2955,34329,2451,172,2020,0,1228,69,0,92,84,0,141,118,2,185,642,34,0,92,0,21.409,5.205,60.474,4.318,0.303,3.558,0,2.163,0.122,0,0.162,0.148,0,0.248,0.208,0.004,0.326,1.131,0.06,0,0.162,73.7,"West"
"09184","München",201957,164973,164059,0,44273,19423,77637,13453,1115,3369,0,954,18,0,179,54,0,455,154,9,670,1910,85,0,301,0,26.986,11.839,47.323,8.2,0.68,2.054,0,0.581,0.011,0,0.109,0.033,0,0.277,0.094,0.005,0.408,1.164,0.052,0,0.183,81.7,"West"
"09185","Neuburg-Schrobenhausen",62995,47036,46615,0,11811,2151,27751,2028,111,1532,0,350,5,0,28,35,0,112,47,4,119,440,39,0,52,0,25.337,4.614,59.532,4.351,0.238,3.286,0,0.751,0.011,0,0.06,0.075,0,0.24,0.101,0.009,0.255,0.944,0.084,0,0.112,74.7,"West"
"09186","Pfaffenhofen a.d.Ilm",75612,57156,56745,0,14528,2841,32609,2736,276,1936,0,442,7,0,33,27,0,158,37,4,177,798,51,0,85,0,25.602,5.007,57.466,4.822,0.486,3.412,0,0.779,0.012,0,0.058,0.048,0,0.278,0.065,0.007,0.312,1.406,0.09,0,0.15,75.6,"West"
"09187","Rosenheim",160775,123237,122416,0,24535,8537,70620,7722,463,4898,0,1982,22,0,116,119,0,532,175,10,500,1873,109,0,203,0,20.042,6.974,57.689,6.308,0.378,4.001,0,1.619,0.018,0,0.095,0.097,0,0.435,0.143,0.008,0.408,1.53,0.089,0,0.166,76.7,"West"
"09188","Starnberg",88811,73127,72754,0,16340,10254,35805,6517,421,1258,0,549,6,0,35,23,0,137,133,7,260,847,35,0,127,0,22.459,14.094,49.214,8.958,0.579,1.729,0,0.755,0.008,0,0.048,0.032,0,0.188,0.183,0.01,0.357,1.164,0.048,0,0.175,82.3,"West"
"09189","Traunstein",120719,92153,91304,0,21101,5271,51645,5789,335,2630,0,1723,11,0,305,85,0,267,81,8,376,1537,51,0,89,0,23.111,5.773,56.564,6.34,0.367,2.88,0,1.887,0.012,0,0.334,0.093,0,0.292,0.089,0.009,0.412,1.683,0.056,0,0.097,76.3,"West"
"09190","Weilheim-Schongau",87975,68369,67881,0,17024,3978,37440,4298,303,1792,0,1200,12,0,67,47,0,193,84,9,276,969,51,0,138,0,25.079,5.86,55.155,6.332,0.446,2.64,0,1.768,0.018,0,0.099,0.069,0,0.284,0.124,0.013,0.407,1.427,0.075,0,0.203,77.7,"West"
"09261","Landshut",45874,33808,33503,0,9321,2074,17585,2359,194,855,0,201,5,0,17,25,0,188,32,2,113,447,26,0,59,0,27.821,6.19,52.488,7.041,0.579,2.552,0,0.6,0.015,0,0.051,0.075,0,0.561,0.096,0.006,0.337,1.334,0.078,0,0.176,73.7,"West"
"09262","Passau",39203,28508,28348,0,8038,2588,14438,1687,147,623,0,116,5,0,7,13,0,70,28,2,67,456,25,0,38,0,28.355,9.129,50.931,5.951,0.519,2.198,0,0.409,0.018,0,0.025,0.046,0,0.247,0.099,0.007,0.236,1.609,0.088,0,0.134,72.7,"West"
"09263","Straubing",33883,22921,22763,0,6243,1195,12954,732,107,681,0,131,4,0,7,6,0,53,39,1,60,512,21,0,17,0,27.426,5.25,56.908,3.216,0.47,2.992,0,0.575,0.018,0,0.031,0.026,0,0.233,0.171,0.004,0.264,2.249,0.092,0,0.075,67.6,"West"
"09271","Deggendorf",83359,58006,57509,0,15004,2593,33454,2152,155,2361,0,577,6,0,18,33,0,93,52,4,217,648,82,0,60,0,26.09,4.509,58.172,3.742,0.27,4.105,0,1.003,0.01,0,0.031,0.057,0,0.162,0.09,0.007,0.377,1.127,0.143,0,0.104,69.6,"West"
"09272","Freyung-Grafenau",62111,41848,41484,0,12412,1451,23674,1246,78,1386,0,389,2,0,19,27,0,65,28,4,98,538,42,0,25,0,29.92,3.498,57.068,3.004,0.188,3.341,0,0.938,0.005,0,0.046,0.065,0,0.157,0.067,0.01,0.236,1.297,0.101,0,0.06,67.4,"West"
"09273","Kelheim",75173,55805,55275,0,16483,2543,30233,2266,217,1972,0,341,2,0,20,46,0,133,53,3,152,743,26,0,42,0,29.82,4.601,54.696,4.1,0.393,3.568,0,0.617,0.004,0,0.036,0.083,0,0.241,0.096,0.005,0.275,1.344,0.047,0,0.076,74.2,"West"
"09274","Landshut",97402,73074,72431,0,17958,4029,40704,3713,268,2486,0,867,14,0,39,74,0,222,81,1,268,1595,41,0,71,0,24.793,5.563,56.197,5.126,0.37,3.432,0,1.197,0.019,0,0.054,0.102,0,0.306,0.112,0.001,0.37,2.202,0.057,0,0.098,75,"West"
"09275","Passau",135127,96638,95567,0,27536,4594,53490,3421,227,2994,0,783,17,0,28,117,0,176,78,9,275,1661,62,0,99,0,28.813,4.807,55.971,3.58,0.238,3.133,0,0.819,0.018,0,0.029,0.122,0,0.184,0.082,0.009,0.288,1.738,0.065,0,0.104,71.5,"West"
"09276","Regen",62513,42932,42455,0,12302,1436,24056,1450,87,1988,0,320,2,0,19,19,0,75,57,1,96,479,44,0,24,0,28.977,3.382,56.662,3.415,0.205,4.683,0,0.754,0.005,0,0.045,0.045,0,0.177,0.134,0.002,0.226,1.128,0.104,0,0.057,68.7,"West"
"09277","Rottal-Inn",86600,61082,60438,0,13940,2771,36611,2114,179,2402,0,667,8,0,27,101,0,77,66,2,174,1226,26,0,47,0,23.065,4.585,60.576,3.498,0.296,3.974,0,1.104,0.013,0,0.045,0.167,0,0.127,0.109,0.003,0.288,2.029,0.043,0,0.078,70.5,"West"
"09278","Straubing-Bogen",67242,50963,50430,0,11659,2553,30517,1258,114,1803,0,602,6,0,25,40,0,77,59,6,167,1467,39,0,38,0,23.119,5.062,60.514,2.495,0.226,3.575,0,1.194,0.012,0,0.05,0.079,0,0.153,0.117,0.012,0.331,2.909,0.077,0,0.075,75.8,"West"
"09279","Dingolfing-Landau",63460,45925,45488,0,12165,1769,26467,1611,136,1532,0,433,5,0,16,25,0,83,32,5,162,988,18,0,41,0,26.743,3.889,58.185,3.542,0.299,3.368,0,0.952,0.011,0,0.035,0.055,0,0.182,0.07,0.011,0.356,2.172,0.04,0,0.09,72.4,"West"
"09361","Amberg",33542,24865,24677,0,8946,1339,11668,1296,119,675,0,122,7,0,18,18,0,72,17,3,60,254,35,0,28,0,36.252,5.426,47.283,5.252,0.482,2.735,0,0.494,0.028,0,0.073,0.073,0,0.292,0.069,0.012,0.243,1.029,0.142,0,0.113,74.1,"West"
"09362","Regensburg",95566,70828,70360,0,20944,3794,35979,5353,675,1588,0,321,17,0,20,33,0,339,140,7,179,873,42,0,56,0,29.767,5.392,51.136,7.608,0.959,2.257,0,0.456,0.024,0,0.028,0.047,0,0.482,0.199,0.01,0.254,1.241,0.06,0,0.08,74.1,"West"
"09363","Weiden i.d.OPf.",34377,25672,25469,0,9727,1184,12353,955,147,507,0,81,5,0,5,14,0,66,19,3,92,266,22,0,23,0,38.192,4.649,48.502,3.75,0.577,1.991,0,0.318,0.02,0,0.02,0.055,0,0.259,0.075,0.012,0.361,1.044,0.086,0,0.09,74.7,"West"
"09371","Amberg-Sulzbach",79047,62322,61699,0,22945,2528,30193,2616,205,1551,0,312,6,0,30,55,0,89,46,6,155,831,66,0,65,0,37.189,4.097,48.936,4.24,0.332,2.514,0,0.506,0.01,0,0.049,0.089,0,0.144,0.075,0.01,0.251,1.347,0.107,0,0.105,78.8,"West"
"09372","Cham",97471,68435,67678,0,19457,2372,38806,2131,146,2438,0,523,6,0,37,71,0,140,351,5,194,839,82,0,80,0,28.749,3.505,57.339,3.149,0.216,3.602,0,0.773,0.009,0,0.055,0.105,0,0.207,0.519,0.007,0.287,1.24,0.121,0,0.118,70.2,"West"
"09373","Neumarkt i.d.OPf.",87078,69423,68757,0,16848,3131,42463,2811,233,1557,0,429,12,0,22,54,0,127,68,3,184,671,78,0,66,0,24.504,4.554,61.758,4.088,0.339,2.264,0,0.624,0.017,0,0.032,0.079,0,0.185,0.099,0.004,0.268,0.976,0.113,0,0.096,79.7,"West"
"09374","Neustadt a.d.Waldnaab",74304,59465,58852,0,22151,2131,30090,1566,152,1357,0,294,5,0,20,63,0,99,34,1,116,685,37,0,51,0,37.638,3.621,51.128,2.661,0.258,2.306,0,0.5,0.008,0,0.034,0.107,0,0.168,0.058,0.002,0.197,1.164,0.063,0,0.087,80,"West"
"09375","Regensburg",124093,96309,95387,0,28760,4439,51460,4175,356,3036,0,591,59,0,35,58,0,266,184,15,292,1495,52,0,114,0,30.151,4.654,53.949,4.377,0.373,3.183,0,0.62,0.062,0,0.037,0.061,0,0.279,0.193,0.016,0.306,1.567,0.055,0,0.12,77.6,"West"
"09376","Schwandorf",108160,82770,81806,0,31237,2528,40574,2743,249,2332,0,352,12,0,36,57,0,149,120,7,258,1010,58,0,84,0,38.184,3.09,49.598,3.353,0.304,2.851,0,0.43,0.015,0,0.044,0.07,0,0.182,0.147,0.009,0.315,1.235,0.071,0,0.103,76.5,"West"
"09377","Tirschenreuth",62347,49346,48854,0,16600,1885,26738,1380,107,975,0,229,6,0,30,47,0,83,55,2,136,513,18,0,50,0,33.979,3.858,54.73,2.825,0.219,1.996,0,0.469,0.012,0,0.061,0.096,0,0.17,0.113,0.004,0.278,1.05,0.037,0,0.102,79.1,"West"
"09461","Bamberg",54075,40375,40135,0,11687,3078,19410,3452,298,1036,0,189,11,0,16,31,0,189,27,11,121,476,40,0,63,0,29.119,7.669,48.362,8.601,0.742,2.581,0,0.471,0.027,0,0.04,0.077,0,0.471,0.067,0.027,0.301,1.186,0.1,0,0.157,74.7,"West"
"09462","Bayreuth",56903,42753,42421,0,15500,3253,18124,3101,267,1069,0,110,7,0,14,23,0,117,41,5,171,443,77,0,99,0,36.539,7.668,42.724,7.31,0.629,2.52,0,0.259,0.017,0,0.033,0.054,0,0.276,0.097,0.012,0.403,1.044,0.182,0,0.233,75.1,"West"
"09463","Coburg",34037,25997,25853,0,9961,1813,11512,1549,170,400,0,36,2,0,10,9,0,51,17,8,72,152,67,0,24,0,38.529,7.013,44.529,5.992,0.658,1.547,0,0.139,0.008,0,0.039,0.035,0,0.197,0.066,0.031,0.278,0.588,0.259,0,0.093,76.4,"West"
"09464","Hof",39880,29273,29069,0,11042,1391,13866,1204,153,784,0,82,5,0,13,22,0,72,15,2,148,92,156,0,22,0,37.985,4.785,47.7,4.142,0.526,2.697,0,0.282,0.017,0,0.045,0.076,0,0.248,0.052,0.007,0.509,0.316,0.537,0,0.076,73.4,"West"
"09471","Bamberg",101158,80215,79565,0,21320,4004,45461,3871,314,2154,0,655,6,0,48,68,0,208,77,21,209,908,136,0,105,0,26.796,5.032,57.137,4.865,0.395,2.707,0,0.823,0.008,0,0.06,0.085,0,0.261,0.097,0.026,0.263,1.141,0.171,0,0.132,79.3,"West"
"09472","Bayreuth",82145,64500,63942,0,22845,2940,31850,2773,177,1765,0,320,7,0,33,57,0,132,54,2,226,573,79,0,109,0,35.728,4.598,49.811,4.337,0.277,2.76,0,0.5,0.011,0,0.052,0.089,0,0.206,0.084,0.003,0.353,0.896,0.124,0,0.17,78.5,"West"
"09473","Coburg",68895,55932,55504,0,22741,2782,25240,2635,228,1039,0,122,6,0,9,13,0,82,37,18,125,295,72,0,60,0,40.972,5.012,45.474,4.747,0.411,1.872,0,0.22,0.011,0,0.016,0.023,0,0.148,0.067,0.032,0.225,0.531,0.13,0,0.108,81.2,"West"
"09474","Forchheim",80841,64861,64370,0,17546,3992,35267,3494,280,2201,0,308,5,0,32,47,0,160,53,5,208,551,147,0,74,0,27.258,6.202,54.788,5.428,0.435,3.419,0,0.478,0.008,0,0.05,0.073,0,0.249,0.082,0.008,0.323,0.856,0.228,0,0.115,80.2,"West"
"09475","Hof",86932,68909,68479,0,27384,2642,32836,2312,283,1493,0,198,9,0,27,59,0,143,36,2,274,342,381,0,58,0,39.989,3.858,47.95,3.376,0.413,2.18,0,0.289,0.013,0,0.039,0.086,0,0.209,0.053,0.003,0.4,0.499,0.556,0,0.085,79.3,"West"
"09476","Kronach",61026,49857,49440,0,19797,1537,25042,1439,133,825,0,91,3,0,14,26,0,68,28,6,105,167,104,0,55,0,40.042,3.109,50.651,2.911,0.269,1.669,0,0.184,0.006,0,0.028,0.053,0,0.138,0.057,0.012,0.212,0.338,0.21,0,0.111,81.7,"West"
"09477","Kulmbach",61371,48871,48219,0,20322,1801,21627,2043,186,1422,0,134,6,0,26,33,0,86,21,3,130,272,67,0,40,0,42.145,3.735,44.852,4.237,0.386,2.949,0,0.278,0.012,0,0.054,0.068,0,0.178,0.044,0.006,0.27,0.564,0.139,0,0.083,79.6,"West"
"09478","Lichtenfels",53798,42582,42274,0,13858,1781,22707,2108,101,876,0,198,2,0,9,33,0,71,45,1,140,201,102,0,41,0,32.781,4.213,53.714,4.987,0.239,2.072,0,0.468,0.005,0,0.021,0.078,0,0.168,0.106,0.002,0.331,0.475,0.241,0,0.097,79.2,"West"
"09479","Wunsiedel i.Fichtelgebirge",70787,55298,54816,0,24019,2135,24238,1888,241,1249,0,216,7,0,15,27,0,89,28,4,235,290,65,0,70,0,43.817,3.895,44.217,3.444,0.44,2.279,0,0.394,0.013,0,0.027,0.049,0,0.162,0.051,0.007,0.429,0.529,0.119,0,0.128,78.1,"West"
"09561","Ansbach",30015,22748,22589,0,8113,1239,10456,1360,111,443,0,67,3,0,8,10,0,67,15,3,65,567,32,0,30,0,35.916,5.485,46.288,6.021,0.491,1.961,0,0.297,0.013,0,0.035,0.044,0,0.297,0.066,0.013,0.288,2.51,0.142,0,0.133,75.8,"West"
"09562","Erlangen",73340,59229,58988,0,20157,6074,23315,6262,544,962,0,127,6,0,22,29,0,251,39,16,187,777,120,0,100,0,34.171,10.297,39.525,10.616,0.922,1.631,0,0.215,0.01,0,0.037,0.049,0,0.426,0.066,0.027,0.317,1.317,0.203,0,0.17,80.8,"West"
"09563","Fürth",77566,56901,56482,0,22124,3782,22524,4046,532,2053,0,125,5,0,15,27,0,249,45,14,248,469,96,0,128,0,39.17,6.696,39.878,7.163,0.942,3.635,0,0.221,0.009,0,0.027,0.048,0,0.441,0.08,0.025,0.439,0.83,0.17,0,0.227,73.4,"West"
"09564","Nürnberg",354624,273329,271608,0,104506,17229,112672,19874,3020,8236,0,546,37,0,69,160,0,1156,233,75,1081,1757,416,0,541,0,38.477,6.343,41.483,7.317,1.112,3.032,0,0.201,0.014,0,0.025,0.059,0,0.426,0.086,0.028,0.398,0.647,0.153,0,0.199,77.1,"West"
"09565","Schwabach",28210,21677,21538,0,7665,1555,9598,1539,123,579,0,53,1,0,6,9,0,57,19,0,93,169,35,0,37,0,35.588,7.22,44.563,7.146,0.571,2.688,0,0.246,0.005,0,0.028,0.042,0,0.265,0.088,0,0.432,0.785,0.163,0,0.172,76.8,"West"
"09571","Ansbach",129356,101638,100756,0,30065,5782,51804,5776,379,2875,0,350,9,0,65,128,0,215,73,21,294,2515,277,0,128,0,29.839,5.739,51.415,5.733,0.376,2.853,0,0.347,0.009,0,0.065,0.127,0,0.213,0.072,0.021,0.292,2.496,0.275,0,0.127,78.6,"West"
"09572","Erlangen-Höchstadt",90077,73553,73096,0,23810,6244,33980,5074,393,1638,0,257,12,0,21,45,0,210,56,14,261,808,139,0,134,0,32.574,8.542,46.487,6.942,0.538,2.241,0,0.352,0.016,0,0.029,0.062,0,0.287,0.077,0.019,0.357,1.105,0.19,0,0.183,81.7,"West"
"09573","Fürth",81593,66786,66411,0,24247,5106,29313,3925,379,1840,0,177,13,0,24,37,0,168,50,8,255,625,137,0,107,0,36.511,7.688,44.139,5.91,0.571,2.771,0,0.267,0.02,0,0.036,0.056,0,0.253,0.075,0.012,0.384,0.941,0.206,0,0.161,81.9,"West"
"09574","Nürnberger Land",124077,100386,99797,0,37011,7024,43691,6540,468,2746,0,293,6,0,31,76,0,217,73,15,375,862,193,0,176,0,37.086,7.038,43.78,6.553,0.469,2.752,0,0.294,0.006,0,0.031,0.076,0,0.217,0.073,0.015,0.376,0.864,0.193,0,0.176,80.9,"West"
"09575","Neustadt a.d.Aisch-Bad Windsheim",71162,54747,54326,0,16187,3593,27845,2948,214,1638,0,196,7,0,30,61,0,91,35,11,157,1152,91,0,70,0,29.796,6.614,51.255,5.426,0.394,3.015,0,0.361,0.013,0,0.055,0.112,0,0.168,0.064,0.02,0.289,2.121,0.168,0,0.129,76.9,"West"
"09576","Roth",88257,71563,71134,0,22615,4264,36450,3946,291,1658,0,295,12,0,40,51,0,180,81,8,298,739,79,0,127,0,31.792,5.994,51.241,5.547,0.409,2.331,0,0.415,0.017,0,0.056,0.072,0,0.253,0.114,0.011,0.419,1.039,0.111,0,0.179,81.1,"West"
"09577","Weißenburg-Gunzenhausen",70092,54104,53694,0,18058,2969,26864,2705,160,1464,0,162,10,0,42,50,0,74,63,5,131,799,83,0,55,0,33.631,5.529,50.032,5.038,0.298,2.727,0,0.302,0.019,0,0.078,0.093,0,0.138,0.117,0.009,0.244,1.488,0.155,0,0.102,77.2,"West"
"09661","Aschaffenburg",47877,35369,34997,0,11125,2364,16402,2861,296,1242,0,79,3,0,21,30,0,102,43,8,97,214,34,0,76,0,31.788,6.755,46.867,8.175,0.846,3.549,0,0.226,0.009,0,0.06,0.086,0,0.291,0.123,0.023,0.277,0.611,0.097,0,0.217,73.9,"West"
"09662","Schweinfurt",41149,31370,31126,0,11639,1697,14331,1673,243,903,0,45,0,0,8,22,0,136,27,17,104,198,40,0,43,0,37.393,5.452,46.042,5.375,0.781,2.901,0,0.145,0,0,0.026,0.071,0,0.437,0.087,0.055,0.334,0.636,0.129,0,0.138,76.2,"West"
"09663","Würzburg",96433,75181,74741,0,23790,5687,33234,7436,594,1762,0,177,18,0,32,41,0,433,54,4,243,997,129,0,110,0,31.83,7.609,44.466,9.949,0.795,2.357,0,0.237,0.024,0,0.043,0.055,0,0.579,0.072,0.005,0.325,1.334,0.173,0,0.147,78,"West"
"09671","Aschaffenburg",124779,100463,99463,0,30207,6045,50532,7073,526,2753,0,272,10,0,82,88,0,212,103,13,372,895,48,0,232,0,30.37,6.078,50.805,7.111,0.529,2.768,0,0.273,0.01,0,0.082,0.088,0,0.213,0.104,0.013,0.374,0.9,0.048,0,0.233,80.5,"West"
"09672","Bad Kissingen",83669,66494,65824,0,16243,4030,38917,3373,223,1605,0,188,8,0,17,88,0,193,43,3,191,514,107,0,81,0,24.676,6.122,59.123,5.124,0.339,2.438,0,0.286,0.012,0,0.026,0.134,0,0.293,0.065,0.005,0.29,0.781,0.163,0,0.123,79.5,"West"
"09673","Rhön-Grabfeld",63836,51194,50802,0,11627,2792,31256,2924,229,1003,0,136,1,0,30,76,0,121,56,8,130,303,58,0,52,0,22.887,5.496,61.525,5.756,0.451,1.974,0,0.268,0.002,0,0.059,0.15,0,0.238,0.11,0.016,0.256,0.596,0.114,0,0.102,80.2,"West"
"09674","Haßberge",65654,52915,52454,0,16596,3190,27525,2513,183,1217,0,165,4,0,16,46,0,110,29,3,195,574,44,0,44,0,31.639,6.082,52.475,4.791,0.349,2.32,0,0.315,0.008,0,0.031,0.088,0,0.21,0.055,0.006,0.372,1.094,0.084,0,0.084,80.6,"West"
"09675","Kitzingen",64377,49662,49321,0,14730,2987,25749,2631,175,1448,0,175,10,0,27,54,0,116,37,4,180,792,146,0,60,0,29.866,6.056,52.207,5.334,0.355,2.936,0,0.355,0.02,0,0.055,0.109,0,0.235,0.075,0.008,0.365,1.606,0.296,0,0.122,77.1,"West"
"09676","Miltenberg",89871,72486,71864,0,22759,4067,36652,4481,277,1900,0,162,8,0,124,43,0,120,90,5,233,782,70,0,91,0,31.67,5.659,51.002,6.235,0.385,2.644,0,0.225,0.011,0,0.173,0.06,0,0.167,0.125,0.007,0.324,1.088,0.097,0,0.127,80.7,"West"
"09677","Main-Spessart",98423,79047,78407,0,24427,3682,41677,4742,271,1860,0,192,7,0,43,54,0,175,61,9,227,723,145,0,112,0,31.154,4.696,53.155,6.048,0.346,2.372,0,0.245,0.009,0,0.055,0.069,0,0.223,0.078,0.011,0.29,0.922,0.185,0,0.143,80.3,"West"
"09678","Schweinfurt",86192,70971,69296,0,18285,3543,39556,4159,281,1871,0,213,12,0,27,74,0,168,67,13,244,611,73,0,99,0,26.387,5.113,57.083,6.002,0.406,2.7,0,0.307,0.017,0,0.039,0.107,0,0.242,0.097,0.019,0.352,0.882,0.105,0,0.143,82.3,"West"
"09679","Würzburg",114628,95771,95088,0,30513,5316,47806,6572,405,2000,0,255,16,0,39,89,0,325,78,7,350,1021,165,0,131,0,32.089,5.591,50.276,6.911,0.426,2.103,0,0.268,0.017,0,0.041,0.094,0,0.342,0.082,0.007,0.368,1.074,0.174,0,0.138,83.5,"West"
"09761","Augsburg",183961,136042,134927,0,42927,7540,62489,10950,1145,5734,0,668,17,0,80,107,0,457,229,19,549,1623,166,0,227,0,31.815,5.588,46.313,8.115,0.849,4.25,0,0.495,0.013,0,0.059,0.079,0,0.339,0.17,0.014,0.407,1.203,0.123,0,0.168,74,"West"
"09762","Kaufbeuren",31794,23788,23617,0,6251,1584,12683,1430,153,753,0,125,3,0,28,32,0,75,26,2,79,309,27,0,57,0,26.468,6.707,53.703,6.055,0.648,3.188,0,0.529,0.013,0,0.119,0.135,0,0.318,0.11,0.008,0.335,1.308,0.114,0,0.241,74.8,"West"
"09763","Kempten",45913,33977,33729,0,10209,2665,15782,2384,178,1226,0,142,4,0,86,24,0,125,71,19,123,565,73,0,53,0,30.268,7.901,46.791,7.068,0.528,3.635,0,0.421,0.012,0,0.255,0.071,0,0.371,0.211,0.056,0.365,1.675,0.216,0,0.157,74,"West"
"09764","Memmingen",28925,21912,21745,0,7018,1442,10284,1286,92,692,0,67,2,0,25,22,0,68,15,0,106,483,106,0,37,0,32.274,6.631,47.294,5.914,0.423,3.182,0,0.308,0.009,0,0.115,0.101,0,0.313,0.069,0,0.487,2.221,0.487,0,0.17,75.8,"West"
"09771","Aichach-Friedberg",85461,66236,65727,0,15802,4151,36278,4383,257,2489,0,571,9,0,53,68,0,155,148,9,236,892,111,0,115,0,24.042,6.316,55.195,6.668,0.391,3.787,0,0.869,0.014,0,0.081,0.103,0,0.236,0.225,0.014,0.359,1.357,0.169,0,0.175,77.5,"West"
"09772","Augsburg",162080,125545,124639,0,33779,8281,65952,8078,501,3999,0,827,21,0,91,134,0,281,238,10,495,1516,171,0,265,0,27.101,6.644,52.914,6.481,0.402,3.208,0,0.664,0.017,0,0.073,0.108,0,0.225,0.191,0.008,0.397,1.216,0.137,0,0.213,77.5,"West"
"09773","Dillingen a.d.Donau",65324,48238,47821,0,11900,2967,26940,2298,141,2232,0,250,4,0,32,61,0,124,46,4,115,597,52,0,58,0,24.884,6.204,56.335,4.805,0.295,4.667,0,0.523,0.008,0,0.067,0.128,0,0.259,0.096,0.008,0.24,1.248,0.109,0,0.121,73.8,"West"
"09774","Günzburg",84166,61898,61465,0,15321,3525,34947,3026,237,2124,0,353,6,0,57,44,0,233,164,8,232,992,94,0,102,0,24.926,5.735,56.857,4.923,0.386,3.456,0,0.574,0.01,0,0.093,0.072,0,0.379,0.267,0.013,0.377,1.614,0.153,0,0.166,73.5,"West"
"09775","Neu-Ulm",110929,84543,83965,0,26189,6701,40022,5577,415,2396,0,330,16,0,126,69,0,359,147,11,300,996,120,0,191,0,31.19,7.981,47.665,6.642,0.494,2.854,0,0.393,0.019,0,0.15,0.082,0,0.428,0.175,0.013,0.357,1.186,0.143,0,0.227,76.2,"West"
"09776","Lindau",54842,42160,41848,0,11201,3577,20699,3406,228,903,0,174,2,0,183,43,0,156,97,5,154,823,117,0,80,0,26.766,8.548,49.462,8.139,0.545,2.158,0,0.416,0.005,0,0.437,0.103,0,0.373,0.232,0.012,0.368,1.967,0.28,0,0.191,76.9,"West"
"09777","Ostallgäu",92866,70625,70241,0,15170,4477,41098,4528,200,1725,0,857,11,0,165,81,0,154,79,7,238,1277,79,0,95,0,21.597,6.374,58.51,6.446,0.285,2.456,0,1.22,0.016,0,0.235,0.115,0,0.219,0.112,0.01,0.339,1.818,0.112,0,0.135,76.1,"West"
"09778","Unterallgäu",95709,72118,71654,0,14476,4309,43463,3317,219,2158,0,501,28,0,200,122,0,167,102,10,258,2061,168,0,95,0,20.203,6.014,60.657,4.629,0.306,3.012,0,0.699,0.039,0,0.279,0.17,0,0.233,0.142,0.014,0.36,2.876,0.234,0,0.133,75.4,"West"
"09779","Donau-Ries",93668,72393,71774,0,19060,3707,40835,4316,211,1762,0,323,8,0,63,81,0,216,55,6,171,788,67,0,105,0,26.556,5.165,56.894,6.013,0.294,2.455,0,0.45,0.011,0,0.088,0.113,0,0.301,0.077,0.008,0.238,1.098,0.093,0,0.146,77.3,"West"
"09780","Oberallgäu",106582,83205,82533,0,17974,6397,46703,5966,297,1896,0,453,14,0,370,63,0,227,171,12,294,1452,103,0,141,0,21.778,7.751,56.587,7.229,0.36,2.297,0,0.549,0.017,0,0.448,0.076,0,0.275,0.207,0.015,0.356,1.759,0.125,0,0.171,78.1,"West"
"10041","Regionalverband Saarbrücken",275796,223507,215531,73598,106038,11655,0,14967,2256,3289,0,0,0,0,0,0,0,1865,688,84,0,414,0,0,677,34.147,49.198,5.408,0,6.944,1.047,1.526,0,0,0,0,0,0,0,0.865,0.319,0.039,0,0.192,0,0,0.314,81,"West"
"10042","Merzig-Wadern",81590,69518,66616,27125,31221,2723,0,3298,338,928,0,0,0,0,0,0,0,409,224,13,0,134,0,0,203,40.718,46.867,4.088,0,4.951,0.507,1.393,0,0,0,0,0,0,0,0.614,0.336,0.02,0,0.201,0,0,0.305,85.2,"West"
"10043","Neunkirchen",118000,98483,95307,31982,52131,3275,0,4403,577,1634,0,0,0,0,0,0,0,599,267,18,0,137,0,0,284,33.557,54.698,3.436,0,4.62,0.605,1.714,0,0,0,0,0,0,0,0.628,0.28,0.019,0,0.144,0,0,0.298,83.5,"West"
"10044","Saarlouis",163907,138103,133155,52086,63770,5304,0,7303,696,2078,0,0,0,0,0,0,0,775,465,29,0,236,0,0,413,39.117,47.892,3.983,0,5.485,0.523,1.561,0,0,0,0,0,0,0,0.582,0.349,0.022,0,0.177,0,0,0.31,84.3,"West"
"10045","Saarpfalz-Kreis",122872,103355,99437,38067,46009,4581,0,6266,696,1960,0,0,0,0,0,0,0,629,368,22,0,380,0,0,459,38.283,46.269,4.607,0,6.301,0.7,1.971,0,0,0,0,0,0,0,0.633,0.37,0.022,0,0.382,0,0,0.462,84.1,"West"
"10046","St. Wendel",75966,67026,64754,28120,30118,1796,0,2776,244,897,0,0,0,0,0,0,0,261,203,14,0,70,0,0,255,43.426,46.511,2.774,0,4.287,0.377,1.385,0,0,0,0,0,0,0,0.403,0.313,0.022,0,0.108,0,0,0.394,88.2,"West"
"11000","Berlin",2505857,1970458,1950072,612217,663081,100649,0,199208,289517,36645,0,0,793,272,0,0,0,27097,5047,518,0,4114,0,6400,4514,31.395,34.003,5.161,0,10.215,14.846,1.879,0,0,0.041,0.014,0,0,0,1.39,0.259,0.027,0,0.211,0,0.328,0.231,78.6,"West"
"12051","Brandenburg an der Havel",70938,43816,43390,10273,21845,1122,0,1174,8158,384,0,0,0,0,0,0,0,239,121,10,0,21,0,0,43,23.676,50.346,2.586,0,2.706,18.802,0.885,0,0,0,0,0,0,0,0.551,0.279,0.023,0,0.048,0,0,0.099,61.8,"Ost"
"12052","Cottbus",97018,65345,64840,18169,26368,2067,0,1896,15226,545,0,0,0,0,0,0,0,292,146,32,0,38,0,0,61,28.021,40.666,3.188,0,2.924,23.482,0.841,0,0,0,0,0,0,0,0.45,0.225,0.049,0,0.059,0,0,0.094,67.4,"Ost"
"12053","Frankfurt",61819,40088,39760,9361,16713,696,0,1320,10737,505,0,0,0,0,0,0,0,180,123,23,0,46,0,0,56,23.544,42.035,1.751,0,3.32,27.005,1.27,0,0,0,0,0,0,0,0.453,0.309,0.058,0,0.116,0,0,0.141,64.8,"Ost"
"12054","Potsdam",110368,77520,77020,13688,33531,1600,0,3039,23821,585,0,0,0,0,0,0,0,295,293,17,0,79,0,0,72,17.772,43.535,2.077,0,3.946,30.928,0.76,0,0,0,0,0,0,0,0.383,0.38,0.022,0,0.103,0,0,0.093,70.2,"Ost"
"12060","Barnim",113741,73626,72898,18591,33662,1648,0,2069,15403,881,0,0,0,0,0,0,0,311,157,22,0,52,0,0,102,25.503,46.177,2.261,0,2.838,21.13,1.209,0,0,0,0,0,0,0,0.427,0.215,0.03,0,0.071,0,0,0.14,64.7,"Ost"
"12061","Dahme-Spreewald",109525,78882,78122,21904,35651,2085,0,2115,14463,1057,0,0,0,0,0,0,0,285,194,26,0,242,0,0,100,28.038,45.635,2.669,0,2.707,18.513,1.353,0,0,0,0,0,0,0,0.365,0.248,0.033,0,0.31,0,0,0.128,72,"Ost"
"12062","Elbe-Elster",106521,73907,72937,27836,29177,2413,0,2164,9728,958,0,0,0,0,0,0,0,186,267,19,0,70,0,0,119,38.164,40.003,3.308,0,2.967,13.338,1.313,0,0,0,0,0,0,0,0.255,0.366,0.026,0,0.096,0,0,0.163,69.4,"Ost"
"12063","Havelland",100110,67305,66683,17789,32721,2010,0,1786,11093,628,0,0,0,0,0,0,0,274,215,19,0,65,0,0,83,26.677,49.069,3.014,0,2.678,16.635,0.942,0,0,0,0,0,0,0,0.411,0.322,0.028,0,0.097,0,0,0.124,67.2,"Ost"
"12064","Märkisch-Oderland",129581,86394,85535,22494,38270,2087,0,2154,18636,1202,0,0,0,0,0,0,0,315,203,26,0,57,0,0,91,26.298,44.742,2.44,0,2.518,21.788,1.405,0,0,0,0,0,0,0,0.368,0.237,0.03,0,0.067,0,0,0.106,66.7,"Ost"
"12065","Oberhavel",129901,88099,87342,23273,41332,2040,0,2552,16178,1080,0,0,0,0,0,0,0,371,269,32,0,100,0,0,115,26.646,47.322,2.336,0,2.922,18.523,1.237,0,0,0,0,0,0,0,0.425,0.308,0.037,0,0.114,0,0,0.132,67.8,"Ost"
"12066","Oberspreewald-Lausitz",121375,79639,78465,29474,30549,1995,0,2072,12793,950,0,0,0,0,0,0,0,226,209,20,0,58,0,0,119,37.563,38.933,2.543,0,2.641,16.304,1.211,0,0,0,0,0,0,0,0.288,0.266,0.025,0,0.074,0,0,0.152,65.6,"Ost"
"12067","Oder-Spree",143499,97010,96148,26394,44688,2096,0,2550,17946,1430,0,0,0,0,0,0,0,464,278,47,0,100,0,0,155,27.451,46.478,2.18,0,2.652,18.665,1.487,0,0,0,0,0,0,0,0.483,0.289,0.049,0,0.104,0,0,0.161,67.6,"Ost"
"12068","Ostprignitz-Ruppin",86317,56514,55901,15309,28980,1537,0,1448,7731,525,0,0,0,0,0,0,0,125,130,9,0,61,0,0,46,27.386,51.842,2.75,0,2.59,13.83,0.939,0,0,0,0,0,0,0,0.224,0.233,0.016,0,0.109,0,0,0.082,65.5,"Ost"
"12069","Potsdam-Mittelmark",128079,89743,88887,24236,42658,2657,0,2968,14741,802,0,0,0,0,0,0,0,318,335,16,0,76,0,0,80,27.266,47.991,2.989,0,3.339,16.584,0.902,0,0,0,0,0,0,0,0.358,0.377,0.018,0,0.086,0,0,0.09,70.1,"Ost"
"12070","Prignitz",79388,54859,54292,18060,24957,1623,0,1157,7630,590,0,0,0,0,0,0,0,103,84,4,0,44,0,0,40,33.265,45.968,2.989,0,2.131,14.054,1.087,0,0,0,0,0,0,0,0.19,0.155,0.007,0,0.081,0,0,0.074,69.1,"Ost"
"12071","Spree-Neiße",113076,75760,74907,27079,29533,2217,0,1833,12580,958,0,0,0,0,0,0,0,356,194,18,0,55,0,0,84,36.15,39.426,2.96,0,2.447,16.794,1.279,0,0,0,0,0,0,0,0.475,0.259,0.024,0,0.073,0,0,0.112,67,"Ost"
"12072","Teltow-Fläming",112127,77109,76429,19480,38524,2008,0,2054,12723,856,0,0,0,0,0,0,0,309,215,12,0,175,0,0,73,25.488,50.405,2.627,0,2.687,16.647,1.12,0,0,0,0,0,0,0,0.404,0.281,0.016,0,0.229,0,0,0.096,68.8,"Ost"
"12073","Uckermark",121580,77390,76595,22130,35496,1558,0,1835,14328,811,0,0,0,0,0,0,0,176,122,12,0,45,0,0,82,28.892,46.342,2.034,0,2.396,18.706,1.059,0,0,0,0,0,0,0,0.23,0.159,0.016,0,0.059,0,0,0.107,63.7,"Ost"
"13003","Rostock",178485,132287,130529,36049,43228,3371,0,6569,39079,1095,0,0,0,0,0,0,0,648,291,43,0,156,0,0,0,27.618,33.118,2.583,0,5.033,29.939,0.839,0,0,0,0,0,0,0,0.496,0.223,0.033,0,0.12,0,0,0,74.1,"Ost"
"13004","Schwerin",90985,61906,60888,17065,19994,1985,0,2661,18065,446,0,0,0,0,0,0,0,301,235,10,0,126,0,0,0,28.027,32.837,3.26,0,4.37,29.669,0.732,0,0,0,0,0,0,0,0.494,0.386,0.016,0,0.207,0,0,0,68,"Ost"
"13071","Mecklenburgische Seenplatte",241327,165716,161904,67058,44533,5161,0,5056,36468,2182,0,0,0,0,0,0,0,738,475,55,0,175,0,0,0,41.418,27.506,3.188,0,3.123,22.524,1.348,0,0,0,0,0,0,0,0.456,0.293,0.034,0,0.108,0,0,0,68.7,"Ost"
"13072","Landkreis Rostock",157276,105607,102981,39620,31631,4103,0,3813,21684,1289,0,0,0,0,0,0,0,386,306,52,0,97,0,0,0,38.473,30.715,3.984,0,3.703,21.056,1.252,0,0,0,0,0,0,0,0.375,0.297,0.05,0,0.094,0,0,0,67.1,"Ost"
"13073","Vorpommern-Rügen",201396,129754,126258,56772,30476,3911,0,3611,28629,1752,0,0,0,0,0,0,0,587,378,46,0,96,0,0,0,44.965,24.138,3.098,0,2.86,22.675,1.388,0,0,0,0,0,0,0,0.465,0.299,0.036,0,0.076,0,0,0,64.4,"Ost"
"13074","Nordwestmecklenburg",121843,80221,78393,28143,28183,2507,0,2335,15663,828,0,0,0,0,0,0,0,479,171,25,0,59,0,0,0,35.9,35.951,3.198,0,2.979,19.98,1.056,0,0,0,0,0,0,0,0.611,0.218,0.032,0,0.075,0,0,0,65.8,"Ost"
"13075","Vorpommern-Greifswald",214537,141726,137935,64130,30633,4806,0,3695,31070,2280,0,0,0,0,0,0,0,738,395,36,0,152,0,0,0,46.493,22.208,3.484,0,2.679,22.525,1.653,0,0,0,0,0,0,0,0.535,0.286,0.026,0,0.11,0,0,0,66.1,"Ost"
"13076","Ludwigslust-Parchim",173326,118748,115748,44082,38126,4875,0,3605,22958,1226,0,0,0,0,0,0,0,349,389,28,0,110,0,0,0,38.084,32.939,4.212,0,3.115,19.834,1.059,0,0,0,0,0,0,0,0.302,0.336,0.024,0,0.095,0,0,0,68.5,"Ost"
"14511","Chemnitz",236179,172460,171071,68852,47900,6619,0,8427,35685,1774,0,0,0,0,0,0,0,890,0,50,0,299,575,0,0,40.248,28,3.869,0,4.926,20.86,1.037,0,0,0,0,0,0,0,0.52,0,0.029,0,0.175,0.336,0,0,73,"Ost"
"14521","Erzgebirgskreis",343055,242556,239828,124095,60594,8420,0,8126,31475,4229,0,0,0,0,0,0,0,841,0,88,0,359,1601,0,0,51.743,25.266,3.511,0,3.388,13.124,1.763,0,0,0,0,0,0,0,0.351,0,0.037,0,0.15,0.668,0,0,70.7,"Ost"
"14522","Mittelsachsen",295526,209851,207423,107288,50384,7817,0,7773,29181,2896,0,0,0,0,0,0,0,851,0,75,0,571,587,0,0,51.724,24.29,3.769,0,3.747,14.068,1.396,0,0,0,0,0,0,0,0.41,0,0.036,0,0.275,0.283,0,0,71,"Ost"
"14523","Vogtlandkreis",230032,165994,164454,78210,45602,8375,0,6700,21156,2530,0,0,0,0,0,0,0,578,0,38,0,290,975,0,0,47.557,27.729,5.093,0,4.074,12.864,1.538,0,0,0,0,0,0,0,0.351,0,0.023,0,0.176,0.593,0,0,72.2,"Ost"
"14524","Zwickau",314851,225040,222853,106556,61156,9114,0,9165,31781,3075,0,0,0,0,0,0,0,811,0,77,0,295,823,0,0,47.814,27.442,4.09,0,4.113,14.261,1.38,0,0,0,0,0,0,0,0.364,0,0.035,0,0.132,0.369,0,0,71.5,"Ost"
"14612","Dresden",387756,291781,289310,133116,51379,11803,0,22255,63232,3441,0,0,0,0,0,0,0,2734,0,101,0,673,576,0,0,46.012,17.759,4.08,0,7.692,21.856,1.189,0,0,0,0,0,0,0,0.945,0,0.035,0,0.233,0.199,0,0,75.2,"Ost"
"14625","Bautzen",287125,201135,199019,105796,41353,6871,0,7252,32887,3027,0,0,0,0,0,0,0,950,0,59,0,383,441,0,0,53.159,20.778,3.452,0,3.644,16.525,1.521,0,0,0,0,0,0,0,0.477,0,0.03,0,0.192,0.222,0,0,70.1,"Ost"
"14626","Görlitz",265686,173918,172008,92100,34656,5372,0,6630,28106,3282,0,0,0,0,0,0,0,1032,0,48,0,273,509,0,0,53.544,20.148,3.123,0,3.854,16.34,1.908,0,0,0,0,0,0,0,0.6,0,0.028,0,0.159,0.296,0,0,65.5,"Ost"
"14627","Meißen",214761,150914,149257,76945,30947,6120,0,7474,23888,2374,0,0,0,0,0,0,0,838,0,27,0,284,360,0,0,51.552,20.734,4.1,0,5.007,16.005,1.591,0,0,0,0,0,0,0,0.561,0,0.018,0,0.19,0.241,0,0,70.3,"Ost"
"14628","Sächsische Schweiz-Osterzgebirge",209842,153281,151626,86883,26473,5044,0,6565,22694,2526,0,0,0,0,0,0,0,794,0,53,0,278,316,0,0,57.301,17.459,3.327,0,4.33,14.967,1.666,0,0,0,0,0,0,0,0.524,0,0.035,0,0.183,0.208,0,0,73,"Ost"
"14713","Leipzig",415754,279544,277069,99662,85459,10509,0,18134,57777,2634,0,0,0,0,0,0,0,1801,0,97,0,586,411,0,0,35.97,30.844,3.793,0,6.545,20.853,0.951,0,0,0,0,0,0,0,0.65,0,0.035,0,0.211,0.148,0,0,67.2,"Ost"
"14729","Leipzig",214337,140010,138408,65206,39606,5043,0,5871,19881,1687,0,0,0,0,0,0,0,568,0,45,0,217,282,0,0,47.111,28.615,3.644,0,4.242,14.364,1.219,0,0,0,0,0,0,0,0.41,0,0.033,0,0.157,0.204,0,0,65.3,"Ost"
"14730","Nordsachsen",177058,119230,117863,54433,32195,4645,0,5212,19088,1537,0,0,0,0,0,0,0,441,0,32,0,168,112,0,0,46.183,27.316,3.941,0,4.422,16.195,1.304,0,0,0,0,0,0,0,0.374,0,0.027,0,0.143,0.095,0,0,67.3,"Ost"
"15001","Dessau-Roßlau",87255,60588,59950,22203,19680,3056,0,2642,11119,558,0,0,0,0,0,0,0,256,0,14,0,71,0,351,0,37.036,32.827,5.098,0,4.407,18.547,0.931,0,0,0,0,0,0,0,0.427,0,0.023,0,0.118,0,0.585,0,69.4,"Ost"
"15002","Halle",226809,158130,156791,51579,47458,9718,0,7186,37333,1167,0,0,0,0,0,0,0,1188,0,47,0,152,0,963,0,32.897,30.268,6.198,0,4.583,23.811,0.744,0,0,0,0,0,0,0,0.758,0,0.03,0,0.097,0,0.614,0,69.7,"Ost"
"15003","Magdeburg",211760,151748,150506,46903,54780,3876,0,6798,35059,1364,0,0,0,0,0,0,0,904,0,35,0,110,0,677,0,31.164,36.397,2.575,0,4.517,23.294,0.906,0,0,0,0,0,0,0,0.601,0,0.023,0,0.073,0,0.45,0,71.7,"Ost"
"15081","Altmarkkreis Salzwedel",78196,56133,55508,21260,19280,1851,0,1958,10058,646,0,0,0,0,0,0,0,163,0,17,0,47,0,228,0,38.301,34.734,3.335,0,3.527,18.12,1.164,0,0,0,0,0,0,0,0.294,0,0.031,0,0.085,0,0.411,0,71.8,"Ost"
"15082","Anhalt-Bitterfeld",171561,120338,118827,48792,38773,4947,0,4252,19391,1379,0,0,0,0,0,0,0,473,0,21,0,104,0,695,0,41.061,32.63,4.163,0,3.578,16.319,1.161,0,0,0,0,0,0,0,0.398,0,0.018,0,0.088,0,0.585,0,70.1,"Ost"
"15083","Börde",145435,103865,102558,41476,36898,3130,0,3358,15864,957,0,0,0,0,0,0,0,323,0,15,0,79,0,458,0,40.442,35.978,3.052,0,3.274,15.468,0.933,0,0,0,0,0,0,0,0.315,0,0.015,0,0.077,0,0.447,0,71.4,"Ost"
"15084","Burgenlandkreis",184480,121236,119527,50968,37202,5156,0,3758,19257,1467,0,0,0,0,0,0,0,725,0,36,0,155,0,803,0,42.641,31.124,4.314,0,3.144,16.111,1.227,0,0,0,0,0,0,0,0.607,0,0.03,0,0.13,0,0.672,0,65.7,"Ost"
"15085","Harz",213354,148571,147061,59199,51136,5080,0,5264,23313,1434,0,0,0,0,0,0,0,647,0,32,0,128,0,828,0,40.255,34.772,3.454,0,3.579,15.853,0.975,0,0,0,0,0,0,0,0.44,0,0.022,0,0.087,0,0.563,0,69.6,"Ost"
"15086","Jerichower Land",81575,56431,55723,21329,20670,1785,0,1871,9001,563,0,0,0,0,0,0,0,189,0,14,0,42,0,259,0,38.277,37.094,3.203,0,3.358,16.153,1.01,0,0,0,0,0,0,0,0.339,0,0.025,0,0.075,0,0.465,0,69.2,"Ost"
"15087","Mansfeld-Südharz",149058,104032,102393,44108,32193,4256,0,2361,17049,972,0,0,0,0,0,0,0,494,0,30,0,82,0,848,0,43.077,31.441,4.157,0,2.306,16.651,0.949,0,0,0,0,0,0,0,0.482,0,0.029,0,0.08,0,0.828,0,69.8,"Ost"
"15088","Saalekreis",160120,111155,109576,46097,33557,6616,0,3486,17643,980,0,0,0,0,0,0,0,466,0,40,0,115,0,576,0,42.069,30.624,6.038,0,3.181,16.101,0.894,0,0,0,0,0,0,0,0.425,0,0.037,0,0.105,0,0.526,0,69.4,"Ost"
"15089","Salzlandkreis",204939,136771,135007,54540,45262,4615,0,3913,23980,1175,0,0,0,0,0,0,0,526,0,30,0,105,0,861,0,40.398,33.526,3.418,0,2.898,17.762,0.87,0,0,0,0,0,0,0,0.39,0,0.022,0,0.078,0,0.638,0,66.7,"Ost"
"15090","Stendal",112580,79696,78822,28900,29732,2182,0,2581,13817,833,0,0,0,0,0,0,0,296,0,19,0,77,0,385,0,36.665,37.72,2.768,0,3.274,17.529,1.057,0,0,0,0,0,0,0,0.376,0,0.024,0,0.098,0,0.488,0,70.8,"Ost"
"15091","Wittenberg",129584,91512,90459,37473,30021,3776,0,3292,13818,1039,0,0,0,0,0,0,0,312,0,30,0,119,0,579,0,41.425,33.187,4.174,0,3.639,15.275,1.149,0,0,0,0,0,0,0,0.345,0,0.033,0,0.132,0,0.64,0,70.6,"Ost"
"16051","Erfurt",166982,121686,119204,40801,35565,3996,0,8111,28062,1049,0,0,85,0,0,0,0,737,0,38,0,355,0,0,405,34.228,29.835,3.352,0,6.804,23.541,0.88,0,0,0.071,0,0,0,0,0.618,0,0.032,0,0.298,0,0,0.34,72.9,"Ost"
"16052","Gera",98057,72155,70879,24423,18903,2721,0,3378,19324,863,0,0,36,0,0,0,0,715,0,36,0,137,0,0,343,34.457,26.669,3.839,0,4.766,27.263,1.218,0,0,0.051,0,0,0,0,1.009,0,0.051,0,0.193,0,0,0.484,73.6,"Ost"
"16053","Jena",79318,60313,59185,17038,18651,3902,0,5024,13155,760,0,0,40,0,0,0,0,276,0,15,0,102,0,0,222,28.788,31.513,6.593,0,8.489,22.227,1.284,0,0,0.068,0,0,0,0,0.466,0,0.025,0,0.172,0,0,0.375,76,"Ost"
"16054","Suhl",41676,31220,30718,10452,8165,941,0,1588,8974,310,0,0,10,0,0,0,0,147,0,6,0,57,0,0,68,34.026,26.581,3.063,0,5.17,29.214,1.009,0,0,0.033,0,0,0,0,0.479,0,0.02,0,0.186,0,0,0.221,74.9,"Ost"
"16055","Weimar",48225,35754,35029,12658,10546,1580,0,2924,6386,440,0,0,23,0,0,0,0,259,0,10,0,62,0,0,141,36.136,30.106,4.511,0,8.347,18.231,1.256,0,0,0.066,0,0,0,0,0.739,0,0.029,0,0.177,0,0,0.403,74.1,"Ost"
"16056","Eisenach",36835,24124,23725,8588,7922,668,0,1322,4548,332,0,0,13,0,0,0,0,164,0,15,0,58,0,0,95,36.198,33.391,2.816,0,5.572,19.17,1.399,0,0,0.055,0,0,0,0,0.691,0,0.063,0,0.244,0,0,0.4,65.5,"Ost"
"16061","Eichsfeld",85445,69600,68101,40210,15229,2407,0,2129,6418,625,0,0,17,0,0,0,0,192,0,11,0,724,0,0,139,59.045,22.362,3.534,0,3.126,9.424,0.918,0,0,0.025,0,0,0,0,0.282,0,0.016,0,1.063,0,0,0.204,81.5,"Ost"
"16062","Nordhausen",79887,59117,57797,22336,19439,1931,0,2250,10574,742,0,0,24,0,0,0,0,257,0,13,0,88,0,0,143,38.646,33.633,3.341,0,3.893,18.295,1.284,0,0,0.042,0,0,0,0,0.445,0,0.022,0,0.152,0,0,0.247,74,"Ost"
"16063","Wartburgkreis",115084,90423,88093,37158,28687,3455,0,4123,12519,1374,0,0,49,0,0,0,0,340,0,27,0,114,0,0,247,42.18,32.564,3.922,0,4.68,14.211,1.56,0,0,0.056,0,0,0,0,0.386,0,0.031,0,0.129,0,0,0.28,78.6,"Ost"
"16064","Unstrut-Hainich-Kreis",94397,71753,69953,30431,23194,2694,0,2625,9736,758,0,0,38,0,0,0,0,233,0,24,0,73,0,0,147,43.502,33.157,3.851,0,3.753,13.918,1.084,0,0,0.054,0,0,0,0,0.333,0,0.034,0,0.104,0,0,0.21,76,"Ost"
"16065","Kyffhäuserkreis",77080,56359,54812,23256,17704,1861,0,2017,8882,687,0,0,21,0,0,0,0,180,0,10,0,57,0,0,137,42.429,32.299,3.395,0,3.68,16.204,1.253,0,0,0.038,0,0,0,0,0.328,0,0.018,0,0.104,0,0,0.25,73.1,"Ost"
"16066","Schmalkalden-Meiningen",115667,87720,85204,36968,24736,3699,0,4060,13755,1097,0,0,62,0,0,0,0,414,0,28,0,123,0,0,262,43.388,29.032,4.341,0,4.765,16.144,1.287,0,0,0.073,0,0,0,0,0.486,0,0.033,0,0.144,0,0,0.307,75.8,"Ost"
"16067","Gotha",115989,86817,84467,35357,27591,3425,0,4477,11760,902,0,0,49,0,0,0,0,414,0,32,0,124,0,0,336,41.859,32.665,4.055,0,5.3,13.923,1.068,0,0,0.058,0,0,0,0,0.49,0,0.038,0,0.147,0,0,0.398,74.8,"Ost"
"16068","Sömmerda",63416,46839,45502,20658,13229,1958,0,2083,6588,544,0,0,27,0,0,0,0,198,0,15,0,67,0,0,135,45.4,29.073,4.303,0,4.578,14.478,1.196,0,0,0.059,0,0,0,0,0.435,0,0.033,0,0.147,0,0,0.297,73.9,"Ost"
"16069","Hildburghausen",57852,43453,42120,17550,12913,2215,0,1649,6762,612,0,0,32,0,0,0,0,147,0,10,0,122,0,0,108,41.667,30.658,5.259,0,3.915,16.054,1.453,0,0,0.076,0,0,0,0,0.349,0,0.024,0,0.29,0,0,0.256,75.1,"Ost"
"16070","Ilm-Kreis",96881,73917,71746,30461,22052,2478,0,3217,11666,1093,0,0,31,0,0,0,0,346,0,26,0,116,0,0,260,42.457,30.736,3.454,0,4.484,16.26,1.523,0,0,0.043,0,0,0,0,0.482,0,0.036,0,0.162,0,0,0.362,76.3,"Ost"
"16071","Weimarer Land",67122,50462,49245,22047,14221,2490,0,2412,6705,698,0,0,53,0,0,0,0,333,0,21,0,83,0,0,182,44.77,28.878,5.056,0,4.898,13.616,1.417,0,0,0.108,0,0,0,0,0.676,0,0.043,0,0.169,0,0,0.37,75.2,"Ost"
"16072","Sonneberg",56903,43238,42100,16303,13585,1922,0,1449,7638,868,0,0,20,0,0,0,0,150,0,26,0,56,0,0,83,38.724,32.268,4.565,0,3.442,18.143,2.062,0,0,0.048,0,0,0,0,0.356,0,0.062,0,0.133,0,0,0.197,76,"Ost"
"16073","Saalfeld-Rudolstadt",109902,81562,80023,32325,24792,3434,0,3773,13339,1523,0,0,37,0,0,0,0,369,0,31,0,152,0,0,248,40.395,30.981,4.291,0,4.715,16.669,1.903,0,0,0.046,0,0,0,0,0.461,0,0.039,0,0.19,0,0,0.31,74.2,"Ost"
"16074","Saale-Holzland-Kreis",70952,53635,52326,21435,14993,2875,0,3058,8371,937,0,0,32,0,0,0,0,300,0,12,0,98,0,0,215,40.964,28.653,5.494,0,5.844,15.998,1.791,0,0,0.061,0,0,0,0,0.573,0,0.023,0,0.187,0,0,0.411,75.6,"Ost"
"16075","Saale-Orla-Kreis",79601,59804,58671,25341,17016,3002,0,2439,8885,1351,0,0,32,0,0,0,0,264,0,18,0,126,0,0,197,43.192,29.002,5.117,0,4.157,15.144,2.303,0,0,0.055,0,0,0,0,0.45,0,0.031,0,0.215,0,0,0.336,75.1,"Ost"
"16076","Greiz",100247,73863,72075,31667,21481,3181,0,3470,10328,1159,0,0,41,0,0,0,0,368,0,21,0,120,0,0,239,43.936,29.804,4.413,0,4.814,14.33,1.608,0,0,0.057,0,0,0,0,0.511,0,0.029,0,0.166,0,0,0.332,73.7,"Ost"
"16077","Altenburger Land",98068,70323,68015,28977,21326,2449,0,2847,10711,1029,0,0,40,0,0,0,0,267,0,25,0,76,0,0,268,42.604,31.355,3.601,0,4.186,15.748,1.513,0,0,0.059,0,0,0,0,0.393,0,0.037,0,0.112,0,0,0.394,71.7,"Ost"
