PLZ,Bezirk,Name,Einwohner,Amazon,Kaufkraft,Mietpreis,Mietsteigerung,Arbeitslosenquote,CDU-Wähler,Linke-Wähler,SPD-Wähler,Grüne-Wähler,FDP-Wähler,Afd-Wähler,Autobesitzer,Hauptschulabschluss,Realschulabschluss,Abitur,Konservativ-Etabliertes Milieu,Liberal-Intellektuelles Milieu,Milieu der Performer,Expeditives Milieu,Bürgerliche Mitte,Adaptiv-Pragmatisches Milieu,Sozialökologisches Milieu,Traditionelles Milieu,Prekäres Milieu,Hedonistisches Milieu,Junge Singles,Junge Paare,Junge Familien mit Kind,Singles,Paare,Familien mit Kind,Alleinstehende Senioren,Ältere Paare,Ältere Mehrpersonenhaushalte,Einwohner_Amt,Gebürtige Berliner,Zugezogene,Einfache Wohnlage,Einfache Wohnlage mit Lärm,Mittlere Wohnlage,Mittlere Wohnlage mit Lärm,Gute Wohnlage,Gute Wohnlage mit Lärm,Migrationshintergrund,Ausländeranteil,Alter,Neugeborene,Kita-Kinder,Schüler,Rentner,Airbnb-Ferienwohnungen,Internet-Ferne,Internet-Laien,Selektivorientierte,Sicherheitsorientierte,Effizienzorientierte,Unterhaltungsorientierte,Digital-Souveräne,Werbeverweigerer,Statushohe Großstädter,Gutsituierte in stadtnahen Umlandgemeinden,Gute Wohngebiete in mittelgroßen Städten,Städtische Problemgebiete,Hochhäuser und einfache Mietwohnungen,Rentner in einfachen Nachkriegsbauten,Alte Häuser auf dem Land,Arbeiter in kleinen Städten,Ältere Leute in Umlandgemeinden,Landbevölkerung,Attraktive innerstädtische Wohnlagen,Wohlhabende Akademiker in Villenvierteln,Gutverdienende Familien in neueren Eigenheimen im Umland,Gediegene ältere Einzelhäuser,Speckgürtel: Gute neuere Einzelhäuser,Gute neue Einzelhäuser,Alte Ortskerne,Neue Reihenhäuser im ländlichen Raum,Einfache Häuser im Grünen,Ältere Mehrfamilienhäuser,Aufsteiger: Gehobene Berufe in Außenbezirken,Mittelstand in ländlichen Gemeinden,Sozialer Wohnungsbau und einfache Mehrfamilienhäuser,Nicht modernisierter Altbau,Blockbebauung geringen Standards,Multi-kulturelle Innenstadtbereiche,Hochhäuser einfachen Standards,Älterer sozialer Wohnungsbau,Einfache städtische Zeilenbau-Siedlungen,Soziale Brennpunkte,Jüngere Leute in älteren Mietwohnungen,Mittelstand in älteren Quartieren,Einfache Leute in Mietwohnungen,Einfache alleinstehende Rentner,Jüngere Dorfbewohner,Einfache Berufe auf dem Land,Gering qualifizierte Arbeiter,Selbständige in neueren Häusern,Handwerker im ländlichen Raum,Sozial schwache Kleinstädter,Peripherie: Dörfer in Randlagen,Senioren im Umland,Ältere Familien am Stadtrand,Solide Rentner in Zweifamilienhäusern,Ältere Leute in älteren Häusern,Gutsituierte Senioren in Vororten,Ältere Landbevölkerung,Landbevölkerung,Umzugsvolumen,Umzugssaldo,Fluktuation,Nahumzugsquote,Fernumzugsquote
10115,1,Chauseestraße,22168,1,21402,12,39.2,9.6,21.9,17.2,23.6,21.1,5.4,3.5,29.6,30.5,28.5,24.1,8.6,8.7,9.5,15.1,8,10.6,6.6,6.6,7.7,18.7,19.1,4.8,2.6,36.2,9.3,10.8,11.1,4.8,1.3,24140,27.5,72.5,26.5,30.3,48.5,2.2,1.2,0.1,36.1,25.6,35.7,1.3,5.7,9.7,6.3,0.6,16.5,4.3,7.6,6.5,16.7,15.6,32.8,55.9,6.1,0,0.6,61.6,31.4,0.3,0,0,0,0,6.1,0,0,0,0,0,0,0,0,0.5,0,0.1,0.3,0.8,60.4,0.1,0,1.4,15.2,3.7,11.1,0.1,0,0.1,0,0,0,0,0,0,0,0,0,0,0,0,0,0,9,1,9,5,9
10117,1,Unter den Linden,12644,1,26223,13.4,21.7,6.9,9.6,8.9,6.8,2.5,1.9,1.8,75.8,20.3,25.8,37.7,9.1,12.1,11.8,15,8.3,9.9,6.8,6.3,6.4,14.5,13.1,3.3,0.2,44.2,9.4,1,21.5,7.2,0.1,13814,24.2,75.8,1,1.3,12.3,22.2,16.2,9.4,42.4,29,42.6,1.1,3.9,7.6,17.3,0.7,11.1,5.6,12.2,8.5,18.1,13.8,30.7,55.5,31.7,2,2.4,22.2,39.3,1.1,0,0,1.3,0,29.4,2,0.2,1.2,0,0.3,0.5,0,0.4,1,0.8,0.3,0,1.1,20.7,0.5,1,0,25,6.4,6.9,0.4,0.5,0.2,0,0,0,0,0,0,0,0,1.3,0,0,0.1,0,0,8,8,7,3,8
10119,1,Rosenthaler Platz,17896,1,21424,13.1,50.7,8.4,11.8,12,13.7,13.7,2.8,1.8,23.5,30.9,28.7,23.6,8.1,8.2,9,15.6,7.8,10.7,6.5,6.6,7.9,19.7,20.9,5.2,2.1,37.9,9.4,8.6,10.5,4.3,1.1,19022,29.1,70.9,15,18.9,40.1,11.8,0,0,35.5,24.3,35.7,1.2,5.9,9.4,5.8,0.7,16,3.4,6.5,6.1,16.3,16.5,35.2,57.2,5.2,0,0.4,63.7,29.5,1.2,0,0,0,0,5.2,0,0,0,0,0,0,0,0,0.4,0,0,0.2,0.8,62.6,0.1,0,0.8,12.7,4.1,12,0.3,0,0.9,0,0,0,0,0,0,0,0,0,0,0,0,0,0,9,1,9,7,7
10178,1,Hackescher Markt,12452,0,21724,13.7,49.4,10.9,10.4,15.4,10.7,6.5,1.6,2.2,47.2,29.2,28,25.9,8.8,10.4,10.2,13.1,10,9.3,6.5,7.5,8.6,15.7,11.5,3.8,2.8,30.5,8.1,9.8,22.3,10.2,1,13367,30,70,2.3,4.5,12.9,18,7.7,13.9,35.8,24.7,43.8,0.7,3.9,6.3,21.3,0.6,21.2,6.5,9.1,9.7,14.5,13.5,25.5,57.7,20.2,0.1,0.7,19.5,52.6,6.6,0,0,0.4,0,20.2,0,0,0.1,0,0,0,0,0.4,0.3,0,0,0,0.3,18.8,0.4,0,0.2,48.4,1.7,2.3,1.2,0.3,5.1,0,0,0,0,0,0,0,0,0.1,0,0,0.3,0,0,5,1,7,5,5
10179,1,Jannowitzbrücke,19790,0,20974,11.1,55.5,11.7,16,24.4,16.8,6.6,2,3,38.4,32.1,29.6,21.4,8.5,9.8,8.9,11,11.3,9,6.7,8.4,10.2,16.4,8.7,3,5.5,23.4,6.8,18.4,21.6,10.6,2,21725,32.8,67.2,3.3,5.3,49.6,39.2,0.4,0.1,34.6,22.2,45.1,1,4.1,6.9,24,0.2,27.5,7.3,8.5,9.9,12.5,13.2,21.2,55.4,5.8,0.4,0.6,16.4,64,12.1,0,0,0.7,0,5.5,0.2,0,0.4,0,0,0.1,0,0.2,0.2,0.2,0,0.2,0.6,15.5,0.1,0.4,0.1,58.4,3.1,2.2,1.6,3.1,7.4,0,0,0,0,0,0,0,0,0.4,0,0,0.3,0,0,8,9,6,4,7
10243,2,Ostbahnhof,28808,1,19386,11.1,67.2,13.1,21.9,38.4,28,17.1,2.4,4.6,26.6,34.1,31,17.7,8.1,8,8.2,10.4,10.5,9.7,6.3,8.4,11.7,18.7,11.2,3,5.6,25.8,6.3,17.1,20.2,8.9,1.9,30056,36.1,63.9,9.3,9.1,55.4,61.8,0,0,28,19,40.8,1,4.4,7.2,17.3,0.4,30.9,6.2,6.1,7.9,13.6,14.4,20.9,43.3,1.3,0.1,0,24.3,63.4,10.9,0,0,0,0,1.3,0,0,0.1,0,0,0,0,0,0,0,0,0.1,0,24.2,0,0.8,0.1,59.4,1.5,1.6,0.2,0,10.8,0,0,0,0,0,0,0,0,0,0,0,0,0,0,8,1,8,4,7
10245,2,Ostkreuz,29908,1,19334,11.1,56.8,11.5,14.6,25,21.3,19,2.2,2.8,21.1,34.9,31.7,16.5,8.4,6.6,8,14.6,7.6,10.8,6.3,6.7,9.3,21.7,21.4,4.5,3.6,32.9,9.1,13.3,9.3,4.2,1.8,31666,31,69,44.1,49.7,28.9,12,8.1,0,25.4,18,34.4,1.4,5.4,7,5.4,0.6,16.8,3.4,5.2,5.6,14.7,18.9,35.4,47.3,2.9,0,0.2,76.5,19.2,1.2,0,0,0,0,2.9,0.1,0,0,0,0,0,0,0,0.1,0,0.1,0.2,0.2,76.1,0,0,0.6,13.3,3.1,2.4,0.4,0.1,0.7,0,0,0,0,0,0,0,0,0,0,0,0,0,0,9,1,9,5,9
10247,2,Samariterstraße,35295,0,18280,10.7,58.3,13.1,19.7,42.3,33.2,28.6,2.7,4.3,19.2,35,31.6,14.4,8.1,6.4,7.8,13.9,7.5,10.6,6,6.8,10.2,22.8,20.9,4.6,4,33.1,8.3,13.8,9.7,3.9,1.7,37913,33.4,66.6,57.5,24.8,63.8,24.9,0,0,26.4,18.2,33.8,1.4,5.9,8.1,4.5,0.5,16.2,3.7,5.1,5.6,15.4,19.7,34.4,44,1.7,0,0,75.5,22,0.8,0,0,0,0,1.7,0,0,0,0,0,0,0,0,0,0,0,0,0.6,74.8,0.1,0,1.4,12,2.8,5.8,0,0,0.8,0,0,0,0,0,0,0,0,0,0,0,0,0,0,9,1,9,5,8
10249,2,Volkspark Friedrichshain,26793,0,18748,10,42.9,13.4,22.1,36,26,17,2.5,4.1,24,34.7,31.8,15.9,8,6.9,7.7,12.2,9,10.4,6.3,7.6,11.1,20.8,16.3,3.8,5.5,27.4,7.2,17.1,14.4,6.3,2,28403,36.1,63.9,44.3,23,37.6,23.1,0,0,23.4,15.4,39.1,1.4,4.9,7.1,14,0.3,24.3,4.5,5,6.5,14.5,17.5,27.7,47.1,0.8,0,0.3,56.4,40.2,1.8,0,0,0.5,0,0.8,0,0,0,0,0,0,0,0.1,0,0.1,0.1,0,0.1,56.4,0,0.2,0.7,34,2.3,3.1,0,0.1,1.6,0,0,0,0,0,0,0,0,0,0,0,0.5,0,0,9,1,9,5,9
10315,11,Friedrichsfelde Nord,30478,1,17209,8,46.3,15,32.2,52,29.7,7.2,2.1,8.8,27.1,35.4,29.6,12.9,7.4,7,6.7,8.8,11.5,8.2,5.7,9.5,14,21.4,8.6,2.6,6.9,22.9,6.5,23.3,17.7,9,2.6,32452,43.8,56.2,58.7,40.8,39.7,7.2,0,0,25.3,17.8,42.8,1,4.5,7.9,20.7,0.1,33.3,7.9,5.5,8.3,9.9,17.4,17.7,35.3,2.9,0.2,0.2,16,69.3,11.2,0,0,0.2,0,2.9,0,0,0.2,0,0,0,0,0,0.2,0,0,0.9,0.8,14,0.3,0.8,0.1,56.1,7.4,5,3.3,2.2,5.7,0,0,0,0,0,0,0,0,0,0,0,0.1,0,0,8,2,8,3,7
10317,11,Rummelsburg,19841,0,18875,10,79.9,15.2,10.4,14.2,11.6,8.2,1.3,2.3,25.6,35.7,28.9,12.2,7.4,5.8,6.3,11.8,9,8.6,4.9,8.6,12.2,25.5,15.1,4.2,3.9,31.3,8.6,18.3,10.2,6.1,2.3,21271,43.8,56.2,51.6,27.7,12.8,3.9,0,0,17.9,11.7,35.3,1.4,6.5,8.4,7.8,0.5,23.5,5.8,4.7,5.8,10.8,21.7,27.8,38.7,0.2,0,0.5,62.5,34.3,2.3,0,0,0.1,0,0.2,0,0,0,0,0,0,0,0.1,0.4,0,0,2.1,3.1,57.4,0,1,0.9,19.9,3.7,8.9,1,0.5,0.8,0,0,0,0,0,0,0,0,0,0,0,0.1,0,0,9,1,9,3,9
10318,11,Karlshorst,23242,1,20943,8.4,36.1,10,26.9,30.1,23.2,10.8,2.1,5.6,37.5,31.7,29.6,21.8,8.5,9.9,8.2,10.5,12.1,8.4,6.3,8.8,10.4,16.9,7.3,3.3,3.1,27,12.9,17.3,14.2,12.7,2.2,26047,49.6,50.4,3,0,70.8,11,26.6,5.8,13.9,9.3,40.2,1.2,6.4,12.1,16.1,0,21.8,8.7,10.5,9.9,14.2,13.7,21.2,41.8,7.9,6.2,7.3,21.7,32.9,16.6,0.2,1.7,5.5,0,4.1,1.4,2.4,3,0.2,1,2.1,0,2.1,2.2,1.1,1.9,4,3.1,14.5,0.1,0.5,0,18.3,3.3,10.9,5.3,5.5,5.9,0,0.2,0.1,1.6,0,0,0.1,0.4,1.7,0.7,0.4,2.3,0,0,8,9,5,3,7
10319,11,Friedrichsfelde Süd,23205,0,17192,7,24.6,14.4,19.6,33.7,19.5,3.6,0.8,4.8,29.9,34.6,31,15.9,7.8,7.8,6.7,7.5,13.6,8.5,6.3,10.3,14,17.5,5.9,2.2,6.9,19.2,6,19.7,24.6,13.2,2.3,23975,46.6,53.4,24.9,7.7,65.8,9.8,0,0,18.6,11,48.9,0.7,3.8,7.7,33.9,0,43.2,8.3,6,9.7,9.5,12,11.4,34.5,3.2,0.2,0.8,5.1,68.9,20.3,0,0.1,1.4,0,3,0,0.2,0,0,0.2,0,0,0.3,0.2,0.2,0.1,0.6,0.5,4.1,0,0.1,0,64.8,0.9,3.1,4.8,5.9,9.7,0,0,0,0.1,0,0,0,0.2,0.8,0.2,0.1,0.2,0,0,3,5,3,4,3
10365,11,Siegfriedstraße,23312,0,17378,8.4,51.1,15.3,15.1,26.3,15.8,4.8,1.1,4.3,31.1,35.4,30,13.1,7.5,7.5,7.2,9.8,10.6,8.5,5.9,8.7,12.6,21.8,10.5,3.3,6.2,25.7,7.6,21.6,14.6,8.1,2.3,26217,40.3,59.7,18.7,20.4,55.2,23.9,0,0,28.8,20,39.7,1.1,5,8.9,16.3,0.1,27.6,7.2,6.3,8.5,11.7,17.9,20.9,34.5,3.5,0,0.3,28.1,62.3,5.6,0,0,0.1,0,3.5,0,0,0,0,0,0,0,0.2,0.1,0,0,0.5,0.7,27,0,0,0.4,49.6,6.7,5.7,1.6,2.2,1.9,0,0,0,0,0,0,0,0,0.1,0,0,0,0,0,8,2,8,3,6
10367,11,Stadtpark,20067,0,19323,9,58.2,14.1,20,28.7,19.6,6.5,1.3,5.4,27.1,35.5,30.4,13.6,7.4,7,7.2,9,11.2,9,6,9.1,13.6,20.6,9.3,2.9,6.9,22.6,6.3,21.8,19.3,8.3,2.7,21152,47.2,52.8,5,1.4,43.1,45.4,0,0,21.9,12.7,43.1,1.2,4.8,7.6,22.8,0.1,36.6,7.4,5.2,7.9,11.5,15.8,15.7,34.4,1,0,0.1,17.9,72.6,8.4,0,0,0,0,1,0,0,0,0,0,0,0,0,0,0.1,0,0.3,1,16.6,0,0,0,66.5,1.8,4.4,2.9,0.4,5.1,0,0,0,0,0,0,0,0,0,0,0,0,0,0,7,2,7,5,5
10369,11,Fennpfuhl,19082,1,18116,7.7,32.8,15.9,17.6,27.7,16.8,3.1,1.1,4.8,29.9,35,30.2,14.3,7.2,7.7,7.2,7.8,12.2,8.4,6.4,9.4,13.9,19.7,7.4,2.4,7.8,19.4,5.6,22,22.5,10.9,2.2,19822,48.8,51.2,0,0,57,32.4,0,0,21,11.5,47.2,0.8,4.2,7.9,31.1,0,36.4,9.6,5.9,10.9,9,14.8,13.4,34.1,4.5,0,0.5,2.4,83.1,9.5,0,0,0.2,0,4.5,0,0,0,0,0,0,0,0,0.5,0,0,0.3,0.1,2,0,0.4,0,80.8,1.3,0.6,2.6,2.4,4.5,0,0,0,0,0,0,0,0,0.1,0,0.1,0,0,0,3,2,4,4,3
10405,3,Prenzlauer Allee,28664,0,20235,11.8,50.1,9.3,22.6,31.8,32.6,30.6,4.3,3.8,23.5,32.4,29.8,21.1,8.4,8,9.1,14.4,7.9,10.7,6.9,6.4,8.9,19.2,20,4.1,4,31.2,8.2,14.5,11.3,5,1.7,30793,33.9,66.1,24.6,23.6,55,18.3,16.7,0.1,28.7,19.7,36,1.4,6.3,10.8,7.5,0.5,16.7,3.4,5.7,6.2,16.1,17.2,34.6,54.6,4.8,0,0,60.9,33.9,0.4,0,0,0,0,4.8,0,0,0,0,0,0,0,0,0,0,0,0.1,0.3,60.6,0,0,0.2,26.1,3,4.6,0.1,0,0.3,0,0,0,0,0,0,0,0,0,0,0,0,0,0,9,1,9,7,8
10407,3,Danziger Straße,23116,0,19791,10.6,44.6,11.1,15,22.7,19.3,12.3,1.9,2.8,27.3,32.9,29.8,18.9,7.8,8,8.2,11.8,9.5,9.5,6.4,8.1,10.7,20.1,16.9,4.2,2.4,32.4,8.4,9.4,18.4,6.6,1.2,24313,39.9,60.1,21.1,18.6,54.4,15.5,0,0,22.4,15.1,38.3,1.2,6,10.3,11.8,0.3,22.8,5.8,6.4,7.2,15.3,17.1,25.5,49.5,3.8,8.4,0.7,39.2,43.5,4,0,0,0.4,0,3,0.1,0.7,0,8.2,0.1,0.2,0,0.3,0.4,0,0,0.6,0.2,38.3,0.1,0.1,0.3,39,1.5,2.7,1.3,1.3,1.3,0,0,0,0,0,0,0,0,0.3,0,0,0.1,0,0,7,1,8,6,5
10409,3,Ostseestraße,21800,0,17161,9.2,40.5,14.4,21,30.9,22.2,8.2,1.3,4.6,26.2,35.1,30.5,13.7,7.6,7.2,6.6,9.6,12.2,8.4,5.6,10.1,12.8,19.9,11.1,3.2,4.2,24.9,6.9,14,22.3,11.4,2,22838,48.6,51.4,17,18.4,51,16.6,0,0,15.1,9.7,46,0.9,3.6,6.5,26.9,0.2,40,6.8,4.7,8,9.3,14.7,16.5,46.6,0.7,0,0.2,18.5,67.5,12.7,0,0,0.5,0,0.7,0,0,0,0,0,0,0,0,0.2,0,0,0.7,0,17.8,0,0,0.1,63.9,0.8,2.7,2.8,1.8,8.1,0,0,0,0,0,0,0,0,0.5,0,0,0,0,0,6,2,7,4,6
10435,1,Kollwitzplatz,16076,0,21618,12,38.2,8.8,10.6,14.3,16.7,17.5,2.5,1.5,22.9,30.9,28.6,23.7,8.1,8.2,9.3,15.8,7.3,11,6.9,6.2,7.8,19.5,22.1,5.3,2.6,36.7,9.3,9.8,9.3,3.8,1.1,17012,29.9,70.1,0.1,3.4,33,21.6,18.3,0.3,31.2,21.4,35,1.6,6.5,9.7,5.1,0.5,14.1,2.7,6.2,6.1,16.3,16.9,37.6,53.6,3.3,0,0,66,30.3,0.3,0,0,0.1,0,3.1,0.3,0,0,0,0,0,0,0,0,0,0,0,0,66,0,0,0.7,20.7,1.6,7.2,0.2,0,0.1,0,0,0,0,0,0,0,0,0,0,0,0.1,0,0,9,1,9,7,8
10437,3,Helmholtzplatz,30836,0,19257,11.1,39.1,9,9.6,14.9,16.2,18.4,1.9,2.1,20,34.1,30.8,18.6,8.4,7.2,8.6,15.2,7.3,10.8,7,6.2,8.9,20.4,25.7,4.7,2.8,34.1,9.4,9.2,9.1,3.7,1.4,32045,31.5,68.5,36,17.1,67.8,23.7,0,0,27.3,18.3,34.7,1.4,6.5,9.9,4.4,0.5,14.3,2.3,5.1,5.5,16,18,38.8,54.3,3,0,0.1,74.1,22.5,0.3,0,0,0,0,3,0,0,0,0,0,0,0,0,0.1,0,0,0.1,0.5,73.4,0.1,0.2,0.5,16.4,2.5,2.9,0.1,0,0.2,0,0,0,0,0,0,0,0,0,0,0,0,0,0,9,1,9,6,8
10439,3,Arnimplatz,27638,0,17727,10.1,44.9,10.3,20.1,31.4,30,27,2.9,4.8,23.1,34.6,31.5,16.5,8.4,7.8,8.6,13.6,8.5,10.4,6.6,7.2,9.1,19.9,18.6,4.4,3.7,31.9,7.7,13.6,13.2,5.2,1.6,28615,35.6,64.4,38.6,40.5,35.7,14.3,0,0,22.9,15.9,36.7,1.3,5.3,7.5,8.6,0.4,19.6,4.3,6.1,6.5,16.5,16.7,30.4,52.5,1.4,0,0,47.2,50.7,0.7,0,0,0,0,1.4,0,0,0,0,0,0,0,0,0,0,0,0,0.1,47.1,0,0.1,0.4,47.6,0.9,1.7,0.1,0,0.6,0,0,0,0,0,0,0,0,0,0,0,0,0,0,9,1,9,4,9
10551,1,Birkenstraße,17470,0,17325,9.5,70.6,13.8,13.3,12,20.2,13.1,1.8,2.5,20.6,35.2,30,13.6,7.8,7.1,8.8,11.3,7.9,7.4,7.4,8.6,10.3,23.6,14.9,3.2,4.5,32.7,6.1,20.1,12.7,3.6,2.2,18617,34.2,65.8,61.3,22.6,0,0,0,0,46.9,29.7,38.3,0.9,4.5,8.6,11.6,0.3,18.4,6.2,6.1,8.4,11.3,21.6,28,40.5,0,0,0.5,19.6,78.6,1.3,0,0,0,0,0,0,0,0,0,0,0,0,0.1,0.4,0,0,0,0,18.2,1.4,0.1,11.8,62.2,1.7,2.8,0.2,0,1.1,0,0,0,0,0,0,0,0,0,0,0,0,0,0,7,1,8,2,7
10553,1,Beusselstraße,10577,0,17706,8.9,67,15.4,4.1,4.1,6.9,3.4,0.6,1.1,24.4,36.2,27.8,10.6,7.3,5.4,7,11.4,7.1,6.9,6.4,8.7,11.4,28.5,16.8,2,5.9,29.7,6,20.1,13.6,2.6,3.4,11260,31.8,68.2,20.7,30.1,0,0,0,0,56.4,38.8,36.3,1.1,4.3,8.9,8.8,0.4,16.1,6.2,4.2,6,9,26.8,31.7,32.5,0,0.1,0.6,52.8,46.6,0,0,0,0,0,0,0,0,0,0,0,0.1,0,0,0.6,0,0.1,0,0.1,16.5,36.2,0.2,11.3,31.3,3.5,0.3,0,0,0,0,0,0,0,0,0,0,0,0,0,0,0,0,0,8,1,9,1,8
10555,1,Alt-Moabit West,17168,1,18862,10,66.7,9.2,14.3,9.1,18.8,13.5,2.4,2.6,22.5,33.4,29.6,18.6,8.4,8.9,10.1,11.3,8.7,8.8,8,7.8,9,19.1,12.6,2.7,4.1,30.8,6.5,18.6,17.9,4.8,2,17951,36.8,63.2,8.9,11.9,24.7,11.4,21.4,2.6,42.2,26.2,39.9,0.9,4.3,9.6,14.3,0.3,15.9,5.4,8.3,9,15.4,17.3,28.7,45.6,0,0,0.2,12.5,85.8,1.4,0,0,0,0,0,0,0,0,0,0,0,0,0,0.2,0,0,0,0,10.8,1.7,0,7.3,76.9,0.7,0.9,0.1,0,1.4,0,0,0,0,0,0,0,0,0,0,0,0,0,0,6,2,7,3,6
10557,1,Moabit Südost,16688,0,19842,10,58.7,11,12.6,6.6,13.1,7.5,1.6,2.2,27.2,31.6,29.4,20.3,8.5,8.9,9.7,10.8,9.4,8.2,7.8,8.9,8.9,18.9,11.5,2.9,2.9,33.7,7.1,14.6,20.2,5.9,1.3,17649,37.4,62.6,21.5,6.1,22.9,10.8,9.5,8.9,42.9,24.6,41.5,0.9,4.6,10.3,17.8,0.3,21.2,6.9,8.9,9.2,13,16.9,24,48.7,5.4,0.1,0.5,9.5,80.7,3.1,0,0,0.7,0,5.4,0,0,0.1,0,0,0,0,0.1,0.2,0.2,0,0,0.6,8.7,0.3,0,3.3,74.1,2.5,0.8,0.7,0,2.4,0,0,0,0,0,0,0,0,0.1,0,0.2,0.5,0,0,5,2,7,3,6
10559,1,Stephanstraße,15321,0,17559,9.3,68.5,13.5,9.1,7.8,13.1,8.8,1.3,1.7,21.5,35.1,30,13.2,7.4,6.8,8.4,11.1,7.9,7,7.1,8.9,10.4,25,14.3,2.8,4.6,32.6,6.3,20.3,12.5,3.8,2.8,16294,36.6,63.4,34.7,19.2,12.3,7.2,0,0,50.2,29.5,36.9,1.1,5.1,10.1,10.6,0.4,18.5,5.5,5.4,7.5,10.7,22.9,29.5,39.3,0.1,0,0.6,18.3,80.9,0,0,0,0,0,0.1,0,0,0,0,0,0,0,0,0.6,0,0,0,0,14.1,4.3,0,20.9,56.4,2.3,1.3,0,0,0,0,0,0,0,0,0,0,0,0,0,0,0,0,0,7,1,8,2,6
10585,4,Deutsche Oper,13813,1,21375,9.8,48.5,9.8,14.3,8,17.3,10.6,2.3,2.8,27.1,32.2,29.7,21.4,8.4,9.8,10.8,11.4,8.8,8.6,8.4,7.8,8.1,17.9,12,3.2,3.5,33,6.8,17.1,17.8,5,1.7,14513,36.7,63.3,0,0.2,18.8,23.2,18.9,4.4,45.1,27.1,43,1,4.1,8.5,18.6,0.2,14.7,5.9,9.2,10.7,16.9,15.8,26.9,49.1,0.3,0,0.1,4.1,94.3,1.2,0,0,0,0,0.3,0,0,0,0,0,0,0,0,0.1,0,0,0,0,3.3,0.7,0,4,87.6,0.9,1.9,0.1,0,1.1,0,0,0,0,0,0,0,0,0,0,0,0,0,0,6,2,7,3,6
10587,4,TU/Otto-Suhr-Allee,12552,1,20714,10,52.2,9.8,11.2,4.7,11.1,5.4,1.5,2.3,47,32.6,30,20.5,8.6,9.3,10.1,11.4,9.2,8.6,8.1,8.3,8.5,18,12.4,3.4,3.1,33.1,7.4,16.1,17.4,5.5,1.7,12948,38.8,61.2,5.7,7.1,30.7,9.5,4.7,0.6,43.1,25.1,43.3,0.8,4,8.2,19.5,0.2,17.3,6.3,8.8,9.8,14.8,16.2,26.8,48.3,0,0,1.2,12.7,83.2,2.9,0,0,0,0,0,0,0,0,0,0,0,0,0,1,0.1,0,0,0,12.5,0.1,0.2,10.1,71.2,0.6,1.1,0,0.2,2.7,0,0,0,0,0,0,0,0,0,0,0,0,0,0,7,2,8,2,7
10589,4,Mierendorffplatz,14312,0,19405,9,47.3,11.1,12.1,7.5,14.7,8,1.7,2.5,28.5,34,30.2,17.5,8.3,8.1,9.3,10.6,9,8,7.7,8.8,9.5,20.9,13.3,3,3.4,33.5,6.8,17.1,16,4.9,2.2,15108,40.6,59.4,6.5,13.7,28,17.9,1.6,0.3,41.9,24.9,41.6,0.8,3.9,8,15.6,0.2,20.4,6.8,7.4,9.7,13,18.1,24.5,42.3,0.2,0,0.8,13,86,0,0,0,0.1,0,0.2,0,0,0,0,0,0,0,0.1,0.6,0,0,0,0,12.9,0.1,0.4,10.7,70.1,2.2,2.7,0,0,0,0,0,0,0,0,0,0,0,0,0,0,0.1,0,0,7,2,8,2,7
10623,1,Savignyplatz,6054,0,26735,10.9,36.3,7.5,8.3,2.8,9,5.4,2.4,1.5,60.6,18.8,25.8,39.5,9.1,12,14.1,13.7,7.4,10.5,9.2,5.6,5.8,12.6,15.4,5.3,0.8,41.4,9.6,4,17,6.1,0.4,6279,29.6,70.4,0,0,0,0,15.2,13,43.8,26.8,45,0.7,3.2,8.5,21.2,0.2,7.8,3.6,11.3,8.7,21.2,14.9,32.6,56.4,15.2,1.2,2.7,5.6,73.8,0.1,0,0,1.3,0,14.8,0.1,0.3,0.6,0,0,0.6,0,0.2,2.1,0.4,0,0,0,5.6,0,0.4,5.4,66.7,0.2,1.1,0.1,0,0,0,0,0,0,0,0,0,0,0.6,0,0,0.7,0,0,4,3,4,5,3
10625,4,Karl-August-Platz,11207,1,22584,10.4,46.7,8.5,11.9,4.3,12.6,6.5,2.3,2.2,29.7,27.6,27.2,28,9,10.9,12.2,12.3,8,9,9.3,7,6.8,15.6,12.8,3.9,3,34.9,7.1,15.2,17.1,4.9,1.2,11602,31.9,68.1,0,0,3.1,2.4,22.3,24.6,45.8,29.8,44.4,0.8,3.4,7.5,20,0.2,11.8,4.7,9.9,10.3,19,15,29.3,57,0,0,1,3.5,94.1,1.4,0,0,0,0,0,0,0,0,0,0,0,0,0,0.9,0,0,0,0,3.5,0,0,2.5,90.4,0.4,0.8,0.1,0,1.4,0,0,0,0,0,0,0,0,0,0,0,0,0,0,6,2,7,4,5
10627,4,Westliche Kantstraße,12515,0,22062,11.6,64.5,10.1,3.3,1.8,4.5,2.6,0.7,0.7,25.1,29.9,28.5,24.6,8.8,11.1,11.7,13.4,7.7,8.1,8.8,7.1,6.5,17,13.1,3.3,4.1,33.6,6.5,20,13.5,4.2,1.8,13603,33,67,0,5.1,16.8,18.3,8.2,13,49.9,32.5,40.9,1,3.9,9.6,15.4,0,10.7,5.1,9,10.9,16.6,16.5,31.2,66.6,0.9,0,1.1,4,93.9,0.1,0,0,0,0,0.9,0,0,0,0,0,0,0,0,1.1,0,0,0,0,4,0,0.6,9.4,81.2,1.7,1.1,0,0,0.1,0,0,0,0,0,0,0,0,0,0,0,0,0,0,8,1,8,3,7
10629,4,Sybelstraße,13093,0,26076,11.4,47.5,7.4,12.5,4.7,13.4,7.5,3.4,2.1,33.9,21,26,36.5,9.6,12.4,13.5,13.4,7.6,9.2,8.7,6.4,6.1,13.1,11.5,3.7,2.7,36.1,8.2,14,17.1,5.7,1,13605,31.7,68.3,0,0,6.1,3,38.7,13.7,39.9,24.7,46,0.7,3.7,8.4,22.8,0.2,10.2,4.7,12.1,8.6,19.4,14.5,30.4,64.3,15,0,0.4,2,82.6,0,0,0,0,0,14.6,0.4,0,0,0,0,0,0,0,0.4,0,0,0,0,2,0,0,2.1,77.1,1.4,2.1,0,0,0,0,0,0,0,0,0,0,0,0,0,0,0,0,0,7,2,7,6,4
10707,4,Olivaer Platz,12222,0,26149,10.6,32.5,5.3,13.7,4,12.2,5.8,2.8,1.8,41.8,22.9,26.5,34.2,9.3,11.8,13.4,12.9,8.6,9.2,7.6,7.1,6.7,13.4,9,3.1,1.8,37.3,8.3,11.9,20,7.7,0.9,12809,35,65,0,0,0,0,38.6,19.2,41.5,24.5,46.3,0.9,3.8,8.1,24,0.1,9.9,4.7,12.4,8.6,20.5,13.9,30.1,46.4,38.8,0,0,2.7,56.8,1.8,0,0,0,0,38.1,0.7,0,0,0,0,0,0,0,0,0,0,0,0,1.7,1,0,1.3,54.4,0.2,0.9,0.8,0.2,0.8,0,0,0,0,0,0,0,0,0,0,0,0,0,0,7,6,6,6,4
10709,4,Hochmeisterplatz,9748,1,23290,9.5,37.9,6.2,17.9,5.5,15.3,7,4,2.9,45.7,27.3,27.8,28.2,9.2,10.3,11.2,11.3,9.8,9.5,7.9,7.6,8.1,15.1,9,2.9,2.3,32.6,8.4,13.6,22.1,7.7,1.4,10475,40.9,59.1,0,0,2.3,3.4,25.3,16.3,39.5,23.1,46.5,0.7,3.6,8.4,24.9,0,14.4,6.5,11.8,10,17.5,13.8,26,40.6,9.7,0.4,0.4,3.4,80.9,4.7,0,0,0.6,0,9.7,0,0,0,0.4,0,0,0,0,0.4,0,0,0,0,2,1.4,0.2,0,77.4,0,3.4,1.9,0.4,2.4,0,0,0,0,0,0,0,0,0.2,0,0.2,0.2,0,0,4,2,5,5,3
10711,4,Bahnhof Halensee,10253,1,24296,10.7,46,6.9,6.5,2.1,5.5,2.8,1.1,1.2,38.7,24.6,26.6,31.8,9.5,11.2,12.6,12.1,8.7,9.6,8.4,6.8,7.1,14,10.6,2.9,2.7,35,8.9,13.5,18.8,6.5,1.3,10644,39.1,60.9,0,0.3,4.6,1.2,17.9,24,37.5,21.9,45.4,0.8,3.6,8.3,21.6,0,9.5,4.5,11.8,9,20.3,14.3,30.6,49,15.4,0,0.3,12.1,67.9,4.1,0,0,0.3,0,15.3,0.1,0,0,0,0,0,0,0,0.3,0,0,0,0,0.9,11.2,0.1,1.1,64,0.6,2,2.7,0.5,0.9,0,0,0,0,0,0,0,0,0.1,0,0.1,0.2,0,0,7,3,7,4,6
10713,4,Volkspark-West,11488,0,20289,9.6,44.8,7.3,15.2,6.1,15.5,8.2,2.6,2.4,31.5,32,29.6,21.5,8.7,9.3,10.3,10.8,9.8,9.7,7.8,7.7,9,16.9,10.4,2.6,3.5,31.7,8.4,17.2,17.9,6.4,1.9,12785,44,56,0,0,5.6,16.7,18.6,16.8,39.9,25.2,41.8,0.9,4.1,10.2,17.5,0.1,15.8,6.1,10.1,10,16.9,15.2,26,36.8,3.4,0.1,0.3,12.5,80.4,3.1,0,0,0.3,0,3,0.4,0,0.1,0,0,0,0,0,0.3,0,0,0.1,0,3.8,8.5,0,1.4,76.8,0.6,1.6,1.2,0.2,1.7,0,0,0,0,0,0,0,0,0,0.1,0,0.2,0,0,5,1,7,3,4
10715,4,Volkspark-Ost,16406,1,20759,9.4,36,7,16.9,6.8,18,10.7,2.9,2.9,31.3,31,28.9,23.1,8.9,10.3,10.9,10.7,9.6,9.5,8.1,7.8,8.4,15.8,9.3,2.8,3.2,31.8,8,16.9,20.3,6.1,1.5,17301,43.3,56.7,0,0,0.2,0.4,47.3,30.1,35,20.8,43.3,0.9,4.3,9.7,19.7,0.2,14.3,6.1,10.8,10,18.1,14.4,26.4,44.4,7.8,0.3,0.5,4.5,82.3,4.3,0,0,0.4,0,7.7,0,0,0.3,0,0,0,0,0.1,0.4,0,0,0,0,2.1,2.5,0,1.3,79.9,0.3,0.8,0.9,0,3.3,0,0,0,0,0,0,0,0,0,0,0,0.4,0,0,6,3,6,4,4
10717,4,Güntzelstraße,15808,0,23375,10,39.7,6.5,12.7,4.2,12.6,7.6,2.6,1.8,31.8,25.6,27.1,30.6,9.4,11,12,11.8,8.8,9.7,8.4,7.2,7.5,14.3,9.8,2.9,3.1,33.7,8.1,15.3,19.7,6,1.4,16688,37,63,0,0,0,0,50.5,24.8,37,23,45.9,0.9,3.2,9,23.6,0.1,11.7,5.3,11.9,9.5,18.9,14.3,28.4,49.2,12.4,0,0.3,4.1,81.5,1.8,0,0,0,0,12.4,0,0,0,0,0,0,0,0,0.3,0,0,0,0,2,2,0,2.5,78.4,0.2,0.3,0,0,1.8,0,0,0,0,0,0,0,0,0,0,0,0,0,0,6,2,6,6,3
10719,4,Ludwigkirchplatz,9560,1,29442,11.4,25,5.2,7.6,2,6.2,3,1.9,1.3,51.3,19.3,25.8,38.8,9.4,11.9,13.9,13.9,7.7,9.4,8,6.6,6.4,12.8,11.1,2.9,0.9,42,9.1,5.7,20.4,7.5,0.5,10311,31.5,68.5,0,0,0,0,30.7,15.8,42.7,27.8,46.6,0.7,3.7,7.7,25.1,0.1,9.2,3.9,12.8,8.2,20.5,13.7,31.7,45.6,52.3,0.6,0.1,4.8,39.8,2.5,0,0,0,0,50.9,1.4,0,0.6,0,0,0,0,0,0.1,0,0,0,0,3.2,1.6,0,0.8,38.5,0,0.4,0.4,0,2.1,0,0,0,0,0,0,0,0,0,0,0,0,0,0,5,2,6,6,4
10777,4,Viktoria-Luise-Platz,11814,1,24342,11.1,49.2,9,5.4,2,5.6,3.1,1.5,0.9,31.9,26.4,27.5,29.3,8.6,10.5,11.7,11.7,8.7,9.3,8.6,7.4,7.9,15.8,13.1,3.5,1.9,37.3,8.3,9.8,19.3,5.8,1,12749,31.3,68.7,0,0,0.3,0.2,47.3,9.8,39.8,25.3,45.5,0.7,3.2,6.8,20.7,0.3,12.7,6,10.4,10.3,17.1,15.3,28.1,51.1,5.6,0.3,0.7,5.7,86.7,1,0,0,0,0,5.5,0.2,0,0.3,0,0,0,0,0,0.7,0,0,0,0,4.8,1,0,5.6,80.3,0.3,0.6,0.2,0,0.8,0,0,0,0,0,0,0,0,0,0,0,0,0,0,5,2,6,6,3
10779,4,Bayerischer Platz,8786,0,22208,10.1,43.3,7.8,13.6,4.9,13.8,7.8,1.9,2.3,30.2,29.5,28.6,25,8.6,9.8,10.9,10.5,10,9.1,7.8,8,8.7,16.5,9.8,3,2.4,33.3,7.6,13.6,22.6,6.6,1.2,9050,41,59,0,0,0,2.6,30.2,8,36.3,20.8,45.4,0.7,3.4,8.3,21.8,0.1,15.9,6.9,10.4,10.6,16.6,15.1,24.5,42.9,3.6,0,0,3.3,92.6,0.5,0,0,0,0,3.6,0,0,0,0,0,0,0,0,0,0,0,0.1,0,1.3,2,0,1.2,91.1,0,0.3,0.1,0,0.4,0,0,0,0,0,0,0,0,0,0,0,0,0,0,4,2,5,5,2
10781,7,Winterfeldtplatz,12959,0,20248,10.1,42.5,9.1,15,11,24.1,17.7,2.8,3,25.5,30.8,28.3,23,8.2,9.7,10.6,11.6,8.6,8.9,8.5,7.5,8.1,18.4,12.7,3.3,3.4,33.8,7.3,17.2,16.4,4.5,1.6,13745,36.8,63.2,4.1,3.7,20.7,2.4,26.7,4.1,38.6,23.4,41.9,0.9,4.2,10.5,15.4,0.2,13.4,5.9,9.5,10.1,16.3,16.6,28.3,46.5,0.5,0,0.3,15.6,82.4,1.2,0,0,0,0,0.5,0,0,0,0,0,0,0,0,0.3,0,0,0,0,8.4,7.2,0,7.8,72.6,0.6,1.4,0.1,0,1.1,0,0,0,0,0,0,0,0,0,0,0,0,0,0,5,2,5,6,2
10783,7,Bülowbogen,11729,1,19505,9.6,72,13.6,5.5,6.5,11.4,8.4,0.9,1.2,17.4,34.7,30.3,15.2,6.4,6.5,7.9,10.4,8.2,6,6.9,9.8,10.7,27.3,10.8,2.3,5,30.7,5.2,27.2,12.6,3.2,3.1,12585,31.9,68.1,16.9,20.3,12.3,7.2,0,0,64.4,40.1,39.3,0.7,4.7,11.8,13.7,0.3,24,6.9,4.9,7.4,9,23.6,24.2,32.3,0.1,0,0.9,20.8,78,0.2,0,0,0,0,0.1,0,0,0,0,0,0,0,0.1,0.8,0,0,0,0.3,12.9,7.6,0.6,18.7,47.1,7.1,4.5,0.2,0,0,0,0,0,0,0,0,0,0,0,0,0,0,0,0,4,1,5,4,2
10785,1,Potsdamer Platz,11181,0,25595,13,99.1,10.2,7.6,4.2,8,4.7,1.4,1.2,64.9,28.4,28.2,26.6,7.6,8.8,10.8,12.5,7.9,8.6,8,7.2,7.9,20.7,12.7,3.2,3.2,34.6,8.1,17.5,13.2,5.2,2.4,12859,26.8,73.2,12.5,7.6,17.9,11.3,5.2,3.5,59.8,37.7,38.8,0.9,4.7,10.5,12.4,0.4,13.7,5.9,8.1,10.5,14.4,18.5,28.9,44.1,11.6,0,3.1,18.1,65.7,0.8,0,0.5,0.3,0,10.3,1.2,0,0,0,0,0,0,0.2,1.8,1.1,0,0,0.5,17.1,0.4,0,20.6,37.6,2.9,4.5,0.4,0,0.4,0,0,0,0.5,0,0,0,0,0.2,0,0.1,0,0,0,7,3,7,4,5
10787,1,Zoo,6214,1,25720,9.6,19.4,8.5,6.3,3,5.7,2.7,1.3,1.2,40.6,25.2,27.7,30.6,8.4,10.6,11.9,12.3,8,9.1,8.5,7.3,7.5,16.4,12.4,3.2,1.2,39.8,8.3,7.6,19.8,7,0.7,6575,26.3,73.7,0,0,0,1.3,17.1,11,57.1,37.3,44.2,0.7,3.6,7.5,22.3,0,11.4,6,10.5,10.2,17.8,15.8,28.3,40.4,30.8,0.4,0.6,10.7,52.9,4.4,0,0,0.2,0,30.2,0.7,0,0,0.4,0,0,0,0,0.6,0,0,0,0,10.5,0.2,0.9,4,46.6,0.1,1.4,0,0,4.4,0,0,0,0,0,0,0,0,0.1,0,0.1,0,0,0,3,2,5,6,3
10789,4,Tauentzienstraße,4462,1,28301,10.4,38.3,7.7,6.7,2.3,6.3,3.1,1.4,1.1,43.1,23.1,26.8,33.7,8.6,11.1,12.8,12.5,8.3,9.4,8.8,6.7,6.9,15,14.2,4.1,1.8,37.8,7.8,8.9,18.4,6.2,0.9,4948,27.6,72.4,0,0,0,0,12.2,10.1,58.9,36.6,44.2,1,4.2,9,20.3,0.2,10.8,5,10.1,10.8,19.4,14.8,29.1,51,12.1,0,1,5.9,78.5,2.3,0,0,0.3,0,11.2,0.8,0,0,0,0,0,0,0,1,0,0,0,0,5.7,0.2,0,5.1,71.9,0.9,0.5,0.2,0,2.1,0,0,0,0,0,0,0,0,0,0,0,0.3,0,0,5,2,5,7,2
10823,7,Alt-Schöneberg,8546,0,20121,10.8,56.5,9.2,,,,,,,24.6,31.7,29,22.4,8.2,9.3,10.8,11.5,8,8.9,9.1,7.4,8.3,18.5,16.1,3.6,2.4,39,7.9,11.6,14.2,4.1,1.3,9033,36,64,0,0.6,12,9.9,17.6,0.7,34.2,21.3,41.5,0.9,3.8,9.3,13.3,0.3,12.1,5,8.3,10.3,16.9,17.4,30.1,47.3,3.3,0,0.7,12.1,83.9,0,0,0,0,0,3.3,0,0,0,0,0,0,0,0,0.7,0,0.1,0,0,12.1,0,0.7,17.6,63.2,0.6,1.9,0,0,0,0,0,0,0,0,0,0,0,0,0,0,0,0,0,6,2,6,5,3
10825,4,Rathaus Schöneberg,9873,1,22342,10,41.2,6.5,10.7,7.1,16.1,10.7,1.5,2.1,31.6,27.9,28.3,26.7,9,10.5,11.2,11.2,9.7,8.7,7.6,8,8.2,16,9.7,3,2.8,33,7.3,16.3,19.9,6.9,1.3,10517,41.5,58.5,0,0,2,6.4,30.8,8.2,36.1,20.6,43.5,1,4.5,9.5,20.7,0.2,13.7,6.9,11.7,9.6,16.8,15.2,26.2,44.1,15.1,0,0.5,4.5,78.8,0.9,0,0,0.3,0,15.1,0,0.1,0,0,0,0,0,0.1,0.4,0,0,0,0.1,4.4,0,0,2.2,75.3,0.3,1,0.1,0.1,0.7,0,0,0,0,0,0,0,0,0.3,0,0,0,0,0,6,4,6,3,5
10827,7,Crellestraße,15005,0,19198,10,65.3,11.1,4.6,4.9,8.4,7.5,0.9,1,20.9,33.4,29.9,17.7,7.8,7.8,9.7,11.5,7.8,7.9,8.2,8,9.4,22,15.1,3.3,4.1,34.4,6.4,19.4,11.8,3.5,2,15874,37.6,62.4,17.8,17.2,21.6,15,0,0,45.5,26.6,38.4,1.1,5.3,9.5,11,0.3,15.3,6.4,6.6,11.1,12.9,19.4,28.5,43,0,0,2.9,18.2,78.8,0.2,0,0,0,0,0,0,0,0,0,0,0,0,0,2.9,0,0,0.1,0,17.7,0.5,1.2,12.9,57.7,2.5,4.6,0.2,0,0,0,0,0,0,0,0,0,0,0,0,0,0,0,0,7,1,8,4,4
10829,7,Schöneberger Insel,13866,0,18115,10,57.7,10.2,7.9,10.4,17.3,14.4,1.3,1.8,31.9,34.7,31,16.6,8.4,7.6,9.3,12.8,7.7,7.9,7.6,8.1,9.1,21.5,17.6,2.9,3,37,7.4,13.1,13.7,3.5,1.7,14649,36.8,63.2,49.8,16.2,0,0,0,0,36.2,22.2,38.5,1.3,4.8,8.6,9.3,0.4,16.1,5,7,8.4,12.9,18.9,31.7,58.6,0,0.2,1,29.5,69.2,0.2,0,0,0,0,0,0,0,0,0,0,0.2,0,0,1,0,0,0,0.3,16.7,12.5,2,12.4,49.4,3,2.4,0.2,0,0,0,0,0,0,0,0,0,0,0,0,0,0,0,0,7,2,7,3,4
10961,2,Gneisenaustraße,18738,1,19149,11,58.5,9.2,9.4,17.6,24.7,25,1.3,1.9,21.5,33.7,30.7,18.5,8.2,7.1,8.9,12.8,7.8,8.8,7.7,7.9,9.5,21.3,18.1,2.5,3.4,35.2,7.4,12.6,15.5,3.4,1.9,19676,32.5,67.5,31.5,35,20.4,1.8,0,0,41.1,26.7,38,1.1,4.6,9.1,9.1,0.5,16.5,4.7,6.8,8.1,13,18.2,32.7,41.6,0.7,0,0.8,46.2,51.8,0.5,0,0,0,0,0.7,0,0,0,0,0,0,0,0,0.7,0,0,0,0,9.4,36.8,1.9,6.1,39.6,2.3,1.9,0.1,0,0.5,0,0,0,0,0,0,0,0,0,0,0,0,0,0,7,1,8,5,4
10963,1,Kreuzberg-West,12940,1,22026,10.5,73.6,10.6,4.3,5.4,8.8,6,0.7,0.9,24.5,34,29.9,17.3,7.2,6.8,8.3,11.7,7,7.7,7.7,7.8,9.7,26.2,16.8,3.1,3,39.1,7.7,12.6,12.5,3.5,1.8,13480,34.9,65.1,21.7,21.8,12.2,4.2,0.8,0,56.7,32.4,36.5,1,5.4,12.4,9.5,0.3,16.3,7.6,5.4,9.5,10.7,22.5,28,36.9,0,0,0.7,30.2,67.8,1.2,0,0.1,0,0,0,0,0,0,0,0,0,0,0,0.7,0,0,0,0.4,17.9,11.9,0.8,13.1,36.8,14.9,2.3,0.3,0,0.9,0,0,0,0.1,0,0,0,0,0,0,0,0,0,0,3,1,6,4,2
10965,2,Mehringdamm,19692,1,20473,11,63.2,9.4,12.7,12.9,21.2,19.5,1.9,2.1,23,32.5,30,20.4,8.1,7.2,9.1,12,8.1,8.9,7.9,7.9,10.1,20.8,17.1,2.5,4.2,33.3,7.2,15.4,14.8,3.4,2.4,20459,35.6,64.4,13.4,37.2,34.6,7,0,0,38.2,23.3,38.7,1.3,5.2,10.2,10.4,0.3,16.6,5.6,6.7,9.3,13.2,18.5,30.1,40,0.4,0.1,0.4,39,59.4,0.8,0,0,0,0,0.3,0,0,0,0,0,0,0,0,0.4,0,0,0,0.1,8.4,30.5,1.2,8.5,44.1,3.6,2,0.1,0.1,0.6,0,0,0,0,0,0,0,0,0,0,0,0,0,0,6,3,5,4,3
10967,2,Graefestraße,20411,0,18788,11,69.2,12.1,5,11.7,14.2,14.2,0.9,1.2,18.7,33.7,30,18,7.4,7.3,9.3,11.9,7.6,7.9,7.8,8.1,9.7,23.1,15.8,2.9,4.5,33.3,6.2,19.5,12.3,3.1,2.5,21364,33.4,66.6,23.3,35.9,36.6,0.5,0,0,45,28,37.3,1.2,5.6,10,8.9,0.5,16.1,5.7,6,9,11.8,21,30.4,44.5,0,0,2.2,14.9,82.8,0.1,0,0,0,0,0,0,0,0,0,0,0,0,0,2.2,0,0,0,0.6,14.2,0.2,1.2,19.5,49.3,9.2,3.6,0.1,0,0,0,0,0,0,0,0,0,0,0,0,0,0,0,0,6,2,6,8,2
10969,2,Prinzenstraße,27156,0,19655,11.5,90.7,15.4,13.3,16,24.7,12.6,1.5,2.7,23.1,35.7,28.3,12.2,6.3,6.2,7,7.8,8.9,5.8,7,10.8,12.9,27.3,8.7,1.8,6.2,26.3,4.9,27.6,18,4.1,2.5,28189,45.4,54.6,61.6,29.1,27,9.5,0,0,67.3,33.3,37.3,1.2,6,15.2,13.4,0.2,27.3,8.2,4.4,8.2,7.9,22.9,21.1,33.3,1.1,0.4,1.1,13.1,78.6,5.7,0,0,0,0,1.1,0,0,0,0,0.3,0.1,0,0,1.1,0,0,0,0.7,6.9,5.5,7.7,5.6,59.1,3.9,2.4,1.7,0.2,3.8,0,0,0,0,0,0,0,0,0,0,0,0,0,0,1,2,2,6,1
10997,2,Wrangelstraße,26213,1,19379,11.8,93.1,13.1,5.7,20.7,19.3,21.3,0.9,1.4,18,34.8,30.7,15.4,6.8,6.4,8.3,12.1,7.6,6.6,6.9,9.4,10,26.1,14.4,2.8,5.4,32.9,5.3,22.9,11,2.7,2.6,26813,32,68,92.3,28.7,0,0,0,0,52.2,33,37.2,1.1,4.7,10.7,8.6,0.1,18.5,5.7,4.8,7.4,10.1,23.1,30.5,47.1,0,0,0.9,20.4,77.6,1.1,0,0,0,0,0,0,0,0,0,0,0,0,0,0.8,0.1,0,0,0.9,19.5,0,1.8,25.1,35.4,11,4.4,0,0.1,0.9,0,0,0,0,0,0,0,0,0,0,0,0,0,0,4,2,4,8,1
10999,2,Görlitzer Park,25492,1,20031,11.5,93.3,12.5,5.6,18.3,17.5,19.4,1,1.2,17.5,34.3,30.5,16.5,6.9,6.5,8.4,11.8,7.5,6.6,7,9.2,10.3,25.9,14.3,2.7,5.4,32.9,5,24,10.7,2.7,2.5,26077,33.1,66.9,80.5,32.1,4.8,0.4,0,0,53.1,33,37.4,1,4.6,10.9,8.9,0.6,18.1,6,4.9,7.8,10.3,23.2,29.8,44.3,2,0,1.4,19.3,76.8,0.6,0,0,0,0,2,0,0,0,0,0,0,0,0,1.3,0,0,0,0.8,18.4,0.1,2.7,24.8,38,7.4,3.9,0,0.1,0.5,0,0,0,0,0,0,0,0,0,0,0,0,0,0,4,2,5,8,1
12043,8,Rathaus Neukölln,14946,0,18035,10,89.8,15.8,4.2,11.9,11.7,14.2,0.7,1.1,15.6,35.8,28.6,11.5,6.6,5.7,7.3,9.8,7.9,6,6.6,9.5,11.9,28.8,13.8,2.6,5.4,30,5.3,25.7,10.6,3.2,3.4,15828,33.3,66.7,42.7,28.5,0.1,0,0,0,54.7,36.2,35.9,1.3,5.3,9.2,9.2,0.5,18.9,6.2,4.1,6.4,8.7,27.4,28.4,30.8,0.4,0,0.9,17.3,81.3,0,0,0,0,0,0.4,0,0,0,0,0,0,0,0,0.9,0,0,0,0.3,14.7,2.4,1.3,23.7,48.8,4.7,2.9,0,0,0,0,0,0,0,0,0,0,0,0,0,0,0,0,0,7,1,7,5,3
12045,8,Sonnenallee Nord,15973,0,17167,10.7,93.1,16.1,9.1,16.9,17.7,17,1.1,1.7,15.5,36,28.2,11,6.8,5.6,7.1,9.8,8.1,6.1,6.3,9.8,12.4,28,14.2,2.5,4.8,31.1,5,22.2,14.2,3.2,2.8,16675,32.8,67.2,51.8,23.4,0,0,0,0,48.6,32.7,36.7,1.2,5.1,8.2,9.2,0.4,21.1,5.9,4.1,6.1,8.9,25.9,28,38.2,0.1,0,0.5,15.1,82.8,1.7,0,0,0,0,0,0,0.1,0,0,0,0,0,0,0.5,0,0,0,0.8,14.3,0,1.1,22.5,53.4,4.9,0.9,0,1.6,0.1,0,0,0,0,0,0,0,0,0,0,0,0,0,0,7,1,7,6,3
12047,8,Maybachufer,15669,1,17926,10.6,75.8,13.9,1.2,3.5,3.6,3.9,0.2,0.3,16.7,35.2,30.7,14.1,7.1,6.1,8.1,11.2,7.8,6.9,7,8.9,10.9,26.1,16.4,3,4.5,33.2,5.5,20.1,11.7,2.9,2.9,15949,30.9,69.1,56.9,15,0,0,0,0,45.7,29.3,37.2,1.4,5,7.9,8.1,0.4,17.8,5.4,4.6,6.6,9.7,25.1,30.9,44.9,0,0,0.3,11.4,88.2,0.1,0,0,0,0,0,0,0,0,0,0,0,0,0,0.3,0,0,0,0.1,11.3,0,1.8,25.6,53.7,5.2,2,0,0,0.1,0,0,0,0,0,0,0,0,0,0,0,0,0,0,7,1,7,7,3
12049,8,Hermannstraße West,20086,1,16602,10,88.7,17.3,7.6,16.8,17.2,16.9,0.9,1.9,14,36.6,26.8,9.9,6.6,5.2,6.8,10.2,7.1,5.6,6.2,9.6,12.2,30.6,14.9,2.4,5.9,30.4,4.7,25.2,11.2,2.6,3,20999,32.1,67.9,73.8,20.9,0,0,0,0,51.3,34.2,36.6,1.1,4.6,8.5,8.3,0,16.1,6,3.8,5.5,8.5,29.2,30.9,39.7,0,0,0.4,18.7,79.4,1.6,0,0,0,0,0,0,0,0,0,0,0,0,0,0.4,0,0,0.2,0.5,18,0,4.3,18.4,45.4,9,2.2,0,0.3,1.3,0,0,0,0,0,0,0,0,0,0,0,0,0,0,7,1,8,3,4
12051,8,HermannstraßeSüd,25405,0,17560,9.5,80.3,16.2,5.3,8.8,9.6,7.2,0.6,1.4,15.4,36.6,26.5,9.9,6.3,5,6.3,9,7.7,5.3,5.7,10.5,12.9,31.3,11.4,2.3,6,28.9,4.9,30.2,10.2,2.7,3.3,26758,37.2,62.8,74.4,46.3,0,0,0,0,57.8,36.2,35.8,1.1,5.4,11.9,10,0.3,20.4,7.5,4.2,5.6,8.1,27.5,26.8,30.9,0.1,0,0.6,26.8,69.3,3.2,0,0,0,0,0.1,0,0,0,0,0,0,0,0,0.6,0,0,0,1.6,24.2,1,1.6,22.5,31.8,8.8,4.7,0.2,0.2,2.8,0,0,0,0,0,0,0,0,0,0,0,0,0,0,7,2,7,3,5
12053,8,Rollbergstraße,18800,0,18596,10.4,98.9,16.4,9.8,19.1,20.8,16.4,1.1,2.3,15.4,36.2,27.8,10.5,6.4,5.4,6.6,9,8,5.3,6.3,10.4,12.5,30.1,11.5,2,6.8,28.5,4.5,28.7,12.1,2.9,3.1,19291,36,64,65.4,21.6,0,0,0,0,57.3,35.7,37.1,1,5,10.9,11,0.3,19.8,7.1,4.1,6.1,8.3,27.3,27.3,34.9,0,0,0.3,20.7,78.3,0.7,0,0,0,0,0,0,0,0,0,0,0,0,0,0.3,0,0,0,0.9,14.8,5,4.6,17.2,42.6,11,3,0.1,0.1,0.5,0,0,0,0,0,0,0,0,0,0,0,0,0,0,5,1,7,5,3
12055,8,Richardplatz,14800,0,17525,10,99.2,16.7,3.4,7,6,6.1,0.4,0.8,16.1,36.4,27,10.3,6.5,5.3,7.1,9.3,7.8,5.8,6,9.7,12.6,29.9,12.3,2.1,6.5,27.6,4.3,30.4,10.3,2.7,3.8,15403,34.3,65.7,49.6,15.5,4.4,0,0,0,52.6,35,35.3,1.1,4.8,10.2,7.4,0.4,18.6,6.9,4.3,5.8,8.8,27.7,28,30.5,0,0,1.8,15.3,81.6,1.4,0,0,0,0,0,0,0,0,0,0,0,0,0,1.8,0,0,0,0,15.3,0,2.1,26.4,46.1,4.5,2.5,0.2,0.2,0.9,0,0,0,0,0,0,0,0,0,0,0,0,0,0,8,1,8,3,7
12057,8,Sonnenallee Süd,15587,1,17834,6.7,31.4,14.9,7.7,5.5,10.1,2.5,0.7,1.6,23.6,36.4,27.3,10.9,6.2,5.9,6.2,6.7,10.4,5.2,6.1,11.8,14,27.7,6.5,1.5,6.3,23.5,5.1,32.1,16.9,5.4,2.8,16480,51.4,48.6,59.4,14.4,0.4,0.1,0,0,66.2,33.3,35.7,1.6,8.3,16.6,13,0.1,30.6,8.4,4,6.9,6.9,23.3,20,26.5,0.1,1.1,2.8,10.5,72.7,11.9,0,0,0.9,0,0.1,0,0,0.3,0,0.5,0.3,0,0.3,2.1,0.3,0,2.7,4.9,2.2,0.7,20,2.4,37.7,9.8,2.8,0.3,3.2,8.4,0,0,0,0,0,0,0,0,0.1,0,0,0.8,0,0,2,3,1,5,1
12059,8,Weigandufer,18302,1,17003,9.5,82.3,15.3,6.1,8.7,9.5,7,0.6,1.3,18.6,36.5,27,10,6.6,5.3,6.8,8,9.2,6,5.9,10.6,13.9,27.8,9.9,2.1,6,27.8,4.5,27.9,15.2,3.9,2.8,19240,38.3,61.7,71.3,15.5,0,0,0,0,48.8,32,37.3,1.2,5.8,9.9,11.5,0.4,26.9,7.6,4.1,6.4,8,24.4,22.6,28.1,0,0.1,0.1,10.2,87.9,1.7,0,0,0,0,0,0,0,0,0.1,0,0,0,0,0.1,0,0,0,0.4,9.6,0.2,2.1,11.9,67.5,4.7,1.7,0.4,0.2,1.1,0,0,0,0,0,0,0,0,0,0,0,0,0,0,7,2,7,4,5
12099,7,Tempelhof-Ost,14300,0,18527,8.5,54.5,10.9,14.1,7,14.3,7,1.4,2.8,36.5,34.9,29.4,15.1,7.8,7.3,8.3,9.3,10.3,8,6.8,9.7,11.5,21.1,10.9,3,2.7,33.3,7.6,16.1,17.9,6.4,2.1,15730,46.8,53.2,19,17.6,21.8,12.5,0,0,43,24.9,40.1,1.4,5.2,9.4,16.1,0.2,26.5,7.6,7.4,8.4,11.9,17.4,20.9,31.5,2.5,0.5,1.5,15.3,71.3,8.9,0,0,0.1,0,2.5,0,0,0.1,0,0.2,0.3,0,0.1,1.1,0.2,0,0.4,0.9,8.4,5.7,0.6,3.9,61.6,1.5,3.8,2.9,0.7,5.3,0,0,0,0,0,0,0,0,0.1,0,0,0,0,0,6,2,7,2,5
12101,7,Tempelhof-Nord,15433,1,21187,9,53.3,9.3,11.9,4.5,11.5,5.4,1.2,1.8,42.8,31.4,29.2,20.6,8.3,8.5,8.5,8,12.8,7.6,6.7,10.2,11.6,17.7,6.4,2.3,3.1,26.5,8.2,19.3,20.4,11.7,2.1,16643,52.1,47.9,0.1,2.1,33.7,15.6,17.8,5.8,36.5,18.8,42.6,1,4.9,11.9,20.1,0.1,27.7,9.2,8.8,10.6,11.6,14.6,17.6,32.9,5.6,4.2,4.2,4.7,66.6,9.6,0,0.1,5,0,2.6,2,1,3.6,0,0.1,0.4,0,2.8,1.1,0.4,0,0.3,0.6,3.2,0.6,1.6,1,60,0.7,3.3,2.5,1.5,5.6,0,0,0,0.1,0,0,0,0.3,1,0.1,0.4,3.3,0,0,2,9,1,5,1
12103,7,Tempelhof-West,19495,0,18604,8.5,42.6,10.3,16.6,8,16.8,8.4,1.7,3.3,42.5,34.4,30.3,15.6,8.1,7.7,8.5,9.1,11.1,7.9,7,9.8,10.9,19.9,9.6,3,2.8,31.6,7.3,16.7,19.9,7.1,2,20484,51.4,48.6,2.4,0,66.8,23.1,0,0,32.2,17.2,43.1,1,4.3,9,19.5,0.1,26.6,8,8,9.8,12.3,16.1,19.1,38.1,1,0,0.7,6.3,86.3,5.7,0,0,0,0,1,0,0,0,0,0,0,0,0.2,0.5,0,0,0.2,0,5.6,0.6,0,3.8,76.8,0.7,5.1,2.9,0.2,2.6,0,0,0,0,0,0,0,0,0,0,0,0,0,0,6,2,6,4,4
12105,7,Mariendorf-West,22725,1,18944,8,42.3,10.5,28.9,11,26.4,9.6,2.6,5.7,42.6,34.9,30.5,14.7,8.3,7.7,7.7,8.2,12.6,7.9,6.5,10.9,11.9,18.3,8,2.6,2.8,29.9,7.6,15.8,21.9,9.6,1.9,23689,56.7,43.3,15.5,9.7,54.9,26.7,0,0,30.9,15.2,44.7,1,4.2,9.1,23.4,0,31.7,8.8,7.8,9.6,11.2,14.8,16.1,38.8,1.3,0.9,1,3.8,74.6,15.7,0,0.1,2.6,0,1.1,0,0.1,0.5,0,0.1,0.4,0,0.1,0.6,0.3,0,0.2,0.1,3,0.5,0,0.9,67.2,1.1,5.5,7,0.9,7.8,0,0,0,0.1,0,0.1,0,0.1,0.6,0,0.3,1.6,0,0,4,3,5,4,3
12107,7,Alt-Mariendorf,20082,1,22599,8,39.4,7.7,36.4,7.5,23.9,6.7,3.7,5.5,42,31.5,28.9,20.7,9.6,9.7,8.3,8.4,13.3,8.1,7.1,10,10.6,14.9,6.2,2.2,2.2,25.8,11.2,13.5,21.8,15.2,2.1,21071,58.9,41.1,23.7,12.2,43.5,15.6,0,0,27.7,13.7,47.4,0.7,3.8,10.2,28.3,0,25.2,9.8,10.8,11,13,12.5,17.8,37.5,4.9,8.1,6.5,8.7,36.7,22.1,0,1,12.2,0,1,2.9,1,5.4,0.2,0.6,2,0,1.1,3.6,1.8,0,1,1.7,4.9,1.1,0.6,2.6,27.2,2.2,4.1,4.7,2.8,14.6,0,0,0,1,0,0,0,0.2,5.1,0.8,0.8,5.4,0,0,4,9,2,4,3
12109,7,Rixdorfer Straße,14891,1,20216,7.5,34.9,9.9,20.1,5.2,14.7,4.3,2.1,2.9,37.5,34.5,30.3,16,8.1,7.7,7.2,7.9,13.2,7.7,6.4,11.3,12.3,18.3,7.2,2.5,2.2,29.5,8.3,13,24,11.5,1.8,15603,58.5,41.5,31.1,8.1,22.5,8.7,0,0,30.4,13.9,46.4,0.8,3.9,9.1,25.9,0,33.9,9.2,7,10.5,10.2,14.4,14.9,35.5,0.5,2.4,4.2,8.2,55.2,24.1,0,0.2,5.1,0,0.1,0.4,0,1.5,0.1,0.6,0.3,0,1.8,1.8,0.6,0,1.9,0.6,5.8,0,0.3,1,41.8,3.5,8.6,5.2,3.6,15.3,0,0,0,0.2,0,0,0,0.1,0.9,0,0.4,3.7,0,0,3,6,2,4,2
12157,6,Grazer Damm,18990,0,19481,9.2,47.4,10.2,23.2,10.7,27.1,14.2,2.9,4.4,28.3,33.8,29.1,17.2,8.2,8.4,8.9,9,10.8,7.8,7.2,9.4,10.2,20.2,8.2,2.6,4,29.4,7.9,21.3,18.3,6.4,2,19690,49.6,50.4,1.8,3.6,58.9,24.5,0,0,34.9,17.5,41.6,1.1,4.6,10.1,17.1,0.1,22.6,7.3,8.7,9.1,12.8,17.8,21.7,37.4,0.7,0,0.3,16.9,80.2,1.8,0,0,0.1,0,0.7,0,0,0,0,0,0,0,0,0.3,0,0,0.1,0.1,3.8,12.9,0,1.7,75.3,1.6,1.6,0.2,0.3,1.3,0,0,0,0,0,0,0,0,0.1,0,0,0,0,0,6,4,6,4,5
12159,7,Breslauer Platz,14259,1,21647,9.9,43.1,6.2,12.1,5.2,16.7,10.3,1.7,2,32.8,27.3,27.4,28.2,9.6,11.6,11.5,11.2,10.4,8.7,7.7,7.6,7.4,14.2,6.6,3,2.6,32.8,10,17.4,18.3,7.9,1.3,14936,43.9,56.1,0,0,1.5,4.8,48.3,12.7,25,13.3,43.9,0.7,4.5,11.2,20.4,0.1,13.6,6,13,9.2,17.2,13.9,27.1,49.7,15.9,0.7,1,12.7,61.7,7,0,0,1.1,0,15.9,0,0,0.6,0,0.1,0,0,0,0.7,0.3,0,0,0,1.4,11.3,0.5,0.6,54.7,1.3,4.6,2.4,0.9,3.7,0,0,0,0,0,0,0,0,0,0,1,0.1,0,0,5,5,4,5,3
12161,6,Friedrich-Wilhelm-Platz,17049,0,21258,9.9,41.4,5.4,13.3,6.4,19.1,13.7,2.3,2.4,32.8,28.2,27.6,27.1,9.3,10.9,12.1,11.2,9.3,9.4,8.4,6.9,7.5,15,8.3,3.2,2.6,34,10.1,16,18.1,6.6,1.2,17811,45.6,54.4,0,0,0.2,1.5,49.5,29.1,25.2,12.8,42.6,1,4.6,11.2,17.4,0.1,9.8,5,12.3,9.7,19.5,14.4,29.3,42.8,8,0,0.3,15.5,74.9,1.2,0,0,0.1,0,8,0,0,0,0,0,0,0,0,0.3,0,0,0,0,4.4,11.1,0,2.3,69.6,0.6,2.5,0.9,0.1,0.3,0,0,0,0,0,0,0,0,0,0,0,0.1,0,0,6,3,6,6,4
12163,6,Schildhornstraße,19183,0,20700,9.3,42.6,6.6,19.3,6.8,20.5,11.7,3,3.2,32.7,29.9,28.5,24.7,9.1,11,11.1,11.1,10.1,8.8,8.1,7.6,7.7,15.5,8.7,3.6,2.4,33.6,9.4,15.8,17.1,8.1,1.3,19697,47.2,52.8,0,0,6.8,12.3,55.6,14.1,28.6,15.3,43.8,0.9,4.5,9.8,21,0.1,11.8,6.1,12,10.1,17.7,14.6,27.7,48.3,7.2,0.7,1.9,9.3,73.5,6.8,0,0,0.6,0,5.4,1.7,0.2,0.4,0,0.1,0.2,0,0.5,1.3,0.1,0,0,0,5.7,3.7,0,2.1,66.2,0.5,4.8,4,0.5,2.2,0,0,0,0,0,0,0,0,0.2,0,0.3,0.2,0,0,6,3,7,4,5
12165,6,Fichtenberg,4867,0,23207,9,36.8,6.7,8.6,2.2,6.8,4.5,1.7,1.5,36.1,26.4,27.9,28.9,9.4,10.9,11.3,11.3,10.4,8.8,7.9,7.4,7.9,14.9,8.5,3.3,2,32.8,10.5,14,17.4,9.8,1.8,4901,44.4,55.6,0,0,4.2,7.3,6.8,3.8,33.3,18,43.2,0.8,4.3,11.5,19.9,0.1,12.9,5.9,12.1,9.8,17.9,14.2,27,41.1,10.3,3.4,6.5,8.8,60.4,8.7,0,0,2,0,6.6,3.8,0,3,0,0.3,0,0,1.2,5.2,0,0,0,0,5.7,3.1,0,3.9,47.9,2.1,6.5,4.8,0,3.9,0,0,0,0,0,0,0,0,1,0,0,1,0,0,5,2,6,2,5
12167,6,Stadtpark,19229,1,20622,8.5,36,8.1,14.5,5,13.8,7.1,2.2,2.5,33.9,32.3,30,20.7,8.8,9.6,9.8,9.7,11.4,9.1,7.5,8.7,9.1,16.3,8.3,3.4,2.4,32.4,8.4,14.5,20.9,8.3,1.5,19727,50.6,49.4,0.9,0.9,56,23.5,4.4,3.3,26.4,13.4,44.6,0.8,4.3,9,22.7,0,19.8,7.2,10.5,9.7,16.1,14.3,22.5,39.2,0.9,0.2,0.9,2.3,85.2,10,0,0,0.5,0,0.7,0.2,0,0.2,0,0,0,0,0.2,0.6,0.1,0,0,0,2.3,0,0.1,1.1,78.2,0.7,5,3.1,0.2,6.8,0,0,0,0,0,0,0,0,0.3,0,0,0.2,0,0,5,3,5,4,4
12169,6,Albrecht-/Bergstraße,16718,0,19472,8.3,30.7,9,19.3,6.9,18.8,8.1,2.7,3.5,34,33.2,29.8,18.5,8.6,9.3,9,9.5,11.8,8.3,7.1,9.3,9.7,17.5,7.9,3.2,2.7,30.6,8.1,18.3,18.9,8.6,1.8,17479,54.8,45.2,2.8,1,40.5,22.5,7.9,4.2,28.3,14.3,44.4,0.9,4.4,9.7,22.1,0,22.3,8.3,10,10.5,13.5,15,20.5,40.2,3.7,0.1,1.7,4.8,79.6,9.5,0,0,0.5,0,3,0.8,0,0.1,0,0,0,0,0.6,0.8,0.3,0,0.1,0,4.7,0,0.7,0.3,72.9,1.3,4.3,3.4,0.6,5.5,0,0,0,0,0,0,0,0,0.3,0,0,0.2,0,0,4,3,5,4,4
12203,6,Unter den Eichen,20980,0,22944,8.6,31.1,5.4,20.8,6.7,19.6,10.2,3.3,3.9,40.1,27.3,27.9,27.9,9.9,11.5,10.7,11.1,11.1,8.9,7.6,7.8,7.7,13.8,7,3.1,1.9,31.8,11.5,15.2,16.5,11.4,1.5,21745,49.9,50.1,0,0,3.6,3.2,61.1,30.1,24.3,13.2,44.7,0.8,4.3,11.2,23.1,0.1,12.4,7.1,13.6,10,17.3,13.5,26.2,43.5,21.3,2,5.2,8.7,45.7,15.4,0,0.2,1.6,0,15.4,5.7,0.2,1.5,0.1,0.1,0.3,0.1,2.1,2.8,0.2,0.1,0.1,0.1,6.6,1.9,0,1.1,36.3,0.9,7.4,11,0.5,3.9,0,0,0,0.2,0,0,0,0,0.5,0,0.2,0.9,0,0,5,6,5,4,5
12205,6,Lichterfelde-West,15036,0,27025,9.3,29,3,30.5,5.8,23.7,13.2,5.2,4.5,45.5,19.8,26.1,38.1,11.4,13.1,11.5,11.3,11.6,8.2,7.9,7.3,7.1,10.7,4.2,2.3,1.6,27,13.8,16.3,16.9,15.7,2.1,15567,50.1,49.9,0,0,4,0.3,53.8,12.1,20.8,10.5,45.1,0.6,4.6,14.8,24.5,0,10.3,7.6,16.3,9.8,18.2,11.7,26.3,43.5,41.3,6.1,12.8,3.4,13.4,18.6,0,0,4.4,0,17.3,23.9,0.1,4.8,0.7,0.4,0.3,0,3.6,5,3.2,1.1,0.3,0.2,2.9,0,0,0.1,9.8,0.8,2.7,7.4,1.1,10.1,0,0,0,0,0,0,0,0.1,1.3,0.1,0.3,2.7,0,0,4,9,2,4,4
12207,6,Ostpreußendamm,22569,0,22070,8,26,7.8,36.4,7.8,26.5,8.8,4.2,5.6,38.9,30.5,28.6,22.8,9.3,9.5,9,8.6,12.7,8.5,7.3,9.3,10.8,15,6.1,2.4,2.8,26.7,10.5,17.4,19.7,12.5,2.1,23420,51.2,48.8,31.3,8.5,23.6,17.4,17.3,7.5,30,16.9,45.9,0.8,4.4,10.6,27.4,0,21.7,9.3,10.9,10.2,14.3,13.7,19.9,34,6.6,5.4,8.4,10.2,42.3,21.3,0,0.8,5.1,0,3.2,3.2,0.2,3.3,0.6,0,1.4,0,2.3,5.1,1,0,1.3,0.3,8.3,0.3,11.9,0.4,23.4,2.7,3.9,5.8,2.6,12.9,0,0,0,0.7,0,0.2,0,0.1,1.7,0,0.5,2.8,0,0,3,6,3,3,4
12209,6,Lichterfelde-Südost,14936,0,24335,8.2,23.9,4.7,24.3,3.7,15,7.5,3.3,3.5,47.3,25.7,27.3,29.7,10.6,11.5,9.4,8.8,13.4,8.2,7.7,8.8,9.5,12.3,4.8,2.6,1.3,27.1,16.4,9.5,18,18.9,1.4,15495,57.2,42.8,0,0,48.1,5.3,12.5,3.9,17.5,8.5,47.4,0.7,3.7,12.1,28.1,0,13.9,9.4,14.4,11.3,15.6,12.8,22.7,32.2,13.5,14.1,9.3,5.9,24.5,16.9,0.1,0.6,15.2,0,3,8.9,1.6,10.6,0.4,0.2,2.9,0,2.4,4.3,2.5,0.1,0.8,1,2.8,1.3,0.5,1.9,10.7,6,5.4,7.8,2.4,6.7,0,0.1,0,0.6,0,0,0.1,0.5,4.5,0.8,0.6,8.7,0,0,2,9,2,5,2
12247,6,Lankwitz-Nord,19722,0,21677,8.1,33.2,7.3,28.3,6.8,21.2,7.8,3.3,4.9,40.8,30.3,29.4,22.9,9.5,9.9,8.7,9.2,12.9,8.8,7,9.3,10,14.7,6.6,2.8,2,29,10.5,13,21,13.4,1.8,20509,56.1,43.9,0,0,63,22.9,6.5,0,23.4,11.6,47,0.9,4.3,9.2,27.8,0,21.6,8.6,11.6,10.6,14.7,12.8,20.1,35.6,7.7,4.7,5,6.3,45.5,26.1,0,0,4.5,0,3.2,4.4,0.2,4.1,0,0.5,0.1,0,0.8,3,1.2,0,1.2,0.1,2.2,2.9,0,0.7,37.5,2,5.3,8,2.8,15.3,0,0,0,0,0,0,0,0.1,1.1,0.1,0.3,2.9,0,0,3,6,3,4,3
12249,6,Lankwitz-Süd,23468,0,20576,7.5,33.2,8.3,32.5,8.4,24.5,9.2,3.7,6.2,37,32.1,29.2,18.8,9,8.4,7.8,7.9,13.3,8,6.7,10.6,11.8,16.6,6.5,2.1,3,25.7,9.3,17.1,21,13.2,2.2,24079,56.5,43.5,34.5,5.7,49.7,6.2,11.5,1,26.1,13,45.7,0.7,4.1,10.2,25.1,0,31.4,10,9.1,9.6,11.4,13.3,15.2,31,3.8,5.1,5.3,6.6,52.2,18.6,0,0.3,8.1,0,1.1,2.6,0.2,4.2,0,0,0.9,0,0.5,3.6,1.2,0,2,0.7,2.9,0.9,3.6,0.3,40.4,2.8,5.1,4,2.9,11.8,0,0,0,0.2,0,0,0,0.1,2.9,0.1,0.6,4.4,0,0,3,3,4,4,4
12277,6,Alt-Marienfelde,13557,1,21927,7.5,29.8,5.9,29.4,5.9,19.1,5.1,2.8,3.9,52.4,32.2,29.7,20.8,9.7,10.1,8.5,7.7,14.5,8.4,6.8,10.1,10.9,13.3,5.2,2.4,1.9,25,13.4,14,19,17.1,2.1,14244,56.2,43.8,18.6,7.1,31.4,7.2,0,0,31.5,16.4,44.6,0.8,4.6,12.7,24.4,0,23.4,11,11.6,12.5,13,11.8,16.8,29.7,4.3,11.2,11.1,8.7,29.2,20.3,0.1,1.4,13.8,0,1.8,0.3,2.2,6.8,0.6,0.2,3.7,0,3.6,5.2,2.2,0,1.9,2.2,4.3,0.4,6,1.6,15,3.2,3.5,7.2,5.3,7.8,0,0.1,0.1,0.9,0,0,0.4,1,4.9,0.5,0.6,6.8,0,0,1,7,1,4,1
12279,6,Marienfelde-West,16121,0,19244,6.6,25,12,17,4.1,10.5,2.1,1.2,2.4,34.4,34.9,30.1,14.4,7.9,7.4,7.4,6.3,13.4,8,7.2,10.7,14,17.7,6.5,1.8,5.3,24,7.3,19.2,23.6,10.5,1.8,17276,56,44,43.4,4.8,23.5,6.2,0,0,33.6,11.8,46.3,1,4.5,10.9,29,0,33.5,10.7,6.8,11.6,10,14.1,13.3,22.7,2.3,2.6,2.4,3.1,67.5,20.1,0,0.3,1.7,0,2.2,0,0.1,1.8,0.1,0,0.7,0,1.1,0.8,0.4,0,0.6,0,2.5,0,0,0.5,60.2,4.9,2,2.9,1.6,15.5,0,0,0,0.3,0,0,0,0,0.7,0,0.1,0.9,0,0,5,7,3,6,2
12305,7,Lichtenrade-Nordost,19878,0,22682,7.2,26.5,5.7,38,6.3,20.2,6.8,3.8,5.3,46.5,30.4,28.3,22.9,9.5,9.8,8.2,7.3,14.4,8.1,7.1,9.9,12.1,13.6,5.1,2.1,1.9,25.3,14.3,9.9,21.6,18.5,1.3,20573,62.4,37.6,29.8,6.6,46.1,10.2,0,0,18.5,7.3,47.8,0.7,3.6,11.3,29.3,0,21.8,10.7,11.7,11.8,13.2,12.7,18.2,25.9,4.4,15.2,12.1,5.1,30.9,17.1,0,1.2,13.9,0,0.7,2.1,1.6,10.1,0.6,0.4,4.1,0,3.2,5,3.6,0.3,1.5,0.6,2.9,0.1,0.7,0.1,20.6,2.9,6.6,4.7,2,10.4,0,0,0,1.2,0,0,0,0,6.6,0.3,1,6,0,0,2,7,1,4,1
12307,7,Lichtenrade-West ,11873,1,24282,8.1,21.4,4.5,28.4,5.1,16.2,6.2,3,3.6,48.1,28.5,27.7,26.1,10.6,10.7,9,7.9,13.8,8.1,7.5,9.1,11,12.4,4.2,2.2,1.1,25,17,9.5,19.2,20.3,1.6,12244,61.9,38.1,9.2,0.2,41.5,4.4,0,0,14.8,6.5,47.1,0.8,3.8,11.8,27.4,0,16,10.6,14.4,11.6,15,12,20.4,22.8,8.6,18.5,16.6,6.5,18,11.7,0,2,18,0,1.3,6,1.4,14.2,0.9,0.1,3.3,0,3.8,8.6,4.2,0,0.9,2,3.6,0,0.2,1,11,2,3.9,4.3,1.8,5.7,0,0,0.1,1.7,0,0.2,0,0.1,8,0.4,1.2,8.3,0,0,2,8,2,2,4
12309,7,Lichtenrade-Südost,16172,0,21992,7,27.5,8,21.8,4.2,12.6,3.5,2.1,2.6,42.9,31.9,28.3,20,9.2,8.8,8.2,7,13.5,7.9,7,9.9,13,15.7,5.5,2.2,2.8,27.2,13.7,13.1,18.4,16,1.3,17397,60,40,31.8,0.5,37.7,8.4,0,0,25.2,11.7,44.1,0.9,5,13.6,24.5,0,22.4,10.9,10.3,10.7,12.7,14.9,18.1,19.8,2.2,11.9,11.7,8.6,39.8,11.9,0,2.1,11.7,0,0,1,1.2,6.5,0.6,0.1,4.6,0,4.7,6.2,0.8,0,0.9,0.7,6.8,0.1,16.7,0.9,15,3.6,3.6,3.1,1.1,7.8,0,0,0,2.1,0,0,0,0.3,6,0.6,0.3,4.6,0,0,3,5,3,3,3
12347,8,Britz-West,18722,0,19429,7.6,50.5,12.2,20.5,9.2,19.5,6.6,2.3,4.3,37.3,34.7,28.4,14,7.9,6.9,7.1,7.6,12,7,6.3,11.5,12.9,20.8,7.6,2.2,3.1,27.8,7.9,18.8,21.1,8.9,2.5,19878,57.3,42.7,53.2,18.9,15.5,2.1,0,0,40.9,20.7,41.9,1,5.4,11.2,19.5,0.1,34.3,8.5,6.3,8.1,9.1,17,16.8,31.4,1.3,4.7,5.8,7.4,60.1,16.8,0,0.6,3.5,0,0.4,0.1,0.7,3.4,0.4,0.3,0.7,0,1.8,2.9,0.9,0.2,0.4,0.5,6.4,0.1,0.8,2.7,49.1,2.6,4.9,3.1,1.4,12.3,0,0,0.1,0.5,0,0,0,0.1,1.1,0.1,0.2,2,0,0,3,4,3,4,2
12349,8,Buckow-West,21637,1,21494,7,18.2,7.5,38.4,8.3,25.6,5.7,3.4,5.7,44.1,32.8,29.8,18.7,8.9,8.6,7.6,7.2,14.2,8,6.7,11.1,12.4,15.3,6.7,2.3,1.9,27.8,11.8,10.9,21.9,15.2,1.5,22361,65.7,34.3,64.9,17,18.2,0.8,0,0,23.7,10.2,46.9,0.9,3.7,10.2,27.6,0,30.6,9.8,9.4,10.7,11.6,12.7,15.3,29.6,1.3,15.6,9.2,9,36.3,16.6,0,1.1,10.9,0,0.2,0.6,0.5,5.1,0.5,7.2,2.9,0,2.9,3.1,2.9,0.2,2.1,1.3,5,0.7,4.5,1.9,25,2.6,2.3,2.6,2.6,11.5,0,0,0,1,0,0,0.1,0.6,4.2,0.1,0.6,5.4,0,0,2,7,1,4,1
12351,8,Johannisthaler Chaussee,19446,0,20287,7.5,44.2,10.7,29.3,6.9,20.7,4.6,2.8,4.4,38.5,34.2,30.4,16.4,8.2,8.1,7.2,6.4,14.4,7.8,6.4,11.3,14.2,16.2,5,1.6,3.6,22.1,8.6,16.3,26.7,14.1,2.1,20367,61.8,38.2,58.2,21.8,8.6,3.1,0,0,34.2,14,47.4,0.8,4.1,10.3,30.1,0,40.3,10.2,7.5,10.3,8.7,11.8,11.3,27.1,1,7.9,6.9,3.5,51.9,18.6,0,1.3,8.9,0,0.2,0.8,0.1,2.8,2,0.6,2.6,0,2.3,3.3,1.3,0,0.8,0.5,2.1,0.1,13.1,0.1,34.7,2.1,1.9,2.9,1.9,13.8,0,0,0,1.2,0,0,0.1,0.3,3.3,0,0.4,4.9,0,0,1,6,1,5,1
12353,8,Buckow-Ost,31653,0,19221,6.5,30.8,13.4,32.4,9.4,26.3,4.8,2.5,5.2,29.6,35.2,28.8,13.6,7.7,7.4,7.3,6.6,12,7.1,7,10.8,14.3,20.1,5.9,1.2,5.8,23.3,6.1,23.4,23.4,9,2,32771,57.1,42.9,137.6,4.2,5.6,0.4,0,0,43.5,17.7,44.7,1,4.9,12.3,26.5,0,35,9.8,5.9,8.6,8.9,16.8,15,28.8,0.9,3.4,2.4,3.9,68.3,18.5,0,0.3,2.4,0,0.2,0,0.7,0.7,1.3,0.3,1.1,0,1,1.2,0.2,0,0.6,0.2,3.1,0,32.4,2,31.8,0.7,1.4,2.9,0.8,14.8,0,0,0,0.3,0,0,0,0.1,1.4,0,0.1,0.8,0,0,2,6,1,4,2
12355,8,Rudow-Süd,26734,0,21521,7.5,34.2,6,59.3,10.8,37,9,5.6,8.3,46.7,32.4,29.2,19.9,9.9,10,8.2,7.1,14.6,7.6,6.8,10.2,11.9,13.7,4.3,1.9,2.2,22.5,14.3,17.6,17.1,16.9,3.1,28079,67.7,32.3,88.5,8.4,28.6,1.1,0,0,21.2,7.7,45.2,0.7,4.3,12.7,24.4,0,20.1,11.5,11.5,13.3,13.5,12.7,17.4,20.5,4.8,20.8,16.1,6,18.3,12.3,0.1,3.1,18.4,0,3.5,0.3,1.1,9.2,1.5,4.3,5.6,0.2,6.9,3.2,5.2,0.9,0.9,1.6,3.4,0.1,1.7,0.7,8.5,5.5,2,3.2,4.1,5,0,0.1,0.1,2.6,0,0.2,0.3,1.7,6.1,1.2,0.7,8.9,0,0,2,9,1,4,2
12357,8,Rudow-Ost,13929,1,22922,7.6,26.5,3.8,12.7,2.5,8.5,1.7,1.1,1.7,52.3,31,28.7,23.1,10,10.5,8.4,7.1,15.4,8,6.7,9.8,12.1,12,3.6,1.9,1.3,22.3,16.6,10.5,19.3,22.5,2,14695,64.4,35.6,4,3.8,56.4,2.1,0,0,25.2,11.2,46.8,0.9,3.6,11.1,27.1,0,17.8,11.7,12.4,13.7,14,11.9,18.6,22.5,1.4,20.9,21.6,3.5,16.9,11.3,0.1,2.9,21.5,0,0,0.6,0.7,12.8,0.5,0.4,7.2,0,8.9,7,5.6,0.1,1,0.3,2,0.3,0.5,0,12.5,1.7,2.2,2.3,1.3,7.7,0,0.1,0.1,2.2,0,0.3,0.3,0.7,11.4,1.1,0.4,7.9,0,0,1,8,1,4,2
12359,8,Buschkrugallee,19763,1,19442,7.5,31.8,10.6,30.7,10.5,26.3,8.1,2.7,5.1,36.6,34.9,29.3,14.7,8.1,7.4,6.9,7.1,13.5,7.3,6.1,12.1,13.2,18.3,6.6,2.1,2.3,27.7,8.5,14.1,24.3,12.3,2,20680,61.3,38.7,32,13.1,39.5,8.7,0,0,29.3,14.4,45,1,4.6,10,23.9,0,38.5,9,6.9,8.8,9.2,14.2,13.5,28.7,2.4,3.7,7.4,3.9,52.2,24.4,0,0.4,5.6,0,0.8,1.4,0.2,2.6,0.4,0,0.8,0,2.1,4,1.2,0.2,1.2,0.6,2.1,0,3,0.7,39.6,4.7,4.2,3,3.3,18.1,0,0,0,0.4,0,0,0,0.4,1.2,0.1,0.2,3.6,0,0,2,5,2,5,1
12435,9,Treptower Park,16886,1,18587,9.7,67.2,12.4,10.4,17.1,13.7,11.9,0.9,2.6,34.3,34.3,30.4,15.9,8,7.9,7.4,11,10.8,8.5,5.9,9.3,10.9,20.2,12.3,3.6,3.9,29.2,8.5,15,16.6,9,1.8,17857,43.1,56.9,29.5,7.4,30.9,12.8,0,0,21.4,12.5,40,1.3,5.9,9.5,14.9,0.3,28.2,5.5,6.5,7.4,12.3,16,24.1,52.5,4.7,0,1.1,36.6,38.6,18.7,0,0,0.3,0,4.5,0.1,0.1,0,0,0,0,0,0.2,0.2,0.7,0,0.8,0.6,34.8,0.5,0,0.4,29.3,3.3,5.6,5.1,4,9.5,0,0,0,0,0,0,0,0,0.2,0,0,0.1,0,0,8,4,7,4,5
12437,9,Baumschulenweg,21472,1,18875,7.8,38.1,13.5,23.1,31.1,22.7,7.2,1.7,5.6,32.7,34.8,30.4,15.2,7.7,7.8,5.7,8.4,13.6,7.5,5.3,11.5,13.2,19.4,8.1,3,3.2,26.4,8.5,14,21.5,13.1,2.2,22799,52.8,47.2,10.5,3.7,59.1,29.6,0,0,13.3,8,46,1,3.8,7.1,26.5,0.1,40.4,7.5,6,8.8,9.2,13.5,14.7,40.3,2.3,5.8,1.2,13.1,35,38.5,0,1.3,2.8,0,0.1,0.2,2.1,2.5,0.1,2.7,0.5,0,0.7,0.2,0.1,0.2,3.3,0.5,9.3,0,0.5,0,26.5,2,6,9.5,11,18,0,0,0,1.2,0,0,0,0.3,1.4,0.3,0.1,0.7,0,0,6,2,7,2,6
12439,9,Niederschöneweide,10064,1,18466,7.1,36.3,13.4,9.5,14.6,8.9,2.4,0.6,2.2,36.9,34.6,29.6,14.5,7.6,7.4,6.3,8,13.4,7.7,5.2,10.6,13.5,20.4,7.8,3.4,3.4,25.6,10.5,15,17.9,14.3,2,10699,50.6,49.4,12.3,14.5,16.8,4.7,0,0,11.4,7.2,43.4,1.3,4.8,8.7,22.1,0.1,36.3,9,5.9,9.5,9,15.5,15,31.8,1.9,4.1,3.3,25.3,38.2,22.1,0,0.6,4.5,0,1.2,0.1,0.6,3.2,0,0.2,0.7,0,2.7,0.2,0.3,0.1,1.8,3.2,19.8,0.5,1.9,0,24.6,6.9,4.8,6.3,6.7,9.2,0,0,0,0.6,0,0,0,0.7,1.5,0,0,2.4,0,0,7,4,8,1,8
12459,9,Oberschöneweide,19434,1,17847,7,33.8,14.2,16.9,24.3,15.7,5.6,1.5,5.3,30.1,36,28.2,11.4,7.3,6.3,5.9,9.4,10.6,8,5,9.8,13.7,24.2,11.6,3.7,4.1,28.8,8.5,17.4,14.8,8.6,2.5,20829,50.4,49.6,23.9,17,43.3,8.3,0,0,16.2,10.8,38.5,1.3,5.8,9.6,13.7,0.1,30.8,6.3,4.9,7.1,10.1,19.6,21.3,33.4,0.4,0.7,1.4,36.8,43.7,16.5,0,0.2,0.4,0,0.4,0,0,0.4,0,0.3,0,0,0.4,0.5,0.5,0,1.4,8.1,27,0.3,0.8,0,30.8,3.7,8.6,5,3.8,7.8,0,0,0,0.2,0,0,0,0,0.1,0,0,0.3,0,0,9,2,9,1,9
12487,9,Johannisthal,18221,0,19769,7.6,37.9,12.3,22.6,25.8,19,4.9,1.6,6.4,41.6,34.6,31,16.6,8,8.7,5.9,7.4,15,7.2,5.4,11.8,13.7,17.1,5.7,2.6,2.8,22.9,11.3,13.2,20.6,18.8,2.2,19329,56.6,43.4,7.4,3.8,53.2,22.6,0,0,9.8,5.3,45.4,0.9,4.8,9.7,24.5,0,37.6,9.6,7.5,10.6,9.9,11.8,13,37.4,6.3,4.6,4.2,14.6,29,32.8,0,2.7,5.8,0,4,0.1,2.2,2.5,0.8,0.4,1.1,0,2.1,0.3,1.2,0.6,3.4,2.5,8.7,0,0.9,0,21.2,2.5,4.5,8.8,8.6,15.4,0,0,0.1,2.6,0,0,0.1,0.3,3.2,0.1,0.3,2,0,0,3,6,4,3,5
12489,9,Adlershof,15426,1,19121,7.6,33.1,11.8,17.2,21.1,15.5,4.3,1.2,4.6,47.4,34.4,30.5,15.5,8,7.9,6.3,8.8,12.8,7.9,5.6,10.7,12.7,19.4,9.5,3.7,1.3,32.5,11.9,5.5,20.2,14.6,0.8,16588,53.8,46.2,3.3,3.7,54.2,13.1,0,0,12.5,9.1,43,1,4.5,8.8,20.8,0,33.1,9.1,7.2,9.3,11,14.5,15.8,38.1,3.3,3.1,2.5,16.4,43.7,19.6,0,0.5,11.1,0,1.6,0.2,1.6,2,0,0.3,0.9,0,1.8,0.1,0.4,0.3,1.6,1.5,13.1,0.1,0.3,0,34.5,2.5,6.4,7.3,3.8,8.4,0,0,0,0.5,0,0,0,0.3,7.5,0,0.2,3,0,0,5,4,7,3,7
12524,9,Altglienicke,25733,0,20693,7.5,30.2,9.9,36,29.7,25.2,5.1,2.4,8.4,45.6,33.2,29.4,18.2,8.6,8.9,7.7,7.5,12.7,7.8,6.2,9.5,13.7,17.6,6.2,2.9,3.8,22.6,17.8,16.6,11.5,16.5,2.1,27022,60.7,39.3,30.8,5.5,69.6,15.7,0,0,11.1,4.8,42.1,0.9,5.4,12.9,17.2,0,20.9,10.6,9.8,10.7,13.4,15.4,19.3,21.2,8.2,14.2,18.1,24.3,7.8,12.2,0.3,5,10,0,3.8,0.6,3.9,8.5,0.6,3.5,1.7,0,5.7,0.7,6.6,5.2,2,4.1,18,0.2,0.5,0,1.5,3.5,2.3,2.8,6.3,3,0,0.3,0.4,4.5,0,0,0.1,0.6,4.3,0.6,0.2,4.3,0,0,4,9,4,3,6
12526,9,Bohnsdorf,11094,1,21317,8.5,60.7,9.2,16.4,13.7,10.9,2.3,1.1,3.5,51.4,32.3,29.3,21.1,9,10.5,7.5,7.2,14.8,6.7,6,10.9,13.5,13.9,3.6,1.7,1.6,20.6,19.6,11.5,15.2,24,2.4,11742,59.3,40.7,25.4,5.1,20.4,2,0,0,7.9,4.4,45.5,0.8,4.4,11.1,22.1,0,27.6,12.5,11,12.3,11.7,11,14,26,14.5,20.7,17.5,5.9,7.4,4.2,0.6,7.4,21.9,0,0.9,0.6,13,14.9,0.6,0.9,3.7,0.6,9.9,0.9,2.7,3.9,1.6,1.1,3.1,0,0,0,3.2,1.4,2.7,1.4,1.6,1.3,0,0.6,0.2,5.9,0,0,1.3,1.5,6.8,0.5,0.5,12.7,0,0,2,9,1,2,5
12527,9,Grünau,9338,1,23276,8.3,29.7,8.1,15.3,12.6,10.6,3.1,1.2,2.9,50.3,28.9,28.1,26.3,9.8,11.2,8.1,8.5,14.3,7.2,6.1,10.1,11,13.8,4.5,2.4,1.1,25.1,16.7,6.6,19.9,22.5,1.2,9976,51.2,48.8,5.7,0.8,19.6,4.3,11.4,2.8,8.2,5.3,47.9,0.7,4.3,9.6,27.4,0,23.1,11.1,12.6,11.1,13.6,10.8,17.6,35.8,10.4,9.3,16.1,7.9,17.8,15.3,0.5,2.8,19.9,0,0,1.1,9.3,6.2,0.7,0.1,2.3,0,9,1.3,2.7,3.1,1.7,1.3,5,0,0.2,0,9.5,3.7,4.4,3.9,5.3,6.1,0,0.5,0.1,2.4,0,0,0.4,0.5,9.5,1.3,1.6,7,0,0,3,7,5,1,8
12555,9,Köpenick,26664,1,20311,8.5,42.1,11.8,33,39.2,28,8.3,2.2,7.9,39.6,33.2,30,18.5,8.4,8.8,6.7,8.9,13.2,7.6,5.6,10.7,12,18.1,7.4,3.2,2.5,26.7,11.8,12.1,18.4,16.2,1.9,28360,56,44,2.8,8.1,76.9,39.9,0,0,6.5,3.6,45.9,1,4.5,8.9,25.3,0,32.5,8.7,8.2,9.7,10.5,13.7,16.8,39.9,7.2,5.8,4.4,21.8,23.9,29.8,0.1,1,6.1,0,2.2,0.3,4.6,3.4,0.3,0.5,1.6,0,2.1,0.9,0.9,0.5,3.5,3.3,14.6,0.4,0.4,0,13,4.2,6.3,10.7,8.1,10.9,0,0.1,0.2,0.8,0,0,0,0.3,2.6,0.8,0.5,1.9,0,0,7,9,6,3,7
12557,9,Wendenschloß,21464,0,20483,7.2,27.4,13.1,22,25.4,18.4,4.2,1.9,5.8,41.6,32.8,29.3,18.1,8,8.3,6.5,8,13.6,7.2,5.5,11,13.5,18.6,7.1,3,2.9,25.8,12.2,13.3,18.4,15.6,1.8,22501,58.3,41.7,6.8,11.8,61.6,12.2,8,0.8,7.8,4.3,46.2,0.9,4.6,9.4,25.3,0,34.6,8.2,7.6,9,10.2,13.9,16.5,32.7,5.9,6.8,5.9,22.9,26.5,23.3,0.1,2.1,6.5,0,1.5,1.8,2.6,4.4,0.3,0.6,1.6,0,2.3,0.5,2,1.1,4.4,3.7,14.9,0,1,0,13.9,7.1,4.5,6.5,7.9,8.8,0,0.1,0.1,1.9,0,0,0.1,0,4.1,0.1,0.6,1.7,0,0,5,6,6,3,7
12559,9,Müggelheim,17285,0,21065,7,12.2,10.9,25.6,30.1,18.6,4.1,1.2,5.7,43.8,32.9,30.1,20,8.5,9.2,7.2,7,14.4,7.5,6.3,10.7,14.2,15.2,5.2,1.8,4.4,22.3,12.3,12.9,21.8,17.9,1.5,18282,55.1,44.9,1.2,0.3,72.8,8.1,0,0,9.4,6.3,49.3,0.7,3.6,9.6,31.3,0,33.7,10.7,8.5,10.8,11.2,11.7,13.5,33.6,9.8,9.9,8.3,5.6,41,8.7,0.8,4.1,11.9,0,2.1,1,6.7,7.2,0.2,1.3,1.3,0,6.6,0.2,1.1,0.4,1.5,1.1,3.1,0,0.3,0,33.9,6,0.8,2.2,0.9,5.6,0,0.8,0.3,3.2,0,0,0.6,0.7,4.5,0.2,0.2,6.3,0,0,2,9,1,3,3
12587,9,Friedrichshagen,17244,1,20456,8.2,24.6,10.6,21.7,27.2,18.8,8.6,1.8,3.9,39.7,32,29.7,21.5,8.4,9.3,6.9,8.3,15.2,7.8,5.5,11.2,12.2,15.1,5.3,2.8,2.7,23.2,10.8,12.6,22.2,18.4,2,18088,55,45,0.3,0.2,32.7,17,20.9,10.2,5.1,2.8,49.4,0.8,4.3,9.7,31.8,0,39.3,8.8,8.2,11.1,9.8,9.9,12.8,42.1,6.1,5.2,8.4,12.7,25.5,35,0.5,1,5.5,0,2.4,0.6,3,2.4,0.9,0.6,1.4,0,2.2,1.7,1.1,3.5,3.6,2.8,6.3,0.1,0.1,0,16.4,2.2,6.8,9,9,17,0,0.5,0.3,0.3,0,0,0.4,0.2,2.1,0.3,0.1,3,0,0,4,9,3,4,5
12589,9,Rahnsdorf,8708,1,25273,8.4,13.7,7.1,14.6,10.7,8.2,3.7,1,3,51.6,25.1,26.5,31.7,9.9,12.3,9,8.3,14.6,7,6.2,9.6,11.3,11.9,3.3,2,0.7,22.5,22.6,5.8,16.6,25.4,1.1,9258,51.8,48.2,0.9,0.2,23.5,1.4,13.4,2.2,7.3,4.4,48,0.7,4.2,11,26.6,0,18.5,12.6,14.1,12.2,13.7,10.5,18.4,34,13.7,19.7,24.3,4.3,2.4,4.1,1,5.5,25,0,0.3,2.2,11.3,11.5,1.7,0.8,5.8,0,17.3,0.6,2.6,3.9,0.4,1.7,2.3,0,0,0,0.6,0.4,1.4,0.5,1.6,2,0,1,0.7,4.6,0,0,0.2,1.8,9.6,1,1.4,11.2,0,0,1,9,1,1,5
12619,10,Kaulsdorf-Nord,26401,0,16623,5.9,39.5,15.1,28.4,39.9,23.5,4.3,1.9,8.8,29.9,36.1,28.4,11.3,7.3,7.7,6.9,8.5,11.9,7.9,5.3,9.1,13,22.6,7,3.5,7,22.2,9.3,28.8,11,8.6,2.7,27509,53.4,46.6,0,0,122.1,0.1,1.8,0,12.7,6.7,42.1,1.1,5.5,10,17.3,0,24.8,8.5,6.8,9.5,12.2,18,20.4,38.6,3.2,0.7,2.2,47.2,40.5,5.9,0,0.3,0,0,3.1,0,0,0.1,0,0,0.6,0,0.3,0,1.8,0.2,1.5,2,43.6,0,0.2,0,17,19.2,4.2,1.6,1.3,3.1,0,0,0,0.3,0,0,0,0,0,0,0,0,0,0,7,5,7,5,6
12621,10,Kaulsdorf,15782,0,23734,8.3,27.5,5.5,22.6,16,13.3,3.7,1.5,4.3,55,28.9,27.7,26.7,9.5,11.8,8.8,7.7,14.6,7.2,6.7,9.3,11.7,12.7,3.5,1.9,0.8,21.7,25.1,6.6,14.1,25.2,1.1,16511,56.5,43.5,27.1,4,16.2,0,23,3.9,5.7,2.5,46.5,0.7,3.9,10.7,21.2,0,14.4,13.1,13.5,13.4,14.9,11.2,19.3,26.7,12.4,28.3,25.2,4.9,3.2,1.6,1.2,7.9,15.4,0,0.7,0.8,11,19.9,0.6,3.5,4.4,0,14.9,1,5.3,4.2,0.7,1.6,2.6,0,0.1,0,0.4,0.4,2.3,0.6,0.3,0.6,0,1.2,0.5,7.3,0,0,0.1,0.6,6,0.6,0.2,7.9,0,0,1,9,1,2,1
12623,9,Mahlsdorf,27245,1,22859,8.5,25.4,5.4,51.9,34.5,27.9,6.7,3.6,10.2,55.5,29.2,27.9,26.1,9.4,11.4,8.8,7.5,14.7,6.9,6.4,9.5,12.8,12.8,3.5,1.7,0.9,21.5,25.5,7.6,13.5,24.6,1.4,28632,58.3,41.7,110.4,10.9,6.3,0.5,0.4,0,5.4,2.3,46,0.6,4.2,10.7,20.4,0,16.7,13.4,13.4,12.5,14.6,11.3,18.2,21.5,14.3,27.8,20.6,4.2,2.7,1.6,1,10.8,17,0,0.2,1.1,13,16.4,1.1,3,7.3,0,12.7,0.4,4.2,3.4,0.5,2.4,1.1,0.3,0.1,0,0.6,0.6,1.4,0.5,0.2,0.9,0,1,1.1,9.7,0,0,0.1,0.7,7.7,0.4,0.6,7.6,0,0,1,9,1,1,2
12627,10,Hellersdorf-Nord,36162,0,15891,6,28.8,14.7,29.2,45.3,25,4.1,1.7,10.5,28.5,36.4,27.1,10.1,7.3,6.8,6.5,8.2,11.1,7.7,5.1,8.7,13.5,25,7.7,3.7,6.2,22.8,10.7,29.4,8.7,8,2.8,38259,54.6,45.4,0,0,149.8,22.8,0,0,17.6,9.5,38.3,1.3,6.8,12,11.6,0,20.5,7.2,6.5,8.7,11.9,20.9,24.4,30.2,2.2,0.1,1.6,68.2,23.7,3.9,0,0.2,0.1,0,2.2,0,0,0,0,0.1,0,0,0,0.4,0.9,0.4,1.1,2.4,64.8,0,0.1,0,7.4,13.2,2.9,1.3,0.9,1.7,0,0,0.1,0.1,0,0,0,0,0.1,0,0,0,0,0,8,2,8,5,8
12629,10,Cottbusser Platz,13797,0,16421,5.8,28.6,16.5,8.6,16.5,8.4,1.4,0.6,4,28,36.7,26.4,9.6,7.1,6.3,6.3,8.2,10.5,7.9,5,9,14.2,25.5,8.9,3.8,6,24.6,10.8,25.2,10.3,7.9,2.5,14577,58.5,41.5,0.7,0,51.2,13.9,0,0,14.2,6.6,38.3,1.4,6.9,11.9,12.2,0,24.3,7.3,5.5,7.2,11.4,21.2,23.1,30.1,0.6,0.2,0.5,66.1,28.4,3.7,0,0,0.4,0,0.6,0,0,0,0,0.2,0,0,0,0,0.1,0.4,1.3,2.3,62.5,0,1,0,8.9,14.4,4.1,0.5,0.5,2.7,0,0,0,0,0,0,0,0,0,0.2,0,0.2,0,0,8,3,8,6,8
12679,10,Raoul-Wallenberg-Straße,26882,0,17199,6.1,31.7,16.7,22.5,39.5,20.9,2.5,1.5,7,32.1,36,28.4,11.4,6.7,6.8,7.2,7.3,11.2,8.6,6,8.9,15.6,21.7,7,2.3,9.4,21.5,7.4,24.1,17.8,8.3,2.3,28236,50.5,49.5,19.9,3.4,82.6,21.4,0,0,17.8,8.5,43.7,1.1,4.8,10.3,20.2,0,30.3,8.6,5.9,7.7,10.9,18.9,17.8,30.4,6.8,0.7,0.5,14.7,72.3,4.5,0,0.3,0.3,0,6.7,0,0.2,0.1,0,0.2,0.4,0,0.3,0,0,0.1,0.6,1.1,13,0,0.9,0,41.3,29,1.1,0.6,0.7,3.2,0,0,0.1,0.1,0,0,0,0,0,0,0,0.3,0,0,6,5,6,6,5
12681,10,Bitterfelder Straße,17095,1,19134,6.2,30.8,14.8,19.5,29.2,16,2.1,0.9,4.8,43.5,34.4,31.3,16.3,7.5,8.1,7.6,7.9,11.9,8.7,6.5,8.9,14.4,18.5,6.5,2.1,8.1,20.6,7.4,20.7,21.8,11,1.8,18180,44.3,55.7,18.7,13.2,35.6,13.6,0,0,22.3,11.7,45.9,0.8,4.4,8.9,25.8,0,31.8,8.8,6.7,9.5,12,15.1,16.1,33.6,13.5,3.7,2.4,2,72.2,3.4,0,0.5,2.4,0,11,0.3,2.2,2.8,0.1,0.2,0.6,0,1.6,0.3,0.1,0.4,0.3,0.4,1.3,0,0.1,0,60,10.7,1.4,1.5,0.7,1.3,0,0,0,0.4,0,0,0.1,0.1,1.1,0.1,0.1,1.1,0,0,4,7,3,6,3
12683,10,Biesdorf,24779,1,22260,7.8,41,8.4,37.4,32.8,23.1,6.1,2.7,7.3,48.1,30.1,28.2,24.1,8.8,10.7,8,7.7,14,7.2,6.5,9.6,12.6,15,4.8,1.9,2.5,21.8,18.5,12.4,15.5,20.6,2.1,25831,53,47,41.4,13.2,50.9,10.8,0,0,10.8,5.7,46.7,0.7,3.8,9.4,22.6,0,19.2,11.7,11.6,12.1,13.6,12.8,19,29,14,22.1,17.8,5.7,17.1,6.1,0.7,4.6,11.8,0,2.1,1.3,10.6,13.1,1,4.2,3.8,0,10.4,0.5,3.4,3.6,1,1.5,3.2,0,0.2,0,11.8,3.8,1.3,1.9,1.3,2.9,0,0.7,0.5,3.9,0,0,0.2,0.9,6,0.4,0.6,4.1,0,0,1,9,1,2,2
12685,10,Marzahn-Mitte,18746,0,19241,6.8,36,13.1,17.4,24.2,13.9,1.9,0.9,4.2,37.8,34.8,30.3,15.3,7.3,8.3,7.5,7.4,12.8,8.2,6.2,9.1,14.4,18.8,5.7,2.1,8.1,19.4,9.9,25.1,15.7,11.8,2.2,19926,49.9,50.1,52.8,4.7,24.9,5.3,0,0,18.1,8.1,44.9,1,5,10.4,23.4,0,26,10.3,7.7,10.9,12.1,15.8,17.2,27.7,13.4,5.8,4.6,4,59.1,8.2,0.1,1.7,3.1,0,10.4,0.3,2.8,1.9,0,1.3,2.6,0,1.3,0.3,1.8,1.2,1,1.1,1.9,0,0.5,0,42.2,14.4,2,2.7,3.3,2.3,0,0.1,0.6,1.1,0,0,0,0,1.5,0.9,0.2,0.6,0,0,4,6,4,6,3
12687,10,Mehrower Allee,17157,1,17409,5.9,31.4,18.5,16.4,26,13.4,2,0.9,4.5,31.5,36,28.8,11.5,6.3,6.6,7.1,7.1,11.1,8.3,5.6,8.8,16.2,23,6.7,2.3,9.4,22.4,7.4,25.3,16.7,7.5,2.3,18047,53,47,50.3,2.8,26.4,1.9,0,0,17.5,6.6,43.3,0.9,5.4,11.3,19.8,0,26.7,8.6,5.4,7.5,11.5,20.7,19.6,24.3,5.8,0.5,2,7.3,82.1,2.3,0,0,0,0,5.8,0,0,0,0,0,0.5,0,0,0.3,0,1.7,0.2,1.5,5.6,0,1.9,0,34.6,44.8,0.9,0.6,0.3,1.4,0,0,0,0,0,0,0,0,0,0,0,0,0,0,4,5,5,4,5
12689,10,Ahrensfelde,22671,1,17169,5.8,22.1,17.6,15.6,27.5,13,1.8,0.8,5.7,28.2,36.6,26.8,10.1,6.7,6.2,6.8,7.6,10.2,8.2,5.1,8.2,16.4,24.7,9.3,3.4,7.3,25.5,10.9,23.8,10.3,7.4,2.2,23674,52.5,47.5,100,6.8,0,0,0,0,22,8.9,39.3,1.2,6.1,13.3,12.1,0,21.7,7.5,5.9,7.4,12.2,21.7,23.7,23.7,2.1,0.4,1.6,54.8,38.9,2,0.1,0.2,0.1,0,2.1,0,0,0.2,0.1,0,0.1,0,0.2,0.9,0.2,0.2,0.8,2.9,51.1,0,0.9,0,11.5,24.9,1.5,0.2,0.1,1.7,0,0.1,0,0.2,0,0,0,0,0.1,0,0,0,0,0,5,8,4,4,6
13051,11,Malchow,21428,1,18900,6.8,32.6,13.6,19.8,30.1,14.2,2.3,1,5.9,33.4,35.4,29.1,12.9,7.6,7.5,7.9,7.2,11.2,9.1,6.3,8.4,16,18.9,6.3,1.9,9.2,20.8,9.6,25.2,15,9.6,2.4,22382,52,48,1.7,2.3,92.1,4.8,0,0,20.4,10.4,43,0.8,5.2,11.3,17.3,0,23.8,9.4,7.5,8.8,13.9,17.4,19.2,27.1,11.5,2.2,1.5,30.5,50.7,1.8,0.1,1.1,0.6,0,10.6,0.1,0.8,1.2,0,0.7,0.2,0,0.6,0,0.5,0.4,0.1,0.5,29.9,0,1.8,0,16.9,31,1,0.1,0.2,1.5,0,0.1,0.2,0.9,0,0,0,0.2,0.3,0,0.1,0.1,0,0,2,3,2,5,2
13053,11,Alt-Hohenschönhausen,18177,0,21583,8.2,48.8,11.9,21.7,28.3,15.2,3,1.3,5.2,45.2,31.9,29.4,20.1,7.7,9.1,7.7,7.9,13.4,7.9,6,9.3,13.3,17.8,6.4,2.6,4.7,23.7,13.9,17.2,15,14.5,2,19738,52.3,47.7,10.3,3.2,49.2,19.1,5.9,1.1,13,7.5,44.2,0.9,5.3,9.5,20.3,0,25.2,10.7,9,11.1,12.3,14.5,17.3,28.4,12,9.4,8.5,18.9,37.7,6,0.1,1.9,5.6,0,4.5,0.6,7,4,0.3,0.8,4.3,0,4.6,0.5,2,1.4,3,2.6,13.1,0.1,0.6,0,15.7,18.7,2.7,2.5,2.1,1.4,0,0.1,0.4,1.4,0,0,0.1,0.4,2.6,0.1,0.2,2.3,0,0,3,9,1,6,2
13055,11,Konrad-Wolf-straße,27950,1,18467,8,40.6,14.1,29.7,38.3,24,4.3,1.6,7.7,38.1,35.1,30.8,13.6,7.5,7.4,7.1,8,12.2,8.6,6.1,9.4,13.9,19.8,8.4,3.2,6.2,24,9.1,20.3,16.6,10.3,2.2,29746,51.2,48.8,0.7,0.1,104.1,29.3,0,0,17.2,10.8,43.5,1,5,9.9,21.7,0,30.6,8.5,6.3,9,12.3,16.3,17.1,32.2,2.9,1.3,1.6,21.8,61.2,10.7,0,0.1,0.5,0,2.3,0.1,0.6,0.4,0.1,0.5,0.3,0,0.5,0.7,0.4,0,1.9,2.5,17.4,0,0.3,0.1,50.4,5.7,4.7,3.3,3.1,4.4,0,0,0,0.1,0,0,0,0,0.2,0,0,0.3,0,0,6,2,6,6,4
13057,11,Falkenberg,16158,1,17600,6.7,36.5,14.8,13.4,20.6,10.7,1.8,0.6,4.2,34.5,36.3,27.9,10.9,7.9,6.9,7.6,7.5,11,8.7,5.9,8.3,15.5,20.8,8.9,3.2,6.6,23.2,12.8,23.3,10.1,9.7,2.2,17145,51.8,48.2,6.1,1.1,63.8,6.4,0,0,23.8,12.4,39.6,1,6,12.2,12,0,24.5,7.9,6.9,8.9,12.9,18.1,20.7,23.6,4.6,4.5,1.2,67.1,20.7,1.1,0,0.2,0.7,0,4,0.6,0,0,0,4.4,0,0,0.4,0.2,0.6,0.1,0.2,0.6,66.2,0,1.6,0,5.6,12.6,0.9,0.1,0.2,0.9,0,0,0,0.2,0,0,0,0,0,0.1,0.2,0.5,0,0,4,2,5,4,3
13059,11,Wartenberg,14470,1,18516,6.8,31.8,15.3,14.8,19.8,11.4,1.8,0.8,3.9,35.8,35.6,28,12.3,7.1,7.1,6.7,7.3,12.1,7.8,5.8,9.5,14.7,21.9,8.3,3.4,4.5,28.1,11.9,17,15,10.2,1.7,15195,55.4,44.6,8,0.7,44.5,14.5,0,0,13.4,6.7,42.6,0.9,5.2,10.9,16.1,0,25.9,8.3,6.3,9.5,11.9,18,20.1,26.3,2.4,5.9,3.5,40.2,39.1,5.4,0.1,1.1,2.3,0,1.5,0.1,0.8,3.2,0.8,1.4,0.6,0,3.5,0,0.1,0,1.1,1.6,37.5,0,1.1,0,19.9,15.8,2.4,0.7,0.7,4,0,0.1,0.2,0.8,0,0,0.1,0.1,0.4,0.3,0.1,1.3,0,0,3,8,2,5,2
13086,3,Pistoriusstraße,25107,0,18943,8.9,50.6,13.7,24.3,27.7,20.7,9.3,2.3,5.9,33.2,34.8,30.2,14.5,7.6,7,7,10,10.8,8.8,5.5,9.5,12.2,21.6,10.8,3.8,3.5,29.9,9.7,16,14.5,9.4,2.4,27217,52.3,47.7,20.4,10.1,50,27.5,12.8,1.9,15.2,10.4,39.9,1.3,5.8,9.5,14.8,0.1,29.5,6.2,5.8,7.4,12.8,17.6,20.8,35.8,1.5,0.9,1.4,35.6,49.5,10.3,0,0,0.8,0,1.3,0,0.3,0.3,0.1,0.1,0.5,0,0.3,0.7,0,0.4,1,1.1,33.5,0.1,0.1,0.2,37.1,2.8,9.4,4.4,2.5,3.4,0,0,0,0,0,0,0,0,0.2,0.1,0.3,0.3,0,0,9,6,8,6,7
13088,3,Buschallee,24104,1,19121,8.5,51,12,27,32.1,24.5,9.8,1.8,7.1,37,34.8,30.8,15.3,7.8,7.7,6.6,9,12.6,8,5.4,10.2,12.7,19.9,8.4,3.4,3.7,26.3,10.5,15.9,17.4,12.4,2.1,25617,55.6,44.4,1.7,1.1,88,24.8,0,0,11.7,7.9,42.6,1,5.2,10.4,20.3,0.1,36,7.4,6.3,8.8,10.2,14.8,16.5,42.3,1.6,2.2,2.8,30.3,38.3,21.1,0.1,0.7,2.9,0,0.9,0.1,0.6,1.4,0.1,0.1,0.6,0,1.8,0.4,0.4,0.3,3.2,3.8,23.1,0.2,1.2,0,26.6,3.5,7,7.5,7.5,6.1,0,0.1,0.1,0.6,0,0,0,0.2,1.8,0.3,0.1,0.5,0,0,7,7,6,7,5
13089,3,Heinersdorf,6346,0,22083,8.2,40.4,9.1,7.6,6.4,5.1,1.4,0.5,2,53.9,31.8,29.2,22.6,8.5,10.2,7.9,7.4,14.5,7.4,6.3,10.3,13.3,14.2,4.7,2.2,1.3,23.7,20.5,8,15.7,22.5,1.5,6799,59.2,40.8,0.2,0.5,23.2,6.6,0,0,8.7,4.5,45.1,1,4.3,11,20.2,0,27.6,11.9,10.2,12.6,12.5,10.9,14.4,27.3,8.1,24.6,19,5.1,13,12.1,0.2,4.3,13.6,0,2,0.2,5.9,10.4,0.4,9.3,4.7,0,10.9,1.1,5.5,1.6,1.3,1.1,2.7,0,2.6,0,7.4,1.2,1.8,2.5,2,7.7,0,0.2,0.7,3.2,0,0,0.4,0.6,3.3,1.4,0.5,7.7,0,0,1,9,1,7,1
13125,3,Karow/Buch,31879,1,20954,7.1,33.7,10.9,39.9,39.8,28.6,7.5,3.1,9,40.9,32.3,29.3,19.3,8.3,8.8,7.6,7.9,13,8.3,6.1,9.9,13.1,17.1,6,2.8,3.5,24.4,14.8,13.7,16.7,16.3,1.6,34309,55.9,44.1,41.8,8.5,73.8,28.5,0,0,9.8,5.7,43,1.1,5.5,11.9,20.8,0,28.2,9.5,8.7,10,12.7,14,16.9,22,11.4,12.2,12.7,11.9,22.3,16.6,0.6,5,7.4,0,6.7,1.1,3.6,8.4,0.5,1.2,2.1,0,4.8,0.7,4.7,2.6,1.8,2.9,7.3,0,0.2,0,15.2,5.5,1.4,4.5,6.1,6,0,0.6,0.6,3.7,0,0,0.7,0.3,2.1,1,0.3,3.6,0,0,6,9,5,2,7
13127,3,Buchholz,19010,0,21470,7.7,37.5,10,25.2,18.4,15.9,4.1,2,6.1,47.7,33.4,30.6,19.7,8.5,9,8.1,7.8,13.3,8,6.4,10.2,13,15.9,5.4,2.7,3.3,23.1,17.2,16.7,12.7,16.9,2.1,20075,60.4,39.6,23,9.5,44.7,11.8,0,0,10.6,4,42.1,1,5.4,13.3,16.6,0,25.8,10.6,9.3,11.4,13.4,13.3,16.3,19.8,15.7,18.2,18.9,10.1,10,14.2,0.1,4.1,8.8,0,10.5,1.9,3.3,8.1,0.7,8,1.4,0,6,0.2,8.6,4.1,2.2,3.5,4.4,0,1.7,0,3.4,2.6,2.4,3.2,6.3,4.7,0,0.1,0.4,3.6,0,0,0.1,0.4,2.9,0.7,0.7,4.1,0,0,4,9,3,3,5
13129,3,Blankenburg,6540,0,22129,,,7.2,10.9,7.1,5.9,1.9,0.7,2.2,52.7,30.8,29,23.8,8.3,10.7,8,7.2,14.7,6.6,6,10.5,14.4,13.6,4.4,1.7,0.8,24,23.6,5.7,16.7,22.1,1.1,6849,66.8,33.2,16.4,14.4,0,0,0,0,4.7,1.8,46.4,0.6,4.4,11.9,22.2,0,24.5,12.3,11,12,12.7,11.5,16,27.9,9,37.2,17.6,2.1,4,1.6,0.4,7.3,20.9,0,0.1,0.3,8.6,25.8,6.4,1,4,0,9.5,0.1,5.3,2.6,0.5,0.8,0.7,0.1,0,0,3.1,0.4,0.5,0.3,0,1.3,0,0.4,0.4,6.9,0,0,0,0.7,10,0.2,1.4,8.6,0,0,1,9,1,2,1
13156,3,Niederschönhausen,27245,1,21483,8.5,35.6,10.5,31.5,31.1,25.5,12.3,2.6,7.2,40.1,32,29.9,21.5,8.8,9.8,8.2,9.5,12.8,8.6,6.1,9.2,10.6,16.4,7,3.5,3.1,27,13.3,15.1,15.7,13.6,1.9,29029,53.4,46.6,3.1,0.7,21.9,3.3,74.6,27.4,10.6,5.9,42.7,1.1,5.7,12.8,20.1,0.1,24.8,8.5,10.6,9.6,13.7,13.3,19.4,37.5,7.7,4.7,6.9,26.5,29.7,18.9,0,1,4.5,0,2.9,1.6,3.3,2.2,0.1,0.8,1.5,0,2.1,1,3.1,0.8,4,4.7,17.7,0.1,0.8,0,16.5,4.3,8.2,5.5,7.1,6.3,0,0,0,1,0,0,0,0.3,1.6,0.4,0.1,2.1,0,0,7,8,6,5,6
13158,3,Rosenthal,17212,1,22033,8.2,26.2,9.7,27.4,18.8,20.7,7,2.3,5.6,45.3,32.7,30,20.7,8.5,9.5,8.1,8.3,13.8,8,6.2,10,12.3,15.4,6.1,3.1,2.5,25.4,16.5,13.3,14.5,17,1.6,17933,59,41,16.1,4.6,2.5,0,44.9,12.7,13.3,5,43.9,0.7,4.7,12.6,20.4,0,25.8,10.6,9.6,11.6,13.5,12.5,16.5,28.9,6.8,13,11.7,21,22.5,13,0.7,4,7.3,0,3,0.7,3.1,6.7,0.6,2.6,3.1,0,6.2,0.9,3.1,1.6,3.8,6.1,11.1,0.1,3,0,9.8,3.2,6.5,4.9,5,3,0,0.7,0,3.9,0,0,0.1,0.9,2.4,0.2,0.1,3.8,0,0,4,9,3,5,4
13159,3,Blankenfelde,1961,1,21947,,,10.3,3.1,2.1,1.5,0.6,0.2,0.7,53,34.2,31.4,18.6,8,8.2,6.7,6.3,14.4,6.9,6.1,12,16.4,15.1,6.4,1.9,0.2,31.6,13.4,0.6,28.2,17.7,0.1,2082,71.6,28.4,8.1,0.7,0,0,0,0,4.7,1.5,46.4,0.8,5.7,11,24,0,35.8,12.1,8.1,10,10.4,12.3,11.3,18.5,9.1,29.6,13.2,1.9,26.3,0.6,1.1,5,13.2,0,5,0,4.1,13.6,4.3,2.4,9.3,0,7.5,0.1,0.5,5,0,1.7,0.2,0,0,0,26.3,0,0,0,0.6,0,0,1.1,0.3,4.8,0,0,0,2.2,5.8,0,0,5.2,0,0,1,9,1,2,1
13187,3,Pankow-Mitte,31522,0,19341,9,38.5,12.1,27,38.5,32.5,21.4,2.2,6.5,28.5,34,30.5,17.7,8.2,8.6,7.9,10.3,11.4,8.9,5.9,9.3,10.8,18.7,10,3.7,3.6,30,9.3,14.9,16.6,10.2,1.8,33686,50.4,49.6,5.5,9.2,78.9,47.6,8.1,2.6,12.6,7.3,40.2,1.4,6.9,11.8,16.5,0.1,29,6.8,7.5,8.4,13.7,14.7,19.9,46.3,5.6,0.6,0.5,28.9,49.3,14.6,0,0,0.6,0,5.5,0,0,0.2,0,0.1,0.3,0,0.1,0.1,0.3,0,0.2,0.8,27.9,0,0.1,0.1,36.9,2.1,10.1,5.2,2.3,7.1,0,0,0,0,0,0,0,0,0.3,0,0,0.3,0,0,8,7,7,5,7
13189,3,Neumannstraße,26451,1,17654,8.9,50.6,12.8,21.9,33.1,23.9,13.4,1.7,5.9,28.5,35,31.1,14.7,7.9,7.8,7.3,9.7,11.9,8.7,5.6,9.5,11.7,20.2,10.5,4.2,3.7,29.2,9.2,15.6,15.9,9.9,1.9,27718,51.1,48.9,26.1,8.3,73.9,16.8,0,0,12.2,7.7,41.5,1.1,5.3,9.7,17,0.2,29.7,7.3,6.7,8.6,12.4,16.1,19.2,41.7,1.1,0,0.2,24.1,66.3,8.2,0,0,0.1,0,1.1,0,0,0,0,0,0,0,0,0.2,0.1,0,0.7,0.6,22.8,0,0.2,0,56.7,3.6,5.9,3.4,1.8,3,0,0,0,0,0,0,0,0,0.1,0,0,0.1,0,0,8,5,7,5,7
13347,1,Nauener Platz,29647,1,17745,9.1,78.1,15.9,11.3,12.4,18.1,9.6,1.2,2.2,15.6,36.2,27.6,10.8,6.6,6.2,7,9.4,8.4,5.7,6.4,10.4,11.2,28.9,10.5,1.8,5.5,27,4.9,26.6,15.1,3.9,4.8,31134,37.3,62.7,95.8,44.6,0,0,0,0,60.5,38.6,37.2,1.1,5.1,12.1,12.8,0.2,23.2,7.1,4.5,6.5,8.4,25.2,25.1,35.7,0.4,0,0.4,12.4,81.8,5.1,0,0,0,0,0.4,0,0,0,0,0,0,0,0,0.3,0,0,0.1,0.4,11.5,0.4,0.1,42.9,32.6,4.5,1.7,0,0,5,0,0,0,0,0,0,0,0,0,0,0,0,0,0,7,1,8,3,7
13349,1,Schillerpark,13519,0,17253,8.2,64,13.8,15.8,8.2,16.3,5,1.4,3.2,23.2,36.1,28.2,11.8,7.3,6.3,6.9,8.4,11.3,7.1,6,11.4,12.6,22.8,9.8,2.1,3.4,28.8,5.2,18.8,22.2,6.8,2.9,14261,47.1,52.9,20.1,28.1,13.2,2.9,0,0,39.6,24.8,43.5,0.9,4,7.9,21.1,0.2,37.2,6.7,4.4,6.7,7.8,19.3,18.1,37.7,1.4,0.3,0.8,9.2,71.5,16.1,0,0,0.7,0,1.4,0,0,0.3,0,0,0,0,0,0.8,0,0,0,0.1,9.1,0,0.2,14,53.1,1.7,2.5,4,0.9,11.2,0,0,0,0,0,0,0,0,0.1,0,0,0.6,0,0,4,3,5,4,4
13351,1,Rehberge,14988,1,16940,8.5,67.3,13.6,12.6,8.7,14.7,6.8,1.3,2.8,21.7,36,27.9,11.1,7.5,6.5,7.2,9.3,10.7,7.1,6.3,10.7,11.9,22.8,10.9,2.1,4,28.8,5.9,20.7,17.4,6.7,3.6,15925,47.5,52.5,54.1,17.5,0.1,0.2,0,0,43.2,27.6,41,1,4.3,9.3,16.8,0.2,32.4,6.5,4.9,7.6,8.4,19.7,20.5,35.3,0.4,0.4,0.8,10.6,81.7,5.3,0,0,0.8,0,0,0.2,0.2,0.4,0,0,0,0,0.1,0.7,0.1,0,0.1,0.5,10,0,0,18.4,57.6,2,3.7,2.4,0.2,2.7,0,0,0,0,0,0,0,0,0.2,0,0,0.6,0,0,5,1,7,2,6
13353,1,Westhafen,27081,1,16347,8.8,65.4,15,10.4,12.3,18.7,12.9,1.4,2.6,16.9,36.3,27.6,10.5,6.9,5.9,7.6,11.3,7.4,6.6,6.7,8.9,10.6,27.9,14.1,2.1,5.5,28.5,5.2,25.1,11.3,3.1,5.1,28533,33,67,91,36.2,1.5,0.1,0,0,55.8,37.6,35.3,1.1,4.6,9.7,7.6,0.3,19.2,6.3,4.3,6.3,8.8,26.4,28.8,41.5,0.2,0,0.6,20.8,78.2,0.2,0,0,0,0,0.1,0,0,0,0,0,0,0,0,0.6,0,0,0,0.2,20.3,0.3,0,48.2,26.9,2.3,0.8,0.1,0,0.1,0,0,0,0,0,0,0,0,0,0,0,0,0,0,8,1,9,2,8
13355,1,Humboldthain,22149,0,17043,8,62.6,14.5,15.2,11.4,18.6,6.9,1.3,2.2,21.5,36,28.4,11.1,6.2,6.1,7,7.4,10.2,5.7,6.4,11.5,12.8,27,7,1.7,6.1,25.3,5.1,30,17.2,4.7,2.9,23150,46.6,53.4,76.4,28,0,0,0,0,60,28.6,38.1,1.2,6.2,14.5,15.1,0.2,32.3,7.3,3.7,5.8,6.7,24.3,20,30.7,0,0,0.5,8.2,87.8,3.5,0,0,0,0,0,0,0,0,0,0,0,0,0,0.5,0,0,0.5,1,6.7,0,0,17.6,56.4,12.8,1.1,0.3,0.1,3.1,0,0,0,0,0,0,0,0,0,0,0,0,0,0,3,2,4,5,2
13357,1,Gesundbrunnen,28100,1,17324,8.9,76.2,16,12.4,14.6,22.6,11.9,1.8,2.7,16.3,36.6,27,10.2,6.1,5.7,7,8.9,8.1,5.6,6.3,10.1,12,30.3,10.3,1.7,6.3,26.3,4.8,29.9,12,3.5,5.3,29874,36.9,63.1,81.2,53.6,0,0,0,0,62.3,40.2,35.2,1.3,5.8,12.5,9.4,0.3,22,6.9,4,5.8,7.9,27.7,25.7,28.1,0.1,0,0.5,13.1,85.9,0.5,0,0,0,0,0,0.1,0,0,0,0,0,0,0,0.5,0,0,0.1,0.8,12.2,0,0,47.5,32,4.6,2,0.1,0,0.4,0,0,0,0,0,0,0,0,0,0,0,0,0,0,8,1,8,3,6
13359,1,Soldiner straße,24976,1,16090,8.2,65.7,16.2,9.7,11.8,15.4,8.4,1,2.1,15.4,36.8,26.6,9.7,6.4,5.4,6.4,8.6,8.5,5.4,6.1,10.8,12.4,30.2,10.4,1.7,5.5,27.6,4.7,28.2,13.7,3.6,4.6,26825,38.6,61.4,80.5,40.5,0,0,0,0,59.7,39.3,35.2,1.3,6.1,12.9,10.3,0.2,23.8,6.9,3.6,5.8,7.5,26.8,25.5,26.7,0,0.1,0.6,16.4,80.1,2.7,0,0,0,0,0,0,0,0.1,0,0,0,0,0,0.6,0,0,0,0.8,15.6,0,0.7,37.6,29.5,9.7,2.6,0.1,0,2.6,0,0,0,0,0,0,0,0,0,0,0,0,0,0,8,2,8,3,7
13403,12,Eichborndamm,28428,1,17783,7.4,43.4,11.9,34.4,10.3,27.2,6.1,2.8,7,33.6,35.6,28.7,12.4,7.7,6.8,7,7.5,12.4,7.3,6.2,11.4,13,20.7,7.5,2.2,3.2,27.4,7.4,18.7,21.7,9.2,2.7,29387,57.5,42.5,83.6,32.8,12.4,3.8,0,0,36.8,19.1,43.8,1,4.3,9.9,22.2,0,36.5,8.5,5.9,8.5,8.9,16.5,15.3,30.8,0.4,0.8,3.7,10.5,69.5,12.7,0,0,2.5,0,0.4,0,0,0.1,0,0.1,0.6,0,2.5,1.1,0.1,0,0.1,0.4,7.4,2.5,0,4.1,57.4,2.8,5.1,5.7,0.9,6.1,0,0,0,0,0,0,0,0,0.6,0.1,1,0.7,0,0,3,2,4,5,3
13405,1,Kurt-Schumacher-Damm,5321,0,19086,7.1,41.7,11.5,2.3,0.9,1.9,0.5,0.2,0.4,34.2,35.4,28.4,13,7.8,6.9,7.8,8.6,10.3,7.1,6.4,10.4,11.7,23,9.6,3.2,3.1,31.6,10,20.7,11.5,7.4,3,5718,45.4,54.6,4.5,21.3,0,0,0,0,53,35.2,35.8,1.3,7.7,14.8,10.8,0,26.6,8,7.3,7.2,10.1,20.7,20.1,39,2.9,2.2,14.1,20.7,57.2,2,0,0,1,0,1.8,1.1,0,0.4,0.3,1.4,0.2,0,0.8,8.5,4.7,0,0.3,3.4,17,0,0.3,11.7,39,3.1,3.1,0.6,0.2,1.2,0,0,0,0,0,0,0,0,0.6,0,0,0.4,0,0,7,8,6,2,7
13407,1,Alt-Reinickendorf,24900,0,17274,7.1,38.1,11.8,25.9,8.9,22.1,5,2.3,5.2,33.5,35.9,28.5,11.9,7.7,6.8,6.9,7.7,12.5,7,6.1,12.1,12.5,20.7,8,2.3,2.5,29.6,6.9,16.1,23.4,8.8,2.4,25982,57.9,42.1,32.1,56.1,22.7,6.3,0,0,35.3,18.1,44.1,1,4.8,9.5,22.9,0,40.1,7.6,5.3,7.9,8.1,16.1,14.9,37.7,0.9,0.7,2.3,5.4,72.2,17,0,0.2,1.4,0,0.5,0.3,0,0.5,0,0.2,0,0,0.9,1,0.4,0,0.3,0.5,4.7,0,2.1,5.2,55.3,3.8,5.9,4.9,1.2,10.9,0,0,0,0.2,0,0,0,0.1,0.3,0.1,0.1,0.9,0,0,4,4,4,5,4
13409,1,Residenzstraße,28388,1,16968,7.5,48.2,13.9,27.6,11.7,23.9,6.4,2.3,5.8,27.2,36.3,27.5,10.4,7.4,6.3,7.1,8.3,10.6,6.6,6.3,11.1,12.2,24.1,9.3,2.6,3.3,31.9,7.3,20.7,15.9,6.2,2.8,30243,52.4,47.6,66.8,68.2,0.6,0.9,0,0,44.1,25.1,40,1.2,5.5,11.3,15.8,0.1,29.4,8.1,5.4,7.4,9,21.2,19.4,29.5,0,0,2.1,11.4,83,3.5,0,0,0.1,0,0,0,0,0,0,0,0,0,0.2,1.8,0.1,0,0.2,0.1,11.1,0,0.1,10.4,61.9,3.2,7.4,1.1,0.2,2.2,0,0,0,0,0,0,0,0,0,0,0,0.1,0,0,5,2,6,5,4
13435,12,Märkisches Viertel West,18013,1,18671,6.1,35.9,15,27.6,7.1,22.2,3.9,2.3,5.1,31.5,35.5,27.7,12.6,7.7,7.4,7.3,6,12.2,7.2,7.3,10.8,14.3,19.8,6,1.3,6.8,20,6.3,24.7,22.2,9.8,3,18603,59.7,40.3,70.3,9.2,4.3,0.1,0,0,37.2,16.7,43.8,0.9,5.2,14.9,26.2,0,29.8,10,6.5,9.7,9.1,17.9,17,30.5,1.2,3.1,3.2,1.3,81.3,5.3,0,0.1,4.5,0,1.1,0,0.2,1.7,0.3,0.2,0.9,0,1.2,0.9,1.1,0,0,0.3,0.8,0.2,1.8,9.7,66.9,2.1,0.8,1,0.7,3.5,0,0,0,0.1,0,0,0,0.1,2.1,0.2,0.4,1.8,0,0,3,7,2,8,1
13437,12,Alt-Wittenau,14746,1,20370,7.3,32.5,7.1,28.1,6.3,20.3,6.3,2.9,5.1,41.2,33.5,29.5,18.1,9,9,7.8,7.8,14.1,8.2,6.5,10.7,11.8,15.2,6.6,2.3,1.3,28.8,11.7,9.5,23.2,15,1.7,15805,62.1,37.9,2.2,2.3,46.8,20,0,0,23.9,14.4,47,0.8,4.2,10.3,27.9,0,29.6,9.7,9.6,11.2,11.5,12.7,15.7,28,4.1,6.6,15.2,9.3,38.4,19.2,0,0.4,6.8,0,1.6,1.9,0.6,2.9,0.2,1.8,1.8,0,9.1,2.4,3,0.6,0.7,0.3,4,4.4,0.1,0.8,30.9,1.3,5.3,11.2,1.7,6.3,0,0,0,0.4,0,0,0,0,1,0.4,1,4.3,0,0,2,6,2,7,1
13439,12,Märkisches Viertel Ost,20752,1,17997,6.1,40.2,16.4,18.8,5.3,14.2,2.5,1.4,3.3,25.7,35.9,26.5,11.5,7.5,7.3,7.2,6.4,10.6,6.9,7.6,10.3,14.1,22.2,6.1,1.3,7.5,21.5,5.9,27.9,18.8,7.7,3.3,22063,56.7,43.3,72.3,27.2,0,0,0,0,47.6,23.4,39.3,1.3,7,17.6,19.6,0,23.7,10.2,5.9,9.7,9.7,20.6,20.2,23.4,0.5,4.4,4,1.6,83.7,4,0.1,0.2,1.7,0,0,0.4,0.1,2.5,0,0.2,1.8,0,2.6,0.7,0.7,0,0.1,0.2,1,0.3,13.4,17,48.7,4.1,0.5,0.3,0.2,3.5,0,0.1,0,0.2,0,0,0,0.2,0.3,0.1,0.2,0.9,0,0,7,9,4,8,4
13465,12,Frohnau,16851,0,28243,8.5,20.6,0.4,34.1,3.5,16.7,7.4,5,4.4,53.3,18.4,25.7,40,12.9,13.9,10.6,10,13.2,7.3,8.3,7.8,7.4,8.8,2.7,1.8,0.6,24.3,20.3,6.4,15.8,27.1,1.1,17393,57.7,42.3,0,0,7.2,0.5,68.2,2.6,10.6,4.1,48.3,0.6,4,13.7,31.2,0,8.4,9.7,18.9,10.6,16.4,11.1,24.8,36.7,46.9,14.3,13.6,0.4,3.5,6.4,0,0.3,14.6,0,11.6,33.4,1.9,13.3,0.1,0,0.9,0,7.3,0.9,5.2,0.2,0,0.4,0,0,0,0,2.3,0.3,0.9,3.7,0.2,2.5,0,0,0,0.3,0,0,0,0,7.2,0.1,1.2,6.2,0,0,2,9,2,2,6
13467,12,Hermsdorf,15057,1,26179,8.5,21.4,1.4,33.3,4.2,19.6,9.8,5.1,4.3,53.8,22.2,26.3,35.1,12.2,13,9.7,9.2,13.5,7.6,8.1,8.4,8.4,9.9,3.7,1.9,0.5,26.6,19.3,4.6,19.7,23.1,0.7,15628,61.5,38.5,0.2,0.1,22.5,2.7,38.8,6.1,10.9,5,48.2,0.6,3.8,12.2,29.7,0,10.3,10.4,18,11.1,15.9,10.8,23.4,39.1,19,22.2,22.4,5.1,7.1,7.2,0.1,1,15.9,0,6.5,10.4,2.1,18.2,0.3,0.5,3.3,0,12.8,2.2,7.2,0.2,0.3,0.4,1.5,2.9,0,0,3.7,0.3,3.1,3.6,0.9,2.8,0,0.1,0.2,0.7,0,0.2,0,0,6.7,0.2,1.1,8,0,0,2,9,2,3,4
13469,12,Waidmannslust,16358,1,21537,6.5,44.4,6.7,27,5.1,18.2,6.1,2.8,4,46,31.4,27.8,21.2,9.5,10.2,9.3,7.9,13.1,7.8,7.5,9.4,11.1,14.4,5.5,2.1,2.4,25.9,15.4,13.1,17.2,16.6,1.9,17532,60.9,39.1,0.9,0,67.9,9.5,0,0,23.8,11.5,43.5,0.8,4.8,14.7,22.7,0,17.3,10.6,11.9,11.9,14.7,13.3,20.4,28,9,16,18,3.5,32.1,8.7,0,1,11.6,0,4.6,3.5,0.9,9.4,1.8,2.5,2.3,0,8,3.9,5.8,0.3,0.4,0.6,2.4,0.2,0.1,4.1,23.2,2.5,2.4,4,1.5,3.1,0,0,0.1,0.9,0,0,0,0.1,3.8,0.8,0.7,6.3,0,0,3,8,2,5,3
13503,12,Heiligensee,16919,0,26319,8.5,15.6,1.9,38.3,4.6,21.6,8.8,4,5.3,53.3,26.3,27.2,29.8,11.9,12.2,9.1,7.6,15.1,7.7,7.3,9.1,9.9,10.1,3,1.5,0.6,21.8,20.5,6,19.4,25.9,1.3,17521,66.3,33.7,16.1,1.3,51,8.5,1.4,0.9,10.7,4.1,47.4,0.6,4.3,12.2,27,0,13.1,11.9,17.1,12.7,14.4,10.5,20.4,34.1,6.4,24.4,27.9,2,7.2,5.6,0,3,23.6,0,0.7,3.7,1.9,16.9,0.4,1.7,5.4,0,17.5,2.9,6.8,0.8,0.3,0.6,1.1,0,0.1,0,4.4,1.1,1.7,2.4,1,2.2,0,0,0,2.8,0,0.1,0,1.4,8.7,0.3,0.8,12.4,0,0,1,9,1,1,3
13505,12,Konradshöhe,6287,0,26850,8.5,23.5,2.5,13,1.5,7.1,2.7,1.8,1.4,54.3,20.8,25.8,37,12.3,12.5,10,8.4,14.8,8,7.5,8.3,9.2,9.1,3,1.9,0.4,24.7,21,3.8,19,25.6,0.7,6611,58.9,41.1,0.5,0,28.9,0.4,0,0,12.6,5.4,47.8,0.5,3.7,12.9,29,0,11.2,10.9,18.2,11.7,15.7,10.4,21.9,36.1,8.2,21.9,28,0.9,7.9,7.5,0.1,1.9,23.7,0,1.6,5.9,0.7,15.6,0,1.2,5.2,0,20.8,3,4.1,0.1,0.1,0.4,0.2,0.1,0,0,3.3,0.7,4,5.5,1.2,0.8,0,0.1,0.5,1.4,0,0,0,0,11,0.3,2.8,9.7,0,0,2,9,1,1,3
13507,12,Alt-Tegel,21671,0,21385,8.1,36.4,9,31,7.3,22.1,7,2.7,5.2,38.7,32.9,29.2,18.6,8.9,8.7,8.4,8.7,11.9,7.6,6.8,10.3,10.9,17.7,8.2,2.6,2,31.8,9.8,12.8,20,11.1,1.7,22891,58.4,41.6,0.3,0.3,54,22.7,24.7,1.3,23.8,11.7,46.8,0.8,3.8,9,26.6,0,27.3,8.6,9.4,9.9,11.8,14.8,18.3,41.2,6.3,4.1,6.8,9.6,58.4,9.4,0.1,0.3,5.2,0,6,0.3,0.1,1.8,0,1.4,0.9,0,3.1,1.6,2,0.1,0.7,0.7,8.1,0.1,5.2,4.9,40.7,3.6,4,4.5,1,3.9,0,0.1,0,0.3,0,0,0,0.1,1.6,0.2,0.5,2.7,0,0,5,7,4,4,4
13509,12,Borsigwalde,15988,1,19614,7.5,37.1,8.2,34.9,8,26.2,7.7,2.7,6.1,52.3,34,29.8,16.1,9.1,8.3,7.2,8.2,13.6,7.7,6.3,11.6,11.7,16.4,7.5,2.3,1.1,30.3,9.9,8.1,24.9,14.4,1.6,16662,68.2,31.8,22.6,8.7,34,9.9,0,0,15.8,8.1,46.8,0.8,3.5,8.9,25.9,0,34.9,9.7,9.4,9.8,10.4,12,13.8,36.8,2.5,6.2,9.4,7.3,37.6,28.5,0,0.4,8.4,0,0.3,1.5,0.7,4.1,0.2,0.1,1.8,0,4.4,3.2,1.8,0,1.5,1.2,4.5,0,0,1.1,29.2,1.4,5.9,17.6,2.3,8.6,0,0,0,0.4,0,0,0,0.4,2.2,0.2,0.4,5.1,0,0,3,4,3,5,2
13581,5,Klosterfelde,14281,0,19415,7.1,28.6,10,11.8,2.8,10.2,2.4,1.2,2.2,40.9,34.8,29.6,15.2,8.5,8.4,8.1,8.2,12.6,7.5,6.7,10.3,11.2,18.5,8.3,3,2.3,31,10.3,12.9,20.1,10.8,1.4,15636,53.5,46.5,45.1,20.8,2.5,2.2,0,0,33.4,19,44.5,0.9,4.2,10.6,23.7,0,23.1,10.1,8.7,10.9,11.9,16.4,18.9,39.7,0.5,3.5,10.1,8.5,62.5,9.5,0,0.7,4.7,0,0.2,0.2,0.2,1.3,0.2,0.4,1.6,0,3.3,4.2,1.9,0.7,0.3,2.1,6.1,0,0,2.5,50.6,4.6,4.8,2.4,1.3,5.8,0,0,0,0.7,0,0,0,0,1.4,0.1,0.2,3.1,0,0,3,3,5,5,5
13583,5,Zeppelinstraße,21638,1,17188,6.8,32.6,12.3,24.2,7.6,21.3,4.5,1.8,4.2,28.9,35.8,27.3,11.4,7.6,6.7,6.8,7.4,12.3,7.1,6.1,11.7,13,21.4,8.3,2.4,3,29,7.4,17,21.5,9.4,2.1,22531,55.3,44.7,52.4,11.8,21.6,15.9,0,0,35.1,16.3,43.3,1,5,10.5,21.3,0,36.7,8.4,5.5,8.6,8.5,16.8,15.6,29.3,0,0.6,3.3,6.3,76.8,9.6,0,0.4,3,0,0,0,0,0.1,0,0,0.4,0,1.7,1.2,0.4,0,0.3,0.3,5.7,0,0.8,1.2,65.4,1.6,7.8,1.5,1.2,6.8,0,0,0,0.4,0,0,0,0.2,1.1,0.1,0.3,1.3,0,0,3,2,6,5,5
13585,5,Neustadt,22102,0,17126,7,40,13,23.3,10.3,24.2,6.1,1.8,6,26.4,36.3,27.5,10.9,7.2,6.4,7.4,8.6,10.1,6.6,6.1,10.5,12.6,24.6,10.3,3,3.7,32.1,6.8,21.1,15.4,5.4,2.3,23652,51.5,48.5,63.3,27.2,11.7,4.2,0,0,41.9,24.3,39.5,1.2,5.6,12.1,15.2,0,28,7.8,5.6,7.4,9.3,21.3,20.6,32.8,0.2,0,1.7,14.4,80.4,3.4,0,0,0,0,0.1,0,0,0,0,0,0,0,0.1,0.4,0,1.2,0.3,1.7,11.8,0.5,0.8,5.8,64.1,5.1,4.6,0.3,0.6,2.5,0,0,0,0,0,0,0,0,0,0,0,0,0,0,7,2,8,3,8
13587,5,Hakenfelde,19959,0,19384,7,27,11.3,30.9,9.1,27.1,6.6,2.7,5.8,35.9,34.8,30.1,14.8,8.7,7.8,7.6,8.7,12.1,7.7,6.6,11.2,11.4,18.3,8.6,2.5,2,31.7,9.3,12.7,21.5,9.9,1.7,21652,57.3,42.7,30,13.7,44.1,9.9,0,0,22.9,12.9,46.7,0.8,4.3,9.7,27.1,0,33.8,8.4,7.9,9.7,10.2,14.4,15.6,34.1,8.7,1.7,7.9,13.6,48.5,15,0,0.2,4.4,0,8.1,0.2,0.4,0.9,0.2,0.2,0.5,0,4.4,2.1,1.3,0.1,0.4,0.5,11.2,1.6,0.4,0.5,43.1,1.5,3,2.2,3,9.9,0,0,0,0.2,0,0,0,0.2,1.8,0.3,0.3,1.9,0,0,6,8,6,3,7
13589,5,Falkenhagener Feld,21244,1,19473,6.4,33.9,10.7,28.3,8,23.8,3.8,2.5,5,34.5,34.4,27.7,14.9,8,7.8,7.5,6.1,13.6,7.2,6.7,10.8,14.4,17.9,5.9,1.8,4.7,21.9,10.3,20.6,20,12.4,2.5,22427,57.8,42.2,24.9,4.4,64.1,7.8,0,0,32.5,13.8,44.7,0.7,4.8,13,25.5,0,29.5,10.3,7.6,10,10.5,16,16,22.8,1.1,5.7,11.3,7,55.5,10.5,0,2.5,6.4,0,0.1,0.9,0.2,2.8,0.3,0.3,2.4,0,7.9,2.5,0.7,0.2,0.5,2,3.1,1.5,3.3,0.6,47.2,2.9,1.5,0.9,1.3,8.3,0,0,0,1.9,0.6,0,0,0.4,3,0.2,0.4,2.5,0,0,2,8,2,7,3
13591,5,Staaken,26458,1,20899,7.1,27.5,6.8,46.7,11.2,36.3,8.5,4.3,7.5,44.4,33.9,29.4,17.5,9.3,9.2,8.6,7.1,13.5,7.3,7.3,10.5,12,15.1,6.1,2.1,2.2,25.5,14.3,16.6,16.8,13.8,2.7,27913,64,36,87.6,17,15.6,5.6,0,0,20.5,7.9,43.9,0.7,4.3,13.3,21.8,0,23.6,11.1,10.6,12.4,12.5,13.3,16.5,26.7,4.7,10.3,25.7,4.5,35.1,7.8,0.2,3.2,8.4,0,3.2,0.8,0.6,2.4,1.1,3.7,3.1,0,11.3,7.8,6.4,0.2,0.6,0.9,1.9,1.1,0.1,0.2,30.1,0.9,3.9,2.8,1.7,3.3,0,0.2,0.1,2.3,0.1,0.5,0.2,0,3.8,0.3,0.4,3.9,0,0,2,9,2,6,3
13593,5,Heerstraße/Wilhelmstraße,20870,1,18592,5.8,30.3,12.2,24.7,7.1,21.3,3.8,2.2,4.6,30.5,34.1,27.4,15.1,7.9,7.6,7.4,6.3,12.9,6.8,6.7,10.9,14.2,19.4,5.6,1.6,5.1,22.6,8.6,20.7,21.7,12,2.2,21779,53.4,46.6,76.3,14,6.9,0.9,0,0,40,18.5,42.8,0.9,6.1,14.1,23.9,0,27.3,10.8,7.7,9.5,10,17.4,17.3,28.8,1.5,6.3,4.5,3.4,67,10.7,0,0.4,6.1,0,0,1.5,0,3.4,0,0.6,2.3,0,2.7,1.2,0.6,0,0.6,0.4,2.5,0,10,1.7,49.7,4.2,1.6,1.5,1.6,7.6,0,0,0,0.3,0,0.1,0,0.2,2.4,0.2,0.5,2.8,0,0,2,4,2,4,3
13595,5,Wilhelmstadt Ost,20511,1,20234,7,31.3,10,34.7,10.7,28,7.7,3.6,5.9,36.7,32.4,28.8,17.6,8.7,8.1,7.9,8.7,12.2,7.4,6.5,10.4,11.3,18.9,9.1,2.8,1.8,32.7,9.1,11,21.5,10.4,1.5,21734,56.8,43.2,52.2,26,6.3,3.9,8.5,1.1,24.4,13.5,45.2,0.9,4.1,9.2,24,0,28.9,8.5,8.6,9.2,10.2,16.5,18.2,38.1,3.2,2.6,3.6,10.3,66.7,9,0,0.1,4.5,0,0.3,2.6,0.3,2,0.1,0,0.5,0,2.2,0.7,0.8,0,0.4,0.2,9.6,0.1,0.1,1.6,55.8,2.5,6.5,3.1,1.2,4.7,0,0,0,0.1,0,0,0,0.2,1.8,0.1,0.5,2,0,0,5,5,6,3,7
13597,4,Altstadt/Stresow,8635,0,19368,6.7,21.4,10.3,9.5,3.7,9.3,2.7,1.1,1.9,40.4,33.9,28.5,16.3,8.4,8.1,8.6,9,11.1,7.6,7,10.2,10.6,19.4,8.9,3.4,1.7,36.1,10.1,10.6,19.6,8.5,1.1,9592,51,49,12.3,21,7.3,2.7,0,0,37,21.7,41.5,1,5,11.8,18.1,0,23.8,9.4,8.8,10.2,11.6,17.1,19.2,44.9,2.4,0.2,11.9,8.6,69.5,6.6,0,0,0.8,0,2.2,0,0.1,0,0,0,0.2,0,3.8,8.1,0,0,0,0.3,5.4,3,5.8,0.6,52.6,3.5,7,1.6,0.8,4.2,0,0,0,0,0,0,0,0,0.1,0,0.1,0.7,0,0,5,3,7,3,7
13599,5,Haselhorst,15112,0,19209,7,23,10.9,19.2,5.7,16.9,3.4,1.4,3.2,36.5,35.5,29.7,13.7,7.9,7.3,7.5,8.1,12.2,7.3,6.2,11.5,11.7,20.4,8.9,2.6,2.4,32,8.5,15.1,19.9,8.6,2,15980,54.8,45.2,18.7,7.3,38.9,7.2,0,0,41.8,16.9,42.3,1.1,5.3,11.9,20,0,36.7,7.8,6.3,8.5,8.6,16.4,15.9,31,4,1.8,6.7,6.1,65.7,11.6,0,0.3,3.9,0,3.6,0,0.4,0.6,0.2,0.7,0.3,0,3.6,2.4,0.7,0,0.7,1.6,3.8,0,0.1,0.4,57.3,2.9,5,1.8,2.8,7,0,0,0.3,0.1,0,0,0,0.1,0.7,0.1,0.1,3.1,0,0,7,9,4,6,5
13627,4,Charlottenburg-Nord,17887,1,18178,7.7,32.8,12.8,19.7,7.3,17.7,4.2,2,3.7,29.5,35.7,29.4,12.1,7.8,6.6,6.8,7.2,12.7,7.5,6.1,12.2,13.5,19.7,7.4,1.7,3.8,25.8,5.6,16.8,27.4,9.2,2.3,19006,50.7,49.3,21.7,4.1,44.4,15.6,0,0,45,24.3,44.4,0.9,4.8,10.5,23.5,0,47.5,7.6,4.9,7.4,7.3,13.6,11.7,36.7,0.3,0.7,2.8,4.8,61.5,26.8,0,0.1,3,0,0,0.3,0,0.2,0.2,0.1,0.2,0,1.9,0.7,0.2,0,0.4,0.4,2.9,1,0,0.8,55.3,3.4,2,2.4,1.8,22.7,0,0,0,0.1,0,0,0,0,0.3,0,0.5,2.2,0,0,2,4,2,3,1
13629,4,Siemensstadt,12443,0,19490,7.9,58.6,10.3,14.3,4.4,13.2,3.9,1.2,2.4,30.7,34.4,29.8,15.7,8.4,8.4,7.8,8.3,12.3,7.3,6.9,10.6,11,19,6.7,2.5,2.9,27.3,8.4,18.3,21.2,10.8,1.9,13245,49.3,50.7,35.4,17,6,1.4,0,0,42.7,26.3,41.4,1,5.4,12.2,19.5,0,29.4,8.4,8.5,10.1,11.1,15,17.6,32.7,2.7,3.1,4.3,8.2,56.9,19.1,0,0.6,5.2,0,1.6,1.1,0,1.7,1.2,0,0.2,0,2.5,1.2,0.6,0,1.5,0.2,4.7,1.8,0.8,1.3,46.8,3,5,4,2.1,13.1,0,0,0,0.6,0,0,0,0.8,0.7,0,0.2,3.6,0,0,4,2,6,2,5
14050,4,Westend-Nordost,10758,0,25705,9.5,39.7,5.9,10.5,2.1,7.8,3.3,2,1.7,38.5,25.4,27.7,30.5,9.8,10.8,10.2,10.7,12.1,9,7.4,8.3,8.4,13.2,8.5,3.6,1.1,34.1,9.8,6.5,24.2,11.6,0.7,11305,46.6,53.4,0.1,0.8,1,1.6,38.6,8.9,29,17.7,47.7,0.9,3.8,8.7,29.3,0,19.4,7.6,12.8,9.9,14.9,12.7,22.9,49,9.4,1.1,5.2,6.2,59.4,14.8,0,0,3.9,0,4.2,5.1,0.1,0.8,0.1,0.2,0.1,0,2.1,1.9,1.3,0,0,0.5,5.7,0,0,0.1,54.5,0.5,4.2,4.6,1.3,8.9,0,0,0,0,0,0,0,0.1,1,0,0.2,2.6,0,0,3,8,2,2,4
14052,4,Westend-West,12047,1,25740,9.8,34.4,5.3,22.3,4.1,15.8,6.4,3.8,3.4,44.1,22.9,26.7,33.8,10.5,11.9,11.2,10.6,12.1,8.8,7.4,7.7,8,11.9,5.6,3.3,1.8,29.5,10.6,13,21.1,13.9,1.3,12721,48.3,51.7,0,0.1,0,0,32.7,24.5,25.8,15.3,48.4,0.6,3.1,9.6,30.5,0.1,14.6,7.4,14.3,9.7,17.2,12.2,24.6,51.8,17.2,2.8,4.2,1.7,56.2,15.2,0,0,2.8,0,11.4,5.6,0.2,2.3,0,0,0.4,0,2.2,1.1,0.8,0,0,0.2,1.5,0,0,0.2,53.6,0.3,2.2,6.2,0.9,8.1,0,0,0,0,0,0,0,0,1.2,0,0.6,0.9,0,0,5,4,5,3,4
14053,4,Olympiastadion,129,0,23387,,,5.1,,,,,,,98.4,27.9,29.1,27.9,9.5,11.4,12.8,11,12,10.9,6,7.3,7.9,11.2,8.1,4.8,0.3,34.9,17.3,3.3,14.6,16.2,0.5,193,51.3,48.7,0.5,0,0,0,0.3,0.1,34.2,21.2,41.6,0,4.7,21.8,14.5,0,16.2,6.9,11.6,10.7,22,10.1,22.6,50.6,33.7,0,37.2,0,5.8,18.6,0,0,4.7,0,29.1,4.7,0,0,0,0,0,0,7,30.2,0,0,0,0,0,0,0,0,5.8,0,0,7,7,4.7,0,0,0,0,0,0,0,0,0,0,4.7,0,0,0,8,4,6,9,3
14055,4,Eichkamp/Heerstraße,10914,1,28087,8.4,25.9,4.3,17.6,2.7,10.5,5,3.5,2.5,43.1,20.5,26.5,37.2,11.8,13.1,11,12,11.1,8.3,8.7,7,6.4,10.5,5.6,2.4,2,26,14.7,12.4,17.7,17.7,1.6,11201,45.3,54.7,0,0.2,0,0,42.7,7.5,27.4,17.4,47.9,0.5,3.1,11,30.7,0.1,10.1,8.3,16.6,10.4,16.5,12,26.1,56.2,32,6.7,10.7,6.2,29.8,7.4,0,0.1,7.1,0,4.6,26.8,0.6,6,0.1,0,0.7,0,3.8,2.2,4.7,0,0.1,0.3,5.6,0.2,5.5,0,22.7,0.2,1.5,3.1,0.7,3.5,0,0,0,0.1,0,0,0,0,2.2,0.5,0.8,3.6,0,0,3,4,3,2,3
14057,4,Lietzensee,14134,1,23891,10.6,48,7.2,16.7,7.3,18.6,12.8,3.2,2.9,34.3,23.3,26.5,33.6,9.6,11.8,12.7,11.4,9,9.4,8.9,6.7,6.9,13.6,9.1,4,3.1,32.4,9,16.5,18.1,6.9,1.1,15068,37.7,62.3,0,0,1,3.5,31,32.4,35.1,22.2,44.5,1,4,9.1,21.6,0.1,10.9,5.1,12.6,9.1,19.3,14.1,29,54.9,3.6,0,0.8,4.8,85.4,5.3,0,0,0.2,0,3.4,0.2,0,0,0,0,0,0,0.3,0.4,0.1,0,0.2,0,4.6,0,0,0.7,83.2,0,1.5,0.9,0,4.4,0,0,0,0,0,0,0,0,0,0,0.1,0.1,0,0,6,2,7,3,6
14059,4,Schloß,21136,1,19105,9.6,55.6,10.5,16.9,9.8,21.8,13.1,2.8,3.3,24.6,33.5,30.4,18.3,8.3,8.7,9.6,11,9,7.9,8.1,8.7,9.1,19.8,11.9,3,3.8,31.2,6.2,19.9,17.5,4.6,2,22181,41,59,0,0,65.8,28.5,1.5,4.2,43.1,26.3,42.5,0.8,4.3,9.5,18.2,0.2,19.5,6.5,7.9,10.5,13,17,25.6,47.1,0,0.1,0.6,12.6,80.9,5.7,0,0,0.1,0,0,0,0,0,0,0.1,0,0,0,0.6,0,0,0,0.1,12.5,0,0.7,6.8,69.2,1.5,2.8,0.1,0,5.6,0,0,0,0,0,0,0,0,0,0,0,0.1,0,0,6,2,7,3,6
14089,5,Gatow/Kladow,18540,1,27611,8.7,32.6,0.8,36.6,4.8,20,8.8,4.7,6,53.5,21.4,26.6,36.1,13.1,12.4,10.1,8.3,13.2,7.4,8.7,8,9,9.7,3.6,1.7,0.4,25.7,22.3,5.7,15.9,23.5,1.2,19581,55.8,44.2,0,0,75.9,5.6,6.5,0.3,16.9,7.9,45.3,0.7,4.6,14.8,25.6,0,9.3,10.9,19.5,11.3,15.6,10.8,22.6,36.2,14.7,25,34.1,2,3.3,4.1,0,1.3,15.5,0,1.6,11.9,1.2,15.4,0.2,6.2,3.2,0,23.5,2,7.6,1,0,0.3,1.5,0.2,0,0,1.6,0,1.7,1.8,0.6,1.6,0,0,0.1,1.2,0,0,0,0.1,8,0.1,0.6,6.8,0,0,2,9,1,1,7
14109,6,Wannsee,10334,1,30435,9,11.9,1.5,18.5,2.6,11.2,6.2,3.9,3.1,52.4,18.2,26,39.8,12.2,12.8,11.5,11.1,11.9,8.6,8.1,7.1,6.9,9.8,5.6,2.4,0.6,31.7,16.4,4.1,19.4,19.2,0.6,10903,47.8,52.2,0,0,3.2,0.6,35.8,9.6,18.2,9.7,48.1,0.4,4.6,12.4,30.1,0,11.7,8.1,17.2,9,18,10.9,25.1,32.5,51.5,8.4,6.7,7.3,5.9,11,0.1,0.6,8.4,0,8.5,42,1,7.6,0.4,0.1,0.4,0,3.8,1.4,1.4,0.2,0.1,0.2,6.2,0.9,0.1,0.2,4.7,0.1,0.8,3.1,1.4,6.6,0,0.1,0,0.4,0,0.2,0,0,4.5,0,0.9,3,0,0,3,9,6,1,9
14129,6,Nikolassee/Schlachensee,14270,1,29894,9.1,17.7,1.3,20.9,2.6,11.5,6.8,4.4,3.1,47.6,18.4,25.9,40,11.9,14.4,11.6,12.8,11.4,8.1,8,6.8,5.8,9.3,3.8,2.2,1.2,26.3,17.1,11,14.3,22.5,1.7,14763,46.5,53.5,0,0,0.1,0.1,54.3,12,20.9,13.3,46.5,0.6,3.9,12.5,28.6,0.1,10,8.6,17.7,9.3,17,11.2,26.2,50.9,63.3,5.7,4.6,4.3,6.5,10.5,0,0.1,5.1,0,14.6,47.6,1.2,5.2,0.1,0,0.4,0,2,1.3,1,0.2,0.1,0.1,4,0,0,0,4,0.7,1.8,4.5,0.8,5.2,0,0,0,0.1,0,0,0,0,2.1,0,0.6,2.4,0,0,3,9,4,1,7
14163,6,Zehlendorf-Mitte,16618,0,27880,9,27.3,3,30.7,7.1,24.1,14.3,5.6,5.1,48.3,20.6,26.2,37.1,11.3,13.4,11.5,11.1,12.2,8.4,8,7.3,6.8,10.2,4.5,2.5,1,27.1,17.7,9.3,15.7,20.8,1.5,17368,49.5,50.5,0,0,14.7,1.6,50,10.6,20.3,11.1,46.7,0.5,4,13.9,28.1,0,11.1,8.1,16.3,10,17.8,11.3,25.5,44.9,43.4,5.1,8.7,6.3,17.7,11,0,1,6.9,0,8.2,34.7,0.4,3.9,0.1,0.1,1,0,4.4,3,1.1,0.2,1.1,0.4,4,0.8,0.6,0,10.1,0.9,6.1,6.1,0.6,4.3,0,0,0,1,0,0,0,0.2,1.9,0,0.3,4.5,0,0,3,7,3,2,4
14165,6,Zehlendorf-Südwest,14649,1,22981,8.5,21.1,4.4,17.7,3.5,12.8,6.4,2.5,2.9,45.8,26.8,27.8,28,10.7,11,8.9,9.2,13.3,7.9,7.1,9.4,9.6,13,5.1,2.3,1.5,26.7,13,11.3,20.1,18.4,1.6,15146,55.3,44.7,0,0,54.9,2.5,8,3,17.8,8.6,48.4,0.6,3.8,11.5,30.3,0.1,20.7,9.5,14.3,10.2,14,11.4,19.9,38.3,22.7,7.2,7.5,5.6,27.6,20,0,0.1,9.4,0,8.2,14.3,0.3,5.2,0.8,0.6,0.6,0,3.7,1.2,2.3,0.3,1.4,0.7,3.5,0,0.1,0.2,20.5,2.3,4.6,6.5,2.7,10.7,0,0,0,0.1,0,0,0,0.3,3.2,0.3,1.1,4.5,0,0,6,9,4,3,6
14167,6,Zehlendorf-Südost,16003,1,26926,10,31.6,2.5,33,5.8,22.9,11.1,5.1,4.6,49.4,22.1,27,35,11.5,12.5,10.5,9.9,12.4,7.8,8.2,8,8.1,11,4.4,2.4,1.6,25,15.9,13.2,16,20,1.7,17081,51.1,48.9,0.6,0.1,40,7.8,22,6.2,24,12.4,46.1,0.7,3.9,13.2,26.5,0,12.2,9.3,16.6,10.5,16.2,11.7,23.6,38.6,30.9,11.3,11.6,4.5,22.4,11.3,0,0.4,7.6,0,6.2,24.1,0.6,9.6,0,1.1,0.6,0,3.2,2.5,5.9,0,0,0.8,3.7,0,0.2,0.1,17.2,1.5,3.5,3.2,1.7,6.4,0,0,0.3,0.1,0,0.1,0,0,4.2,0.1,0.1,3.3,0,0,4,8,4,3,5
14169,6,Clayallee Süd,17592,1,24259,9.5,38.7,4.1,7.3,1.5,5.1,3.6,1.1,0.9,39.6,25.2,27.8,30.5,10.5,12,10,10.6,12.4,8.1,7,8.7,8.3,12.3,5.3,2.3,1.6,27.1,12.8,13.4,18.5,16.9,2.2,18251,50.8,49.2,0,0,8.1,7.8,48.3,18.2,20.8,10.2,47,0.7,4.1,12.8,28.2,0,21.6,7.7,13.8,9.2,15.1,11.1,21.6,45.8,32.2,5.6,5.1,6.5,24.7,21.9,0,0.1,4,0,10.2,21.4,0.5,5.4,0,0.1,0.2,0,1.1,2.1,1.9,0,0.7,0,5.8,0,0.1,0,18.9,1.2,4.5,10.2,1.1,10.7,0,0,0,0.1,0,0,0,0,1.2,0.2,0.1,2.5,0,0,4,9,3,3,4
14193,4,Grunewald,16291,1,32443,11.6,39.9,4.5,27.2,3.7,15,6.1,6.8,4.1,49.1,18.9,25.9,39.2,10.4,12.8,11.9,12.7,11,8.6,7.5,7.4,6.6,11,5.8,2.8,0.8,36.6,11.6,6.1,19.7,16,0.7,17013,43.2,56.8,0,0,15.8,5.1,38.9,16.9,32.4,18.3,48.4,0.8,3.8,9.5,30.2,0.1,12.1,6.9,14.8,9.5,17.8,12.3,26.8,47,50.1,1.8,1.1,2.1,23.4,15.3,0,1,5.2,0,24.9,24.2,1,1.6,0,0,0.1,0,0.4,0.7,0.1,0,0,0.1,2,0.1,0,0.5,21.5,0,1.4,4.4,1.4,9.5,0,0,0,1,0,0,0,0,3.4,0,0.6,1.2,0,0,5,7,3,6,3
14195,4,Dahlem,15453,0,34513,11.5,28.5,2.9,33.3,5.3,21.2,11.6,7.8,5.3,49.4,17.6,26.1,40.9,10.8,14.6,13.3,13.4,10.7,8.8,7.9,6.2,5.4,8.9,4.3,2.5,1.7,27,16.3,14.8,11.3,20.1,2.1,16426,42.7,57.3,0,0,0,0,60.1,14,29.4,17,44.9,0.6,3.9,15.4,25.3,0,7.8,6.8,15.7,9.4,19.9,11.6,28.9,43.1,70.2,2.5,3.3,7.8,5,7.1,0,0,4.2,0,16.4,53.1,0.7,1.8,0.1,0.2,0.4,0,0.2,1.1,1.9,0,0.4,2.5,4.9,0,0,0.3,2.8,1.4,0.5,2.7,0.9,3.5,0,0,0,0,0,0,0,0,2.5,0,0.5,1.2,0,0,5,9,3,5,4
14197,4,Rüdesheimer Platz,18787,0,20574,9,33.9,6.8,25,8.9,25.7,15.4,3.6,4.3,34.8,30.6,29.3,22.9,9.2,10.4,9.9,10,11.8,8.5,7.4,8.9,8.8,15.1,7.8,2.8,2.4,31,8.5,15.3,21.3,9.4,1.5,19520,48.7,51.3,0,0,14.8,5.8,46,21.4,27.1,15.6,47.5,0.8,3.5,9.3,27.1,0.1,18.4,8.3,12.1,10.5,14.5,13.9,22.3,45.5,11.8,0.8,1,4.7,73.6,7.4,0,0,0.7,0,9.9,1.9,0.1,0.8,0,0,0,0,0.1,0.9,0.1,0,0,0.1,2.9,1.7,0,2.2,66.1,1.2,4.1,3.7,0.2,3.6,0,0,0,0,0,0,0,0,0.4,0,0.1,0.2,0,0,3,6,3,6,3
14199,4,Schmargendorf-West,14211,0,24331,9.8,30.7,5.1,21.5,4.5,14.3,5.9,3.4,3.5,44.7,26,27.5,30.1,9.4,11.4,10.4,10.5,12.2,9.2,7.1,8.3,8.5,13.1,6.4,3,1.7,31,10.2,13.4,19.9,13.1,1.5,15109,50.8,49.2,0,0,4.1,3.6,46.9,13.5,27.9,15.3,48.2,0.7,3.6,10.5,29.7,0.1,15.4,7.3,12.8,10.3,16.8,12.7,24.7,36.6,26.9,1,2.5,2.8,43,21.8,0,0,2,0,19.1,7.5,0.3,0.8,0,0.1,0.1,0,0.8,0.5,1.2,0,0,0,2.8,0,0.3,0.4,35.6,1.2,5.5,14.3,1,6.6,0,0,0,0,0,0,0,0,0.9,0,0.4,0.7,0,0,3,7,2,6,2