"KRS","KRS_Name","Wahlberechtigte","Wähler","Gültige","SPD","CDU","CSU","GRÜNE","FDP","PDS","REP","GRAUE","Tierschutz","NPD","ödp","PBC","FRAUEN","BP","FAMILIE","CM","BüSo","HP","Violetten","AUFBRUCH","ZENTRUM","KPD","PRG","Schill","SPD_rel","CDU_rel","CSU_rel","GRÜNE_rel","FDP_rel","PDS_rel","REP_rel","GRAUE_rel","Tierschutz_rel","NPD_rel","ödp_rel","PBC_rel","FRAUEN_rel","BP_rel","FAMILIE_rel","CM_rel","BüSo_rel","HP_rel","Violetten_rel","AUFBRUCH_rel","ZENTRUM_rel","KPD_rel","PRG_rel","Schill_rel","Wahlbeteiligung","ost_west"
"01001","Flensburg",65740,49054,48553,23396,14362,0,5556,3424,859,80,153,0,128,0,153,0,0,0,0,0,0,0,0,0,0,0,442,48.187,29.58,0,11.443,7.052,1.769,0.165,0.315,0,0.264,0,0.315,0,0,0,0,0,0,0,0,0,0,0,0.91,74.6,"West"
"01002","Kiel",176468,137758,136225,61489,36596,0,20890,10948,3098,234,345,0,509,0,297,0,0,0,0,0,0,0,0,0,0,0,1819,45.138,26.864,0,15.335,8.037,2.274,0.172,0.253,0,0.374,0,0.218,0,0,0,0,0,0,0,0,0,0,0,1.335,78.1,"West"
"01003","Lübeck",165375,126336,124634,60039,39012,0,12375,8135,2033,249,259,0,458,0,289,0,0,0,0,0,0,0,0,0,0,0,1785,48.172,31.301,0,9.929,6.527,1.631,0.2,0.208,0,0.367,0,0.232,0,0,0,0,0,0,0,0,0,0,0,1.432,76.4,"West"
"01004","Neumünster",61909,46253,45665,22162,15312,0,3005,3271,585,84,110,0,183,0,181,0,0,0,0,0,0,0,0,0,0,0,772,48.532,33.531,0,6.581,7.163,1.281,0.184,0.241,0,0.401,0,0.396,0,0,0,0,0,0,0,0,0,0,0,1.691,74.7,"West"
"01051","Dithmarschen",107594,83694,82616,34465,33700,0,4461,7012,1072,123,242,0,218,0,119,0,0,0,0,0,0,0,0,0,0,0,1204,41.717,40.791,0,5.4,8.487,1.298,0.149,0.293,0,0.264,0,0.144,0,0,0,0,0,0,0,0,0,0,0,1.457,77.8,"West"
"01053","Herzogtum Lauenburg",141792,115977,114734,46896,43600,0,10244,9169,1367,216,216,0,438,0,220,0,0,0,0,0,0,0,0,0,0,0,2368,40.874,38.001,0,8.928,7.992,1.191,0.188,0.188,0,0.382,0,0.192,0,0,0,0,0,0,0,0,0,0,0,2.064,81.8,"West"
"01054","Nordfriesland",127562,102509,101455,43393,39904,0,7238,8208,1079,93,290,0,232,0,205,0,0,0,0,0,0,0,0,0,0,0,813,42.771,39.332,0,7.134,8.09,1.064,0.092,0.286,0,0.229,0,0.202,0,0,0,0,0,0,0,0,0,0,0,0.801,80.4,"West"
"01055","Ostholstein",160770,129463,128182,56418,49310,0,8953,9941,1204,155,239,0,366,0,376,0,0,0,0,0,0,0,0,0,0,0,1220,44.014,38.469,0,6.985,7.755,0.939,0.121,0.186,0,0.286,0,0.293,0,0,0,0,0,0,0,0,0,0,0,0.952,80.5,"West"
"01056","Pinneberg",223977,187495,185700,77166,65925,0,18998,15419,2204,241,494,0,399,0,440,0,0,0,0,0,0,0,0,0,0,0,4414,41.554,35.501,0,10.23,8.303,1.187,0.13,0.266,0,0.215,0,0.237,0,0,0,0,0,0,0,0,0,0,0,2.377,83.7,"West"
"01057","Plön",102080,85851,85042,36512,31057,0,8177,6636,1040,112,180,0,219,0,165,0,0,0,0,0,0,0,0,0,0,0,944,42.934,36.52,0,9.615,7.803,1.223,0.132,0.212,0,0.258,0,0.194,0,0,0,0,0,0,0,0,0,0,0,1.11,84.1,"West"
"01058","Rendsburg-Eckernförde",212644,174591,172769,72712,64535,0,16066,14247,1996,194,389,0,417,0,411,0,0,0,0,0,0,0,0,0,0,0,1802,42.086,37.353,0,9.299,8.246,1.155,0.112,0.225,0,0.241,0,0.238,0,0,0,0,0,0,0,0,0,0,0,1.043,82.1,"West"
"01059","Schleswig-Flensburg",151938,122802,121688,51538,47638,0,9988,9264,1339,167,315,0,195,0,304,0,0,0,0,0,0,0,0,0,0,0,940,42.353,39.148,0,8.208,7.613,1.1,0.137,0.259,0,0.16,0,0.25,0,0,0,0,0,0,0,0,0,0,0,0.772,80.8,"West"
"01060","Segeberg",195800,159163,157759,63907,59093,0,13902,14356,1918,226,522,0,386,0,226,0,0,0,0,0,0,0,0,0,0,0,3223,40.509,37.458,0,8.812,9.1,1.216,0.143,0.331,0,0.245,0,0.143,0,0,0,0,0,0,0,0,0,0,0,2.043,81.3,"West"
"01061","Steinburg",105162,85087,84024,35172,31542,0,7081,7133,1061,106,188,0,260,0,191,0,0,0,0,0,0,0,0,0,0,0,1290,41.859,37.539,0,8.427,8.489,1.263,0.126,0.224,0,0.309,0,0.227,0,0,0,0,0,0,0,0,0,0,0,1.535,80.9,"West"
"01062","Stormarn",173945,147193,145913,58573,53514,0,15491,12254,1724,162,371,0,293,0,273,0,0,0,0,0,0,0,0,0,0,0,3258,40.142,36.675,0,10.617,8.398,1.182,0.111,0.254,0,0.201,0,0.187,0,0,0,0,0,0,0,0,0,0,0,2.233,84.6,"West"
"02000","Hamburg",1221783,972418,963438,404738,270318,0,156010,65574,20253,1201,0,0,1956,0,0,2189,0,0,0,890,0,0,0,0,0,0,40309,42.01,28.058,0,16.193,6.806,2.102,0.125,0,0,0.203,0,0,0.227,0,0,0,0.092,0,0,0,0,0,0,4.184,79.6,"West"
"03101","Braunschweig",188217,150095,148899,74055,44360,0,14911,10248,2414,537,204,586,267,58,223,0,0,0,0,76,0,0,0,0,0,0,960,49.735,29.792,0,10.014,6.883,1.621,0.361,0.137,0.394,0.179,0.039,0.15,0,0,0,0,0.051,0,0,0,0,0,0,0.645,79.7,"West"
"03102","Salzgitter",81987,63588,62944,35060,19808,0,2518,3247,564,275,80,288,202,14,138,0,0,0,0,7,0,0,0,0,0,0,743,55.7,31.469,0,4,5.159,0.896,0.437,0.127,0.458,0.321,0.022,0.219,0,0,0,0,0.011,0,0,0,0,0,0,1.18,77.6,"West"
"03103","Wolfsburg",91445,72868,72300,37813,24607,0,3955,3761,582,104,169,203,407,52,129,0,0,0,0,7,0,0,0,0,0,0,511,52.3,34.035,0,5.47,5.202,0.805,0.144,0.234,0.281,0.563,0.072,0.178,0,0,0,0,0.01,0,0,0,0,0,0,0.707,79.7,"West"
"03151","Gifhorn",128791,106068,105222,50778,38491,0,6154,6695,802,282,128,305,332,30,511,0,0,0,0,26,0,0,0,0,0,0,688,48.258,36.581,0,5.849,6.363,0.762,0.268,0.122,0.29,0.316,0.029,0.486,0,0,0,0,0.025,0,0,0,0,0,0,0.654,82.4,"West"
"03152","Göttingen",198017,161630,160254,73092,51745,0,19005,10624,2861,206,323,563,754,92,174,0,0,0,0,26,0,0,0,0,0,0,789,45.61,32.289,0,11.859,6.629,1.785,0.129,0.202,0.351,0.471,0.057,0.109,0,0,0,0,0.016,0,0,0,0,0,0,0.492,81.6,"West"
"03153","Goslar",121336,96483,95587,47648,33576,0,4751,6659,1099,299,151,370,324,17,150,0,0,0,0,12,0,0,0,0,0,0,531,49.848,35.126,0,4.97,6.966,1.15,0.313,0.158,0.387,0.339,0.018,0.157,0,0,0,0,0.013,0,0,0,0,0,0,0.556,79.5,"West"
"03154","Helmstedt",77913,62560,62006,32388,21036,0,2897,3619,606,74,72,263,614,20,93,0,0,0,0,8,0,0,0,0,0,0,316,52.234,33.926,0,4.672,5.837,0.977,0.119,0.116,0.424,0.99,0.032,0.15,0,0,0,0,0.013,0,0,0,0,0,0,0.51,80.3,"West"
"03155","Northeim",117963,95635,94811,50226,30520,0,5058,6251,880,361,127,322,298,25,84,0,0,0,0,14,0,0,0,0,0,0,645,52.975,32.19,0,5.335,6.593,0.928,0.381,0.134,0.34,0.314,0.026,0.089,0,0,0,0,0.015,0,0,0,0,0,0,0.68,81.1,"West"
"03156","Osterode am Harz",67891,54019,53461,27873,17800,0,2614,3509,599,174,80,239,189,18,69,0,0,0,0,15,0,0,0,0,0,0,282,52.137,33.295,0,4.89,6.564,1.12,0.325,0.15,0.447,0.354,0.034,0.129,0,0,0,0,0.028,0,0,0,0,0,0,0.527,79.6,"West"
"03157","Peine",102258,84212,83618,46876,24863,0,4592,4774,693,280,123,304,182,20,201,0,0,0,0,18,0,0,0,0,0,0,692,56.06,29.734,0,5.492,5.709,0.829,0.335,0.147,0.364,0.218,0.024,0.24,0,0,0,0,0.022,0,0,0,0,0,0,0.828,82.4,"West"
"03158","Wolfenbüttel",98869,82003,81451,41501,26360,0,5536,5558,794,217,89,362,218,19,124,0,0,0,0,16,0,0,0,0,0,0,657,50.952,32.363,0,6.797,6.824,0.975,0.266,0.109,0.444,0.268,0.023,0.152,0,0,0,0,0.02,0,0,0,0,0,0,0.807,82.9,"West"
"03241","Region Hannover",833540,682682,677226,343243,201638,0,63326,44882,8364,2424,1263,2127,1336,278,1321,0,0,0,0,298,0,0,0,0,0,0,6726,50.684,29.774,0,9.351,6.627,1.235,0.358,0.186,0.314,0.197,0.041,0.195,0,0,0,0,0.044,0,0,0,0,0,0,0.993,81.9,"West"
"03251","Diepholz",164997,133340,132469,63591,43045,0,9587,12197,1253,385,162,463,292,44,349,0,0,0,0,25,0,0,0,0,0,0,1076,48.004,32.494,0,7.237,9.207,0.946,0.291,0.122,0.35,0.22,0.033,0.263,0,0,0,0,0.019,0,0,0,0,0,0,0.812,80.8,"West"
"03252","Hameln-Pyrmont",124300,100597,99737,49923,33573,0,5565,6932,947,342,121,424,275,32,203,0,0,0,0,34,0,0,0,0,0,0,1366,50.055,33.662,0,5.58,6.95,0.949,0.343,0.121,0.425,0.276,0.032,0.204,0,0,0,0,0.034,0,0,0,0,0,0,1.37,80.9,"West"
"03254","Hildesheim",225028,186886,185390,95444,61160,0,12184,10144,1606,526,338,658,387,66,394,0,0,0,0,35,0,0,0,0,0,0,2448,51.483,32.99,0,6.572,5.472,0.866,0.284,0.182,0.355,0.209,0.036,0.213,0,0,0,0,0.019,0,0,0,0,0,0,1.32,83.1,"West"
"03255","Holzminden",63355,51798,51295,26985,16685,0,2552,3419,460,109,60,205,260,12,110,0,0,0,0,12,0,0,0,0,0,0,426,52.607,32.528,0,4.975,6.665,0.897,0.212,0.117,0.4,0.507,0.023,0.214,0,0,0,0,0.023,0,0,0,0,0,0,0.83,81.8,"West"
"03256","Nienburg",96587,75931,75362,37227,26863,0,4033,4819,636,347,84,301,175,27,110,0,0,0,0,16,0,0,0,0,0,0,724,49.398,35.645,0,5.352,6.394,0.844,0.46,0.111,0.399,0.232,0.036,0.146,0,0,0,0,0.021,0,0,0,0,0,0,0.961,78.6,"West"
"03257","Schaumburg",127216,103903,103145,53429,33759,0,6121,6297,932,398,141,407,284,31,356,0,0,0,0,26,0,0,0,0,0,0,964,51.8,32.73,0,5.934,6.105,0.904,0.386,0.137,0.395,0.275,0.03,0.345,0,0,0,0,0.025,0,0,0,0,0,0,0.935,81.7,"West"
"03351","Celle",139133,111056,110219,47168,43658,0,6755,8052,1009,1209,152,363,222,43,411,0,0,0,0,19,0,0,0,0,0,0,1158,42.795,39.61,0,6.129,7.305,0.915,1.097,0.138,0.329,0.201,0.039,0.373,0,0,0,0,0.017,0,0,0,0,0,0,1.051,79.8,"West"
"03352","Cuxhaven",159871,128334,127425,62744,42987,0,8473,8931,1081,251,181,592,345,45,129,0,0,0,0,49,0,0,0,0,0,0,1617,49.24,33.735,0,6.649,7.009,0.848,0.197,0.142,0.465,0.271,0.035,0.101,0,0,0,0,0.038,0,0,0,0,0,0,1.269,80.3,"West"
"03353","Harburg",181858,154381,153429,62218,56126,0,14639,13411,1517,283,233,716,442,65,312,0,0,0,0,49,0,0,0,0,0,0,3418,40.552,36.581,0,9.541,8.741,0.989,0.184,0.152,0.467,0.288,0.042,0.203,0,0,0,0,0.032,0,0,0,0,0,0,2.228,84.9,"West"
"03354","Lüchow-Dannenberg",41362,32540,32157,13489,11332,0,3736,2156,683,71,53,136,104,13,92,0,0,0,0,9,0,0,0,0,0,0,283,41.947,35.24,0,11.618,6.705,2.124,0.221,0.165,0.423,0.323,0.04,0.286,0,0,0,0,0.028,0,0,0,0,0,0,0.88,78.7,"West"
"03355","Lüneburg",130212,105652,104870,47478,32645,0,12256,7958,1714,164,152,408,375,58,152,0,0,0,0,45,0,0,0,0,0,0,1465,45.273,31.129,0,11.687,7.588,1.634,0.156,0.145,0.389,0.358,0.055,0.145,0,0,0,0,0.043,0,0,0,0,0,0,1.397,81.1,"West"
"03356","Osterholz",86554,71112,70592,34796,20778,0,6731,5563,763,267,115,345,212,19,147,0,0,0,0,33,0,0,0,0,0,0,823,49.292,29.434,0,9.535,7.88,1.081,0.378,0.163,0.489,0.3,0.027,0.208,0,0,0,0,0.047,0,0,0,0,0,0,1.166,82.2,"West"
"03357","Rotenburg",123665,99786,99096,43329,38326,0,6769,7514,892,252,111,370,264,22,286,0,0,0,0,62,0,0,0,0,0,0,899,43.724,38.676,0,6.831,7.583,0.9,0.254,0.112,0.373,0.266,0.022,0.289,0,0,0,0,0.063,0,0,0,0,0,0,0.907,80.7,"West"
"03358","Heidekreis",107880,86065,85370,39272,31614,0,5097,5935,795,502,97,343,263,27,243,0,0,0,0,20,0,0,0,0,0,0,1162,46.002,37.032,0,5.97,6.952,0.931,0.588,0.114,0.402,0.308,0.032,0.285,0,0,0,0,0.023,0,0,0,0,0,0,1.361,79.8,"West"
"03359","Stade",148160,119153,118353,54424,41393,0,9219,8685,1231,162,198,404,523,37,154,0,0,0,0,24,0,0,0,0,0,0,1899,45.984,34.974,0,7.789,7.338,1.04,0.137,0.167,0.341,0.442,0.031,0.13,0,0,0,0,0.02,0,0,0,0,0,0,1.605,80.4,"West"
"03360","Uelzen",77506,62792,62160,29247,22168,0,4538,4175,685,158,103,219,163,22,120,0,0,0,0,13,0,0,0,0,0,0,549,47.051,35.663,0,7.301,6.717,1.102,0.254,0.166,0.352,0.262,0.035,0.193,0,0,0,0,0.021,0,0,0,0,0,0,0.883,81,"West"
"03361","Verden",101392,82508,81917,39640,25831,0,7417,6230,924,221,139,308,285,26,124,0,0,0,0,36,0,0,0,0,0,0,736,48.39,31.533,0,9.054,7.605,1.128,0.27,0.17,0.376,0.348,0.032,0.151,0,0,0,0,0.044,0,0,0,0,0,0,0.898,81.4,"West"
"03401","Delmenhorst",57417,44314,43907,22971,13401,0,2806,2961,506,170,164,156,110,10,30,0,0,0,0,7,0,0,0,0,0,0,615,52.317,30.521,0,6.391,6.744,1.152,0.387,0.374,0.355,0.251,0.023,0.068,0,0,0,0,0.016,0,0,0,0,0,0,1.401,77.2,"West"
"03402","Emden",38581,29650,29361,18754,5711,0,1983,1981,362,49,33,78,69,13,113,0,0,0,0,6,0,0,0,0,0,0,209,63.874,19.451,0,6.754,6.747,1.233,0.167,0.112,0.266,0.235,0.044,0.385,0,0,0,0,0.02,0,0,0,0,0,0,0.712,76.9,"West"
"03403","Oldenburg",119075,95194,94434,45699,23993,0,13601,7465,2011,109,158,329,207,30,108,0,0,0,0,17,0,0,0,0,0,0,707,48.393,25.407,0,14.403,7.905,2.13,0.115,0.167,0.348,0.219,0.032,0.114,0,0,0,0,0.018,0,0,0,0,0,0,0.749,79.9,"West"
"03404","Osnabrück",118616,94294,93106,40673,31381,0,10889,7829,1096,126,148,243,158,78,117,0,0,0,0,11,0,0,0,0,0,0,357,43.685,33.705,0,11.695,8.409,1.177,0.135,0.159,0.261,0.17,0.084,0.126,0,0,0,0,0.012,0,0,0,0,0,0,0.383,79.5,"West"
"03405","Wilhelmshaven",66299,51064,50552,26373,15631,0,2808,3628,640,334,77,266,102,20,36,0,0,0,0,15,0,0,0,0,0,0,622,52.17,30.921,0,5.555,7.177,1.266,0.661,0.152,0.526,0.202,0.04,0.071,0,0,0,0,0.03,0,0,0,0,0,0,1.23,77,"West"
"03451","Ammerland",86424,69233,68666,33160,21859,0,4859,6880,575,97,92,210,134,23,50,0,0,0,0,12,0,0,0,0,0,0,715,48.292,31.834,0,7.076,10.02,0.837,0.141,0.134,0.306,0.195,0.033,0.073,0,0,0,0,0.017,0,0,0,0,0,0,1.041,80.1,"West"
"03452","Aurich",145765,117202,116051,70975,29207,0,6098,6690,1029,340,139,443,253,23,201,0,0,0,0,14,0,0,0,0,0,0,639,61.158,25.167,0,5.255,5.765,0.887,0.293,0.12,0.382,0.218,0.02,0.173,0,0,0,0,0.012,0,0,0,0,0,0,0.551,80.4,"West"
"03453","Cloppenburg",109365,86610,85738,24991,50135,0,2715,6212,435,136,81,205,103,18,284,0,0,0,0,21,0,0,0,0,0,0,402,29.148,58.475,0,3.167,7.245,0.507,0.159,0.094,0.239,0.12,0.021,0.331,0,0,0,0,0.024,0,0,0,0,0,0,0.469,79.2,"West"
"03454","Emsland",225210,183977,182447,59306,100201,0,6742,13068,959,312,177,527,318,37,180,0,0,0,0,29,0,0,0,0,0,0,591,32.506,54.921,0,3.695,7.163,0.526,0.171,0.097,0.289,0.174,0.02,0.099,0,0,0,0,0.016,0,0,0,0,0,0,0.324,81.7,"West"
"03455","Friesland",79019,63449,62872,32946,17991,0,4029,5893,587,201,108,314,150,14,43,0,0,0,0,23,0,0,0,0,0,0,573,52.402,28.615,0,6.408,9.373,0.934,0.32,0.172,0.499,0.239,0.022,0.068,0,0,0,0,0.037,0,0,0,0,0,0,0.911,80.3,"West"
"03456","Grafschaft Bentheim",94531,77485,76970,34216,31834,0,3876,5430,492,112,66,218,144,47,207,0,0,0,0,12,0,0,0,0,0,0,316,44.454,41.359,0,5.036,7.055,0.639,0.146,0.086,0.283,0.187,0.061,0.269,0,0,0,0,0.016,0,0,0,0,0,0,0.411,82,"West"
"03457","Leer",123644,97421,96337,53504,28760,0,4968,6075,898,207,116,431,256,28,451,0,0,0,0,17,0,0,0,0,0,0,626,55.538,29.854,0,5.157,6.306,0.932,0.215,0.12,0.447,0.266,0.029,0.468,0,0,0,0,0.018,0,0,0,0,0,0,0.65,78.8,"West"
"03458","Oldenburg",93391,76257,75743,35409,24553,0,6030,7465,788,166,174,269,156,32,81,0,0,0,0,18,0,0,0,0,0,0,602,46.749,32.416,0,7.961,9.856,1.04,0.219,0.23,0.355,0.206,0.042,0.107,0,0,0,0,0.024,0,0,0,0,0,0,0.795,81.7,"West"
"03459","Osnabrück",263903,217858,216079,89877,91484,0,13423,16785,1458,377,246,742,451,86,336,0,0,0,0,23,0,0,0,0,0,0,791,41.595,42.338,0,6.212,7.768,0.675,0.174,0.114,0.343,0.209,0.04,0.155,0,0,0,0,0.011,0,0,0,0,0,0,0.366,82.6,"West"
"03460","Vechta",91024,74542,73940,19933,44524,0,2701,5539,367,168,77,204,122,21,42,0,0,0,0,10,0,0,0,0,0,0,232,26.958,60.216,0,3.653,7.491,0.496,0.227,0.104,0.276,0.165,0.028,0.057,0,0,0,0,0.014,0,0,0,0,0,0,0.314,81.9,"West"
"03461","Wesermarsch",71410,56035,55529,31640,14577,0,3528,4338,496,91,113,184,114,17,25,0,0,0,0,8,0,0,0,0,0,0,398,56.979,26.251,0,6.353,7.812,0.893,0.164,0.203,0.331,0.205,0.031,0.045,0,0,0,0,0.014,0,0,0,0,0,0,0.717,78.5,"West"
"03462","Wittmund",44193,34065,33736,17241,11506,0,1599,2506,295,97,40,125,64,8,33,0,0,0,0,5,0,0,0,0,0,0,217,51.106,34.106,0,4.74,7.428,0.874,0.288,0.119,0.371,0.19,0.024,0.098,0,0,0,0,0.015,0,0,0,0,0,0,0.643,77.1,"West"
"04011","Bremen",397289,316290,312855,149320,75983,0,50042,21307,7464,801,1583,0,1372,0,0,0,0,0,0,0,0,0,0,0,0,0,4983,47.728,24.287,0,15.995,6.811,2.386,0.256,0.506,0,0.439,0,0,0,0,0,0,0,0,0,0,0,0,0,1.593,79.6,"West"
"04012","Bremerhaven",87204,65719,64769,34048,16791,0,6590,3999,979,139,371,0,429,0,0,0,0,0,0,0,0,0,0,0,0,0,1423,52.568,25.924,0,10.175,6.174,1.512,0.215,0.573,0,0.662,0,0,0,0,0,0,0,0,0,0,0,0,0,2.197,75.4,"West"
"05111","Düsseldorf",408471,325103,322359,126135,109582,0,38878,34955,5109,1131,1004,1181,545,74,287,291,0,555,62,133,103,98,0,103,0,0,2133,39.129,33.994,0,12.06,10.844,1.585,0.351,0.311,0.366,0.169,0.023,0.089,0.09,0,0.172,0.019,0.041,0.032,0.03,0,0.032,0,0,0.662,79.6,"West"
"05112","Duisburg",357760,273535,269352,150729,64746,0,21663,18036,4941,1730,768,1230,1079,69,210,239,0,676,120,39,34,63,0,89,0,0,2891,55.96,24.038,0,8.043,6.696,1.834,0.642,0.285,0.457,0.401,0.026,0.078,0.089,0,0.251,0.045,0.014,0.013,0.023,0,0.033,0,0,1.073,76.5,"West"
"05113","Essen",449896,350287,346554,170899,96878,0,35153,28324,5258,2009,876,1743,969,129,337,350,0,865,143,57,44,91,0,116,0,0,2313,49.314,27.955,0,10.144,8.173,1.517,0.58,0.253,0.503,0.28,0.037,0.097,0.101,0,0.25,0.041,0.016,0.013,0.026,0,0.033,0,0,0.667,77.9,"West"
"05114","Krefeld",167333,128679,127028,52673,44066,0,12240,13234,1621,326,443,552,231,36,92,110,0,326,59,16,6,36,0,32,0,0,929,41.466,34.69,0,9.636,10.418,1.276,0.257,0.349,0.435,0.182,0.028,0.072,0.087,0,0.257,0.046,0.013,0.005,0.028,0,0.025,0,0,0.731,76.9,"West"
"05116","Mönchengladbach",195672,145540,143906,54674,58708,0,11134,14263,1649,419,313,583,298,50,111,143,0,353,29,18,20,48,0,63,0,0,1030,37.993,40.796,0,7.737,9.911,1.146,0.291,0.218,0.405,0.207,0.035,0.077,0.099,0,0.245,0.02,0.013,0.014,0.033,0,0.044,0,0,0.716,74.4,"West"
"05117","Mülheim an der Ruhr",131446,107842,106822,54277,29673,0,9361,9903,1389,258,220,351,285,24,116,91,0,197,38,19,7,19,0,19,0,0,575,50.811,27.778,0,8.763,9.271,1.3,0.242,0.206,0.329,0.267,0.022,0.109,0.085,0,0.184,0.036,0.018,0.007,0.018,0,0.018,0,0,0.538,82,"West"
"05119","Oberhausen",162896,125812,124429,71204,29755,0,9436,8485,1900,473,300,524,547,55,71,124,0,259,32,11,13,36,0,40,0,0,1164,57.225,23.913,0,7.583,6.819,1.527,0.38,0.241,0.421,0.44,0.044,0.057,0.1,0,0.208,0.026,0.009,0.01,0.029,0,0.032,0,0,0.935,77.2,"West"
"05120","Remscheid",84345,65105,64388,27539,22100,0,4888,7194,875,300,183,299,178,26,99,46,0,160,11,9,1,12,0,15,0,0,450,42.77,34.323,0,7.591,11.173,1.359,0.466,0.284,0.464,0.276,0.04,0.154,0.071,0,0.248,0.017,0.014,0.002,0.019,0,0.023,0,0,0.699,77.2,"West"
"05122","Solingen",115071,90601,89679,36479,31029,0,7950,10357,1278,402,262,389,232,70,265,87,0,222,32,14,6,29,0,17,0,0,559,40.677,34.6,0,8.865,11.549,1.425,0.448,0.292,0.434,0.259,0.078,0.295,0.097,0,0.248,0.036,0.016,0.007,0.032,0,0.019,0,0,0.623,78.7,"West"
"05124","Wuppertal",258070,201138,198792,84420,60654,0,22426,21277,3907,1271,715,894,620,70,508,195,0,461,64,36,24,64,0,61,0,0,1125,42.466,30.511,0,11.281,10.703,1.965,0.639,0.36,0.45,0.312,0.035,0.256,0.098,0,0.232,0.032,0.018,0.012,0.032,0,0.031,0,0,0.566,77.9,"West"
"05154","Kleve",219163,175835,173973,64591,77039,0,10970,16502,1339,273,285,586,299,130,127,119,0,373,63,16,25,59,0,49,0,0,1128,37.127,44.282,0,6.306,9.485,0.77,0.157,0.164,0.337,0.172,0.075,0.073,0.068,0,0.214,0.036,0.009,0.014,0.034,0,0.028,0,0,0.648,80.2,"West"
"05158","Mettmann",375588,308603,306121,123292,112341,0,25468,34034,3485,997,842,1068,1142,108,503,289,0,643,122,58,36,81,0,103,0,0,1509,40.276,36.698,0,8.32,11.118,1.138,0.326,0.275,0.349,0.373,0.035,0.164,0.094,0,0.21,0.04,0.019,0.012,0.026,0,0.034,0,0,0.493,82.2,"West"
"05162","Rhein-Kreis Neuss",326640,267675,265838,96348,110651,0,19739,29916,2391,813,568,905,468,95,146,267,0,649,81,43,31,55,0,421,0,0,2251,36.243,41.623,0,7.425,11.253,0.899,0.306,0.214,0.34,0.176,0.036,0.055,0.1,0,0.244,0.03,0.016,0.012,0.021,0,0.158,0,0,0.847,81.9,"West"
"05166","Viersen",222874,179695,177862,66272,72409,0,13864,19617,1605,397,366,764,284,36,187,177,0,474,60,31,21,38,0,64,0,0,1196,37.26,40.711,0,7.795,11.029,0.902,0.223,0.206,0.43,0.16,0.02,0.105,0.1,0,0.266,0.034,0.017,0.012,0.021,0,0.036,0,0,0.672,80.6,"West"
"05170","Wesel",355154,289342,286392,142097,86268,0,22988,24798,2942,843,609,1034,629,83,178,292,0,706,89,32,21,65,0,77,0,0,2641,49.616,30.122,0,8.027,8.659,1.027,0.294,0.213,0.361,0.22,0.029,0.062,0.102,0,0.247,0.031,0.011,0.007,0.023,0,0.027,0,0,0.922,81.5,"West"
"05314","Bonn",212477,176518,174638,56971,63860,0,27278,20198,2773,305,458,634,259,100,272,161,0,257,54,40,22,47,0,53,0,0,896,32.622,36.567,0,15.62,11.566,1.588,0.175,0.262,0.363,0.148,0.057,0.156,0.092,0,0.147,0.031,0.023,0.013,0.027,0,0.03,0,0,0.513,83.1,"West"
"05315","Köln",670457,515531,514091,214189,149066,0,84702,45992,9785,1984,1704,1402,1119,199,395,374,0,572,142,70,90,108,0,95,0,0,2103,41.664,28.996,0,16.476,8.946,1.903,0.386,0.331,0.273,0.218,0.039,0.077,0.073,0,0.111,0.028,0.014,0.018,0.021,0,0.018,0,0,0.409,76.9,"West"
"05316","Leverkusen",117587,93667,92737,41445,30792,0,8238,9071,1025,311,356,308,280,31,83,67,0,213,30,30,17,18,0,17,0,0,405,44.691,33.204,0,8.883,9.781,1.105,0.335,0.384,0.332,0.302,0.033,0.09,0.072,0,0.23,0.032,0.032,0.018,0.019,0,0.018,0,0,0.437,79.7,"West"
"05334","Städteregion Aachen",390362,314211,310773,127782,107797,0,34326,29652,3764,1378,493,1033,821,96,143,247,0,587,116,28,41,63,0,72,0,0,2334,41.117,34.687,0,11.045,9.541,1.211,0.443,0.159,0.332,0.264,0.031,0.046,0.079,0,0.189,0.037,0.009,0.013,0.02,0,0.023,0,0,0.751,80.5,"West"
"05358","Düren",196789,158285,156445,64104,62303,0,10499,14095,1404,437,517,679,322,49,157,156,0,329,77,13,19,44,0,38,0,0,1203,40.975,39.824,0,6.711,9.01,0.897,0.279,0.33,0.434,0.206,0.031,0.1,0.1,0,0.21,0.049,0.008,0.012,0.028,0,0.024,0,0,0.769,80.4,"West"
"05362","Rhein-Erft-Kreis",332422,271272,267969,115759,92578,0,22788,28311,2574,810,778,1135,579,78,107,258,0,548,83,30,28,65,0,59,0,0,1401,43.199,34.548,0,8.504,10.565,0.961,0.302,0.29,0.424,0.216,0.029,0.04,0.096,0,0.205,0.031,0.011,0.01,0.024,0,0.022,0,0,0.523,81.6,"West"
"05366","Euskirchen",144090,114767,113224,38321,50493,0,8106,12797,1025,394,200,452,215,42,104,119,0,307,63,29,15,40,0,40,0,0,462,33.845,44.596,0,7.159,11.302,0.905,0.348,0.177,0.399,0.19,0.037,0.092,0.105,0,0.271,0.056,0.026,0.013,0.035,0,0.035,0,0,0.408,79.6,"West"
"05370","Heinsberg",181929,145496,143389,51527,65188,0,8195,13656,1274,581,273,598,343,37,126,165,0,435,59,23,14,41,0,35,0,0,819,35.935,45.462,0,5.715,9.524,0.888,0.405,0.19,0.417,0.239,0.026,0.088,0.115,0,0.303,0.041,0.016,0.01,0.029,0,0.024,0,0,0.571,80,"West"
"05374","Oberbergischer Kreis",210055,170173,168358,64657,70286,0,11951,15696,1644,452,285,671,448,144,519,158,0,369,128,15,18,48,0,56,0,0,813,38.404,41.748,0,7.099,9.323,0.976,0.268,0.169,0.399,0.266,0.086,0.308,0.094,0,0.219,0.076,0.009,0.011,0.029,0,0.033,0,0,0.483,81,"West"
"05378","Rheinisch-Bergischer Kreis",210429,177441,175935,63857,66824,0,18709,20866,1895,440,331,636,326,137,354,155,0,333,69,73,12,37,0,30,0,0,851,36.296,37.982,0,10.634,11.86,1.077,0.25,0.188,0.361,0.185,0.078,0.201,0.088,0,0.189,0.039,0.041,0.007,0.021,0,0.017,0,0,0.484,84.3,"West"
"05382","Rhein-Sieg-Kreis",424822,352032,349110,122198,141975,0,33587,40917,3251,622,727,1287,1215,139,534,251,0,652,105,50,43,75,0,105,0,0,1377,35.003,40.668,0,9.621,11.72,0.931,0.178,0.208,0.369,0.348,0.04,0.153,0.072,0,0.187,0.03,0.014,0.012,0.021,0,0.03,0,0,0.394,82.9,"West"
"05512","Bottrop",91610,73558,72753,40444,19709,0,4520,4781,879,492,101,243,171,255,39,55,0,136,12,16,5,15,0,18,0,0,862,55.591,27.09,0,6.213,6.572,1.208,0.676,0.139,0.334,0.235,0.351,0.054,0.076,0,0.187,0.016,0.022,0.007,0.021,0,0.025,0,0,1.185,80.3,"West"
"05513","Gelsenkirchen",198882,149110,147152,83125,35256,0,10423,10148,2094,1807,346,760,392,35,142,173,0,380,64,20,15,33,0,44,0,0,1895,56.489,23.959,0,7.083,6.896,1.423,1.228,0.235,0.516,0.266,0.024,0.096,0.118,0,0.258,0.043,0.014,0.01,0.022,0,0.03,0,0,1.288,75,"West"
"05515","Münster",200908,169832,168562,61055,57750,0,26228,19002,2359,197,275,356,231,204,65,115,0,201,36,14,21,42,0,53,0,0,358,36.221,34.26,0,15.56,11.273,1.399,0.117,0.163,0.211,0.137,0.121,0.039,0.068,0,0.119,0.021,0.008,0.012,0.025,0,0.031,0,0,0.212,84.5,"West"
"05554","Borken",261126,214878,213121,72289,102029,0,12967,21039,1386,364,268,542,329,84,102,168,0,520,105,14,21,37,0,83,0,0,774,33.919,47.874,0,6.084,9.872,0.65,0.171,0.126,0.254,0.154,0.039,0.048,0.079,0,0.244,0.049,0.007,0.01,0.017,0,0.039,0,0,0.363,82.3,"West"
"05558","Coesfeld",162009,136839,135764,46448,60735,0,10645,14644,1001,278,172,373,223,121,40,117,0,285,48,14,8,32,0,53,0,0,527,34.212,44.736,0,7.841,10.786,0.737,0.205,0.127,0.275,0.164,0.089,0.029,0.086,0,0.21,0.035,0.01,0.006,0.024,0,0.039,0,0,0.388,84.5,"West"
"05562","Recklinghausen",491698,392777,388638,204511,111433,0,27465,29460,4477,1636,786,1484,1105,130,301,360,0,887,162,66,22,61,0,105,0,0,4187,52.622,28.673,0,7.067,7.58,1.152,0.421,0.202,0.382,0.284,0.033,0.077,0.093,0,0.228,0.042,0.017,0.006,0.016,0,0.027,0,0,1.077,79.9,"West"
"05566","Steinfurt",323380,268149,265476,110556,102717,0,19418,26661,2081,508,277,689,540,76,206,223,0,589,60,17,7,34,0,114,0,0,703,41.644,38.692,0,7.314,10.043,0.784,0.191,0.104,0.26,0.203,0.029,0.078,0.084,0,0.222,0.023,0.006,0.003,0.013,0,0.043,0,0,0.265,82.9,"West"
"05570","Warendorf",206718,172866,171023,65889,71269,0,11197,18098,1423,480,230,422,296,52,94,127,0,419,74,6,9,27,0,45,0,0,866,38.526,41.672,0,6.547,10.582,0.832,0.281,0.134,0.247,0.173,0.03,0.055,0.074,0,0.245,0.043,0.004,0.005,0.016,0,0.026,0,0,0.506,83.6,"West"
"05711","Bielefeld",235551,192682,190210,79127,60700,0,26691,14981,3471,536,345,708,504,67,617,155,0,374,119,22,13,40,0,35,0,0,1705,41.6,31.912,0,14.032,7.876,1.825,0.282,0.181,0.372,0.265,0.035,0.324,0.081,0,0.197,0.063,0.012,0.007,0.021,0,0.018,0,0,0.896,81.8,"West"
"05754","Gütersloh",252941,207209,205031,76366,85267,0,16893,19756,1790,521,252,560,504,289,390,167,0,462,96,41,15,26,0,40,0,0,1596,37.246,41.587,0,8.239,9.636,0.873,0.254,0.123,0.273,0.246,0.141,0.19,0.081,0,0.225,0.047,0.02,0.007,0.013,0,0.02,0,0,0.778,81.9,"West"
"05758","Herford",194733,158530,156414,70997,55071,0,11324,13342,1550,527,241,503,335,40,391,128,0,299,78,52,17,18,0,16,0,0,1485,45.39,35.208,0,7.24,8.53,0.991,0.337,0.154,0.322,0.214,0.026,0.25,0.082,0,0.191,0.05,0.033,0.011,0.012,0,0.01,0,0,0.949,81.4,"West"
"05762","Höxter",117460,97584,96456,30456,49990,0,4926,8147,640,311,109,225,213,151,131,53,0,413,48,3,3,6,0,20,0,0,611,31.575,51.827,0,5.107,8.446,0.664,0.322,0.113,0.233,0.221,0.157,0.136,0.055,0,0.428,0.05,0.003,0.003,0.006,0,0.021,0,0,0.633,83.1,"West"
"05766","Lippe",276121,228492,225552,101304,77034,0,17547,20206,2189,1238,286,775,450,110,1912,153,0,516,104,37,15,36,0,44,0,0,1596,44.914,34.154,0,7.78,8.958,0.971,0.549,0.127,0.344,0.2,0.049,0.848,0.068,0,0.229,0.046,0.016,0.007,0.016,0,0.02,0,0,0.708,82.8,"West"
"05770","Minden-Lübbecke",246772,198954,196212,87637,68854,0,13890,18076,1847,866,238,562,392,88,986,167,0,489,63,26,14,44,0,29,0,0,1944,44.664,35.092,0,7.079,9.212,0.941,0.441,0.121,0.286,0.2,0.045,0.503,0.085,0,0.249,0.032,0.013,0.007,0.022,0,0.015,0,0,0.991,80.6,"West"
"05774","Paderborn",213014,172727,170670,49709,89150,0,11227,14529,1404,452,172,418,203,81,196,150,0,622,101,6,11,31,0,48,0,0,2160,29.126,52.235,0,6.578,8.513,0.823,0.265,0.101,0.245,0.119,0.047,0.115,0.088,0,0.364,0.059,0.004,0.006,0.018,0,0.028,0,0,1.266,81.1,"West"
"05911","Bochum",289275,233251,230644,123158,57090,0,23827,16139,4086,909,600,1260,725,99,240,214,0,516,86,47,32,87,0,71,0,0,1458,53.397,24.752,0,10.331,6.997,1.772,0.394,0.26,0.546,0.314,0.043,0.104,0.093,0,0.224,0.037,0.02,0.014,0.038,0,0.031,0,0,0.632,80.6,"West"
"05913","Dortmund",427443,336666,335774,178300,83933,0,34696,24763,5806,1452,771,1081,1002,104,208,291,0,466,82,47,42,125,0,74,0,0,2531,53.101,24.997,0,10.333,7.375,1.729,0.432,0.23,0.322,0.298,0.031,0.062,0.087,0,0.139,0.024,0.014,0.013,0.037,0,0.022,0,0,0.754,78.8,"West"
"05914","Hagen",146415,111832,110595,54802,34291,0,7870,9057,1353,754,283,444,302,28,135,116,0,204,40,11,9,26,0,24,0,0,846,49.552,31.006,0,7.116,8.189,1.223,0.682,0.256,0.401,0.273,0.025,0.122,0.105,0,0.184,0.036,0.01,0.008,0.024,0,0.022,0,0,0.765,76.4,"West"
"05915","Hamm",129828,101330,100081,49863,32734,0,5997,8466,945,447,121,313,229,18,75,96,0,225,35,14,10,8,0,24,0,0,461,49.823,32.708,0,5.992,8.459,0.944,0.447,0.121,0.313,0.229,0.018,0.075,0.096,0,0.225,0.035,0.014,0.01,0.008,0,0.024,0,0,0.461,78,"West"
"05916","Herne",123025,94869,93682,54188,22171,0,6245,5769,1519,1120,210,442,299,16,210,108,0,218,27,15,6,26,0,14,0,0,1079,57.842,23.666,0,6.666,6.158,1.621,1.196,0.224,0.472,0.319,0.017,0.224,0.115,0,0.233,0.029,0.016,0.006,0.028,0,0.015,0,0,1.152,77.1,"West"
"05954","Ennepe-Ruhr-Kreis",266508,215167,210533,106283,59004,0,19089,18714,2521,613,439,1136,606,64,399,187,0,437,45,19,23,48,0,26,0,0,880,50.483,28.026,0,9.067,8.889,1.197,0.291,0.209,0.54,0.288,0.03,0.19,0.089,0,0.208,0.021,0.009,0.011,0.023,0,0.012,0,0,0.418,80.7,"West"
"05958","Hochsauerlandkreis",211185,173157,171780,59120,83372,0,8992,15511,1246,612,251,563,309,62,123,112,0,579,117,23,16,43,0,50,0,0,679,34.416,48.534,0,5.235,9.03,0.725,0.356,0.146,0.328,0.18,0.036,0.072,0.065,0,0.337,0.068,0.013,0.009,0.025,0,0.029,0,0,0.395,82,"West"
"05962","Märkischer Kreis",325182,255049,251991,108189,91966,0,15894,24537,2457,1374,446,904,1146,93,697,241,0,566,130,31,29,69,0,64,0,0,3158,42.934,36.496,0,6.307,9.737,0.975,0.545,0.177,0.359,0.455,0.037,0.277,0.096,0,0.225,0.052,0.012,0.012,0.027,0,0.025,0,0,1.253,78.4,"West"
"05966","Olpe",102888,84224,83381,26184,44194,0,4318,6699,506,281,87,218,146,32,56,63,0,184,41,6,7,11,0,31,0,0,317,31.403,53.002,0,5.179,8.034,0.607,0.337,0.104,0.261,0.175,0.038,0.067,0.076,0,0.221,0.049,0.007,0.008,0.013,0,0.037,0,0,0.38,81.9,"West"
"05970","Siegen-Wittgenstein",218988,177268,175405,73305,66870,0,12274,15569,1775,916,248,635,390,287,1214,107,0,320,112,15,24,26,0,25,0,0,1293,41.792,38.123,0,6.998,8.876,1.012,0.522,0.141,0.362,0.222,0.164,0.692,0.061,0,0.182,0.064,0.009,0.014,0.015,0,0.014,0,0,0.737,80.9,"West"
"05974","Soest",228436,184172,182059,70312,73152,0,13136,18903,1824,1581,340,595,301,63,140,182,0,468,180,22,15,37,0,63,0,0,745,38.62,40.18,0,7.215,10.383,1.002,0.868,0.187,0.327,0.165,0.035,0.077,0.1,0,0.257,0.099,0.012,0.008,0.02,0,0.035,0,0,0.409,80.6,"West"
"05978","Unna",315197,256054,253437,133332,72930,0,18448,19698,2714,1041,429,997,807,55,218,267,0,524,120,24,25,44,0,45,0,0,1719,52.61,28.776,0,7.279,7.772,1.071,0.411,0.169,0.393,0.318,0.022,0.086,0.105,0,0.207,0.047,0.009,0.01,0.017,0,0.018,0,0,0.678,81.2,"West"
"06411","Darmstadt",97323,77484,76097,28911,22748,0,15443,5800,1557,267,171,386,183,47,122,0,0,0,35,49,0,0,0,0,0,0,378,37.992,29.893,0,20.294,7.622,2.046,0.351,0.225,0.507,0.24,0.062,0.16,0,0,0,0.046,0.064,0,0,0,0,0,0,0.497,79.6,"West"
"06412","Frankfurt am Main",383726,295529,290574,99816,96219,0,53778,24463,7190,1817,675,2055,999,216,354,0,0,0,119,166,0,0,0,0,0,0,2707,34.351,33.113,0,18.508,8.419,2.474,0.625,0.232,0.707,0.344,0.074,0.122,0,0,0,0.041,0.057,0,0,0,0,0,0,0.932,77,"West"
"06413","Offenbach am Main",68061,50467,49447,18659,17962,0,6114,3708,1008,564,120,339,230,30,72,0,0,0,37,18,0,0,0,0,0,0,586,37.735,36.326,0,12.365,7.499,2.039,1.141,0.243,0.686,0.465,0.061,0.146,0,0,0,0.075,0.036,0,0,0,0,0,0,1.185,74.1,"West"
"06414","Wiesbaden",186838,143782,141365,52034,51054,0,19605,12233,2047,1375,266,653,256,102,248,0,0,0,85,171,0,0,0,0,0,0,1236,36.808,36.115,0,13.868,8.653,1.448,0.973,0.188,0.462,0.181,0.072,0.175,0,0,0,0.06,0.121,0,0,0,0,0,0,0.874,77,"West"
"06431","Bergstraße",196599,158915,155794,61830,61007,0,14374,12345,1434,1534,393,1172,368,96,371,0,0,0,119,58,0,0,0,0,0,0,693,39.687,39.159,0,9.226,7.924,0.92,0.985,0.252,0.752,0.236,0.062,0.238,0,0,0,0.076,0.037,0,0,0,0,0,0,0.445,80.8,"West"
"06432","Darmstadt-Dieburg",208098,171041,167715,69120,57859,0,20178,13800,2096,929,398,1163,626,117,443,0,0,0,159,49,0,0,0,0,0,0,778,41.213,34.498,0,12.031,8.228,1.25,0.554,0.237,0.693,0.373,0.07,0.264,0,0,0,0.095,0.029,0,0,0,0,0,0,0.464,82.2,"West"
"06433","Groß-Gerau",169053,136988,134082,58534,43275,0,15307,10446,1863,1846,307,843,394,106,235,0,0,0,86,71,0,0,0,0,0,0,769,43.655,32.275,0,11.416,7.791,1.389,1.377,0.229,0.629,0.294,0.079,0.175,0,0,0,0.064,0.053,0,0,0,0,0,0,0.574,81,"West"
"06434","Hochtaunuskreis",164196,137015,135302,41178,58107,0,16150,15143,1561,967,196,677,203,121,160,0,0,0,93,62,0,0,0,0,0,0,684,30.434,42.946,0,11.936,11.192,1.154,0.715,0.145,0.5,0.15,0.089,0.118,0,0,0,0.069,0.046,0,0,0,0,0,0,0.506,83.4,"West"
"06435","Main-Kinzig-Kreis",294876,236484,231483,91665,89246,0,20720,18850,2844,3055,428,1554,691,159,341,0,0,0,188,84,0,0,0,0,0,0,1658,39.599,38.554,0,8.951,8.143,1.229,1.32,0.185,0.671,0.299,0.069,0.147,0,0,0,0.081,0.036,0,0,0,0,0,0,0.716,80.2,"West"
"06436","Main-Taunus-Kreis",162039,136572,134547,43003,57291,0,15582,14007,1401,880,252,672,338,126,140,0,0,0,74,41,0,0,0,0,0,0,740,31.961,42.581,0,11.581,10.41,1.041,0.654,0.187,0.499,0.251,0.094,0.104,0,0,0,0.055,0.03,0,0,0,0,0,0,0.55,84.3,"West"
"06437","Odenwaldkreis",72928,58474,57091,25371,20423,0,4799,4100,710,678,85,326,148,36,92,0,0,0,60,21,0,0,0,0,0,0,242,44.44,35.773,0,8.406,7.182,1.244,1.188,0.149,0.571,0.259,0.063,0.161,0,0,0,0.105,0.037,0,0,0,0,0,0,0.424,80.2,"West"
"06438","Offenbach",235926,194171,190772,66070,79077,0,20948,17326,2200,1187,381,1005,520,173,176,0,0,0,199,80,0,0,0,0,0,0,1430,34.633,41.451,0,10.981,9.082,1.153,0.622,0.2,0.527,0.273,0.091,0.092,0,0,0,0.104,0.042,0,0,0,0,0,0,0.75,82.3,"West"
"06439","Rheingau-Taunus-Kreis",136273,112278,110531,40503,43510,0,12140,10362,1122,791,179,576,260,97,159,0,0,0,39,55,0,0,0,0,0,0,738,36.644,39.365,0,10.983,9.375,1.015,0.716,0.162,0.521,0.235,0.088,0.144,0,0,0,0.035,0.05,0,0,0,0,0,0,0.668,82.4,"West"
"06440","Wetteraukreis",217333,174377,170409,66357,64350,0,17309,15243,1788,774,311,911,1705,104,376,0,0,0,95,53,0,0,0,0,0,0,1033,38.94,37.762,0,10.157,8.945,1.049,0.454,0.183,0.535,1.001,0.061,0.221,0,0,0,0.056,0.031,0,0,0,0,0,0,0.606,80.2,"West"
"06531","Gießen",187203,149769,146743,59618,52251,0,15284,13327,2275,1006,222,686,621,106,468,0,0,0,102,58,0,0,0,0,0,0,719,40.627,35.607,0,10.415,9.082,1.55,0.686,0.151,0.467,0.423,0.072,0.319,0,0,0,0.07,0.04,0,0,0,0,0,0,0.49,80,"West"
"06532","Lahn-Dill-Kreis",193937,148829,145890,60567,57073,0,10346,10950,1437,1182,165,675,1189,110,1136,0,0,0,168,20,0,0,0,0,0,0,872,41.516,39.121,0,7.092,7.506,0.985,0.81,0.113,0.463,0.815,0.075,0.779,0,0,0,0.115,0.014,0,0,0,0,0,0,0.598,76.7,"West"
"06533","Limburg-Weilburg",130838,103565,101493,37468,46491,0,6914,7232,849,695,172,519,332,49,121,0,0,0,59,36,0,0,0,0,0,0,556,36.917,45.807,0,6.812,7.126,0.837,0.685,0.169,0.511,0.327,0.048,0.119,0,0,0,0.058,0.035,0,0,0,0,0,0,0.548,79.2,"West"
"06534","Marburg-Biedenkopf",181936,144891,142700,60301,50292,0,14955,10068,2660,1669,160,685,308,113,587,0,0,0,162,120,0,0,0,0,0,0,620,42.257,35.243,0,10.48,7.055,1.864,1.17,0.112,0.48,0.216,0.079,0.411,0,0,0,0.114,0.084,0,0,0,0,0,0,0.434,79.6,"West"
"06535","Vogelsbergkreis",91849,72839,71173,29895,26888,0,4810,6693,760,774,87,333,298,48,139,0,0,0,54,23,0,0,0,0,0,0,371,42.003,37.778,0,6.758,9.404,1.068,1.087,0.122,0.468,0.419,0.067,0.195,0,0,0,0.076,0.032,0,0,0,0,0,0,0.521,79.3,"West"
"06611","Kassel",138007,105527,103889,46143,30875,0,14987,6782,2324,312,354,500,371,72,156,0,0,0,71,37,0,0,0,0,0,0,905,44.416,29.719,0,14.426,6.528,2.237,0.3,0.341,0.481,0.357,0.069,0.15,0,0,0,0.068,0.036,0,0,0,0,0,0,0.871,76.5,"West"
"06631","Fulda",163908,134188,131216,37358,70377,0,8630,9492,1127,988,204,577,832,138,211,0,0,0,166,49,0,0,0,0,0,0,1067,28.471,53.634,0,6.577,7.234,0.859,0.753,0.155,0.44,0.634,0.105,0.161,0,0,0,0.127,0.037,0,0,0,0,0,0,0.813,81.9,"West"
"06632","Hersfeld-Rotenburg",101578,81912,80277,39582,27353,0,4812,5334,883,484,136,435,397,24,164,0,0,0,56,24,0,0,0,0,0,0,593,49.307,34.073,0,5.994,6.644,1.1,0.603,0.169,0.542,0.495,0.03,0.204,0,0,0,0.07,0.03,0,0,0,0,0,0,0.739,80.6,"West"
"06633","Kassel",192323,159756,156646,82986,45465,0,12384,10560,1600,616,322,682,417,65,193,0,0,0,80,49,0,0,0,0,0,0,1227,52.977,29.024,0,7.906,6.741,1.021,0.393,0.206,0.435,0.266,0.041,0.123,0,0,0,0.051,0.031,0,0,0,0,0,0,0.783,83.1,"West"
"06634","Schwalm-Eder-Kreis",150496,122154,119585,60991,37306,0,8423,8652,1272,774,163,514,479,66,182,0,0,0,76,29,0,0,0,0,0,0,658,51.002,31.196,0,7.044,7.235,1.064,0.647,0.136,0.43,0.401,0.055,0.152,0,0,0,0.064,0.024,0,0,0,0,0,0,0.55,81.2,"West"
"06635","Waldeck-Frankenberg",129871,101354,99339,42362,37601,0,6903,8795,1033,806,157,431,305,75,273,0,0,0,68,17,0,0,0,0,0,0,513,42.644,37.851,0,6.949,8.854,1.04,0.811,0.158,0.434,0.307,0.075,0.275,0,0,0,0.068,0.017,0,0,0,0,0,0,0.516,78,"West"
"06636","Werra-Meißner-Kreis",89639,71966,70163,35174,21954,0,5137,5216,850,463,127,351,143,28,64,0,0,0,34,14,0,0,0,0,0,0,608,50.132,31.29,0,7.322,7.434,1.211,0.66,0.181,0.5,0.204,0.04,0.091,0,0,0,0.048,0.02,0,0,0,0,0,0,0.867,80.3,"West"
"07111","Koblenz",82159,63643,62836,24070,25404,0,5823,5508,737,205,0,365,172,132,105,0,0,0,0,0,0,0,0,0,0,0,315,38.306,40.429,0,9.267,8.766,1.173,0.326,0,0.581,0.274,0.21,0.167,0,0,0,0,0,0,0,0,0,0,0,0.501,77.5,"West"
"07131","Ahrweiler",98391,80093,78975,23294,38374,0,6246,8674,662,332,0,512,206,187,104,0,0,0,0,0,0,0,0,0,0,0,384,29.495,48.59,0,7.909,10.983,0.838,0.42,0,0.648,0.261,0.237,0.132,0,0,0,0,0,0,0,0,0,0,0,0.486,81.4,"West"
"07132","Altenkirchen",103109,82348,81194,31195,34510,0,5315,7276,687,404,0,524,198,69,613,0,0,0,0,0,0,0,0,0,0,0,403,38.42,42.503,0,6.546,8.961,0.846,0.498,0,0.645,0.244,0.085,0.755,0,0,0,0,0,0,0,0,0,0,0,0.496,79.9,"West"
"07133","Bad Kreuznach",120556,95843,94245,39503,34513,0,7413,9312,942,622,0,736,401,136,224,0,0,0,0,0,0,0,0,0,0,0,443,41.915,36.621,0,7.866,9.881,1,0.66,0,0.781,0.425,0.144,0.238,0,0,0,0,0,0,0,0,0,0,0,0.47,79.5,"West"
"07134","Birkenfeld",70841,53165,51517,22170,18585,0,3015,5488,577,703,0,403,205,52,82,0,0,0,0,0,0,0,0,0,0,0,237,43.034,36.075,0,5.852,10.653,1.12,1.365,0,0.782,0.398,0.101,0.159,0,0,0,0,0,0,0,0,0,0,0,0.46,75,"West"
"07135","Cochem-Zell",51168,42007,41297,11806,22345,0,1904,4112,250,165,0,281,137,26,109,0,0,0,0,0,0,0,0,0,0,0,162,28.588,54.108,0,4.611,9.957,0.605,0.4,0,0.68,0.332,0.063,0.264,0,0,0,0,0,0,0,0,0,0,0,0.392,82.1,"West"
"07137","Mayen-Koblenz",163513,129492,127594,48192,55564,0,8804,11412,934,511,0,796,317,157,312,0,0,0,0,0,0,0,0,0,0,0,595,37.77,43.548,0,6.9,8.944,0.732,0.4,0,0.624,0.248,0.123,0.245,0,0,0,0,0,0,0,0,0,0,0,0.466,79.2,"West"
"07138","Neuwied",137907,110324,108834,42040,44855,0,8003,9946,1120,466,0,811,294,117,622,0,0,0,0,0,0,0,0,0,0,0,560,38.628,41.214,0,7.353,9.139,1.029,0.428,0,0.745,0.27,0.108,0.572,0,0,0,0,0,0,0,0,0,0,0,0.515,80,"West"
"07140","Rhein-Hunsrück-Kreis",82260,66637,65642,23510,28517,0,4425,6960,614,322,0,478,185,104,220,0,0,0,0,0,0,0,0,0,0,0,307,35.815,43.443,0,6.741,10.603,0.935,0.491,0,0.728,0.282,0.158,0.335,0,0,0,0,0,0,0,0,0,0,0,0.468,81,"West"
"07141","Rhein-Lahn-Kreis",99720,80141,79038,34268,28633,0,5938,7256,798,549,0,522,264,83,260,0,0,0,0,0,0,0,0,0,0,0,467,43.356,36.227,0,7.513,9.18,1.01,0.695,0,0.66,0.334,0.105,0.329,0,0,0,0,0,0,0,0,0,0,0,0.591,80.4,"West"
"07143","Westerwaldkreis",152235,122815,121069,43986,54086,0,7540,11015,1078,676,0,862,452,106,634,0,0,0,0,0,0,0,0,0,0,0,634,36.331,44.674,0,6.228,9.098,0.89,0.558,0,0.712,0.373,0.088,0.524,0,0,0,0,0,0,0,0,0,0,0,0.524,80.7,"West"
"07211","Trier",75732,56626,56033,22338,20008,0,7294,4456,731,192,0,359,308,73,128,0,0,0,0,0,0,0,0,0,0,0,146,39.866,35.708,0,13.017,7.952,1.305,0.343,0,0.641,0.55,0.13,0.228,0,0,0,0,0,0,0,0,0,0,0,0.261,74.8,"West"
"07231","Bernkastel-Wittlich",88997,70522,69396,23164,31255,0,4909,7723,579,388,0,574,278,75,122,0,0,0,0,0,0,0,0,0,0,0,329,33.379,45.039,0,7.074,11.129,0.834,0.559,0,0.827,0.401,0.108,0.176,0,0,0,0,0,0,0,0,0,0,0,0.474,79.2,"West"
"07232","Eifelkreis Bitburg-Prüm",74453,58996,58021,19689,27062,0,3762,5855,348,243,0,424,216,92,116,0,0,0,0,0,0,0,0,0,0,0,214,33.934,46.642,0,6.484,10.091,0.6,0.419,0,0.731,0.372,0.159,0.2,0,0,0,0,0,0,0,0,0,0,0,0.369,79.2,"West"
"07233","Vulkaneifel",49992,40363,39787,12013,20737,0,2369,3482,301,190,0,277,95,43,103,0,0,0,0,0,0,0,0,0,0,0,177,30.193,52.12,0,5.954,8.752,0.757,0.478,0,0.696,0.239,0.108,0.259,0,0,0,0,0,0,0,0,0,0,0,0.445,80.7,"West"
"07235","Trier-Saarburg",108700,89286,87744,35065,35524,0,6769,7618,720,362,0,663,443,105,156,0,0,0,0,0,0,0,0,0,0,0,319,39.963,40.486,0,7.714,8.682,0.821,0.413,0,0.756,0.505,0.12,0.178,0,0,0,0,0,0,0,0,0,0,0,0.364,82.1,"West"
"07311","Frankenthal",34366,27133,26672,10161,11253,0,1964,2002,263,421,0,177,167,18,81,0,0,0,0,0,0,0,0,0,0,0,165,38.096,42.19,0,7.364,7.506,0.986,1.578,0,0.664,0.626,0.067,0.304,0,0,0,0,0,0,0,0,0,0,0,0.619,79,"West"
"07312","Kaiserslautern",72941,53308,52350,21161,18622,0,5123,4599,663,567,0,579,356,72,163,0,0,0,0,0,0,0,0,0,0,0,445,40.422,35.572,0,9.786,8.785,1.266,1.083,0,1.106,0.68,0.138,0.311,0,0,0,0,0,0,0,0,0,0,0,0.85,73.1,"West"
"07313","Landau in der Pfalz",31234,24544,24207,8982,8899,0,2882,2281,320,163,0,228,135,59,140,0,0,0,0,0,0,0,0,0,0,0,118,37.105,36.762,0,11.906,9.423,1.322,0.673,0,0.942,0.558,0.244,0.578,0,0,0,0,0,0,0,0,0,0,0,0.487,78.6,"West"
"07314","Ludwigshafen am Rhein",103608,79244,78007,33802,27721,0,5974,5626,1091,1593,0,734,513,91,162,0,0,0,0,0,0,0,0,0,0,0,700,43.332,35.537,0,7.658,7.212,1.399,2.042,0,0.941,0.658,0.117,0.208,0,0,0,0,0,0,0,0,0,0,0,0.897,76.5,"West"
"07315","Mainz",128322,104185,103132,37514,35986,0,14995,9837,1629,1357,0,556,151,497,126,0,0,0,0,0,0,0,0,0,0,0,484,36.375,34.893,0,14.54,9.538,1.58,1.316,0,0.539,0.146,0.482,0.122,0,0,0,0,0,0,0,0,0,0,0,0.469,81.2,"West"
"07316","Neustadt an der Weinstraße",41380,33661,33157,11007,14325,0,3452,2919,357,372,0,257,103,63,140,0,0,0,0,0,0,0,0,0,0,0,162,33.197,43.204,0,10.411,8.804,1.077,1.122,0,0.775,0.311,0.19,0.422,0,0,0,0,0,0,0,0,0,0,0,0.489,81.3,"West"
"07317","Pirmasens",35363,25697,24827,9669,10061,0,1283,1926,300,995,0,233,88,49,85,0,0,0,0,0,0,0,0,0,0,0,138,38.946,40.524,0,5.168,7.758,1.208,4.008,0,0.938,0.354,0.197,0.342,0,0,0,0,0,0,0,0,0,0,0,0.556,72.7,"West"
"07318","Speyer",36046,28375,27961,10347,10745,0,2993,2228,401,614,0,235,69,97,66,0,0,0,0,0,0,0,0,0,0,0,166,37.005,38.429,0,10.704,7.968,1.434,2.196,0,0.84,0.247,0.347,0.236,0,0,0,0,0,0,0,0,0,0,0,0.594,78.7,"West"
"07319","Worms",58584,44010,43185,17817,15988,0,3340,3737,557,612,0,423,205,44,139,0,0,0,0,0,0,0,0,0,0,0,323,41.257,37.022,0,7.734,8.653,1.29,1.417,0,0.98,0.475,0.102,0.322,0,0,0,0,0,0,0,0,0,0,0,0.748,75.1,"West"
"07320","Zweibrücken",28137,21225,20814,8904,7150,0,1448,1930,303,273,0,236,167,109,113,0,0,0,0,0,0,0,0,0,0,0,181,42.779,34.352,0,6.957,9.273,1.456,1.312,0,1.134,0.802,0.524,0.543,0,0,0,0,0,0,0,0,0,0,0,0.87,75.4,"West"
"07331","Alzey-Worms",94058,77188,75955,31993,26976,0,5786,7673,717,783,0,698,457,81,256,0,0,0,0,0,0,0,0,0,0,0,535,42.121,35.516,0,7.618,10.102,0.944,1.031,0,0.919,0.602,0.107,0.337,0,0,0,0,0,0,0,0,0,0,0,0.704,82.1,"West"
"07332","Bad Dürkheim",104090,85821,84494,32289,32083,0,7299,8644,820,1103,0,817,433,113,311,0,0,0,0,0,0,0,0,0,0,0,582,38.215,37.971,0,8.638,10.23,0.97,1.305,0,0.967,0.512,0.134,0.368,0,0,0,0,0,0,0,0,0,0,0,0.689,82.4,"West"
"07333","Donnersbergkreis",59435,46702,45853,20232,15479,0,3253,4269,519,645,0,499,448,52,138,0,0,0,0,0,0,0,0,0,0,0,319,44.124,33.758,0,7.094,9.31,1.132,1.407,0,1.088,0.977,0.113,0.301,0,0,0,0,0,0,0,0,0,0,0,0.696,78.6,"West"
"07334","Germersheim",89717,73135,71995,26320,30144,0,4948,6445,561,1373,0,616,483,248,288,0,0,0,0,0,0,0,0,0,0,0,569,36.558,41.87,0,6.873,8.952,0.779,1.907,0,0.856,0.671,0.344,0.4,0,0,0,0,0,0,0,0,0,0,0,0.79,81.5,"West"
"07335","Kaiserslautern",83229,67155,65856,26533,25995,0,4295,5438,597,849,0,652,491,104,361,0,0,0,0,0,0,0,0,0,0,0,541,40.289,39.472,0,6.522,8.257,0.907,1.289,0,0.99,0.746,0.158,0.548,0,0,0,0,0,0,0,0,0,0,0,0.821,80.7,"West"
"07336","Kusel",61943,48586,47462,24107,13925,0,2883,3582,560,984,0,503,337,55,160,0,0,0,0,0,0,0,0,0,0,0,366,50.792,29.339,0,6.074,7.547,1.18,2.073,0,1.06,0.71,0.116,0.337,0,0,0,0,0,0,0,0,0,0,0,0.771,78.4,"West"
"07337","Südliche Weinstraße",84752,70624,69278,24661,28651,0,5704,6773,680,601,0,759,518,120,361,0,0,0,0,0,0,0,0,0,0,0,450,35.597,41.357,0,8.233,9.777,0.982,0.868,0,1.096,0.748,0.173,0.521,0,0,0,0,0,0,0,0,0,0,0,0.65,83.3,"West"
"07338","Rhein-Pfalz-Kreis",112884,95757,94490,35684,38017,0,7563,8742,775,1439,0,885,331,122,237,0,0,0,0,0,0,0,0,0,0,0,695,37.765,40.234,0,8.004,9.252,0.82,1.523,0,0.937,0.35,0.129,0.251,0,0,0,0,0,0,0,0,0,0,0,0.736,84.8,"West"
"07339","Mainz-Bingen",148612,124633,123220,47885,45487,0,12196,12933,1300,1050,0,927,322,287,216,0,0,0,0,0,0,0,0,0,0,0,617,38.861,36.915,0,9.898,10.496,1.055,0.852,0,0.752,0.261,0.233,0.175,0,0,0,0,0,0,0,0,0,0,0,0.501,83.9,"West"
"07340","Südwestpfalz",82642,68176,66649,23365,29532,0,3735,6084,608,1326,0,723,376,125,268,0,0,0,0,0,0,0,0,0,0,0,507,35.057,44.31,0,5.604,9.128,0.912,1.99,0,1.085,0.564,0.188,0.402,0,0,0,0,0,0,0,0,0,0,0,0.761,82.5,"West"
"08111","Stuttgart",357253,289509,286544,102231,100542,0,46344,24489,4093,2762,843,1453,492,371,680,389,0,0,114,173,0,0,0,0,0,231,1337,35.677,35.088,0,16.173,8.546,1.428,0.964,0.294,0.507,0.172,0.129,0.237,0.136,0,0,0.04,0.06,0,0,0,0,0,0.081,0.467,81,"West"
"08115","Böblingen",246593,205778,203735,67435,85673,0,23287,18133,1668,2085,418,1003,486,243,1751,319,0,0,100,42,0,0,0,0,0,139,953,33.099,42.051,0,11.43,8.9,0.819,1.023,0.205,0.492,0.239,0.119,0.859,0.157,0,0,0.049,0.021,0,0,0,0,0,0.068,0.468,83.4,"West"
"08116","Esslingen",348818,292147,289343,98927,120507,0,33745,23135,2250,4385,504,1480,534,412,1399,448,0,0,184,48,0,0,0,0,0,228,1157,34.19,41.648,0,11.663,7.996,0.778,1.516,0.174,0.512,0.185,0.142,0.484,0.155,0,0,0.064,0.017,0,0,0,0,0,0.079,0.4,83.8,"West"
"08117","Göppingen",179165,145541,143814,51212,60611,0,14678,10822,1068,2363,142,750,345,181,669,251,0,0,94,27,0,0,0,0,0,133,468,35.61,42.145,0,10.206,7.525,0.743,1.643,0.099,0.522,0.24,0.126,0.465,0.175,0,0,0.065,0.019,0,0,0,0,0,0.092,0.325,81.2,"West"
"08118","Ludwigsburg",342077,286672,283597,99861,112909,0,34411,23200,2641,3972,853,1306,562,339,1520,435,0,0,159,70,0,0,0,0,0,284,1075,35.212,39.813,0,12.134,8.181,0.931,1.401,0.301,0.461,0.198,0.12,0.536,0.153,0,0,0.056,0.025,0,0,0,0,0,0.1,0.379,83.8,"West"
"08119","Rems-Murr-Kreis",286027,235041,232662,77616,96998,0,27372,19724,1915,2899,384,980,537,410,1751,363,0,0,127,56,0,0,0,0,0,219,1311,33.36,41.691,0,11.765,8.478,0.823,1.246,0.165,0.421,0.231,0.176,0.753,0.156,0,0,0.055,0.024,0,0,0,0,0,0.094,0.563,82.2,"West"
"08121","Heilbronn",77645,60173,59244,22256,24425,0,5077,4612,582,1075,104,216,137,128,162,101,0,0,25,12,0,0,0,0,0,58,274,37.567,41.228,0,8.57,7.785,0.982,1.815,0.176,0.365,0.231,0.216,0.273,0.17,0,0,0.042,0.02,0,0,0,0,0,0.098,0.462,77.5,"West"
"08125","Heilbronn",226921,186539,184228,63158,80661,0,15700,15480,1417,3063,325,789,638,436,1009,379,0,0,128,30,0,0,0,0,0,212,803,34.283,43.783,0,8.522,8.403,0.769,1.663,0.176,0.428,0.346,0.237,0.548,0.206,0,0,0.069,0.016,0,0,0,0,0,0.115,0.436,82.2,"West"
"08126","Hohenlohekreis",79196,63598,62732,19222,28837,0,5349,6229,548,745,84,246,353,114,499,119,0,0,44,9,0,0,0,0,0,86,248,30.641,45.969,0,8.527,9.93,0.874,1.188,0.134,0.392,0.563,0.182,0.795,0.19,0,0,0.07,0.014,0,0,0,0,0,0.137,0.395,80.3,"West"
"08127","Schwäbisch Hall",138993,107045,105404,34335,44169,0,11817,9453,950,1491,120,456,459,293,1148,187,0,0,73,15,0,0,0,0,0,96,342,32.575,41.904,0,11.211,8.968,0.901,1.415,0.114,0.433,0.435,0.278,1.089,0.177,0,0,0.069,0.014,0,0,0,0,0,0.091,0.324,77,"West"
"08128","Main-Tauber-Kreis",104010,84908,83650,23470,44014,0,6781,5640,548,1066,72,344,259,421,378,161,0,0,64,19,0,0,0,0,0,96,317,28.057,52.617,0,8.106,6.742,0.655,1.274,0.086,0.411,0.31,0.503,0.452,0.192,0,0,0.077,0.023,0,0,0,0,0,0.115,0.379,81.6,"West"
"08135","Heidenheim",96978,78431,77212,29707,32741,0,6361,4711,627,1054,77,206,165,317,368,126,0,0,48,11,0,0,0,0,0,76,617,38.475,42.404,0,8.238,6.101,0.812,1.365,0.1,0.267,0.214,0.411,0.477,0.163,0,0,0.062,0.014,0,0,0,0,0,0.098,0.799,80.9,"West"
"08136","Ostalbkreis",228049,184528,181844,60702,86826,0,15627,11145,1134,2165,234,566,477,333,1031,295,0,0,127,23,0,0,0,0,0,166,993,33.381,47.748,0,8.594,6.129,0.624,1.191,0.129,0.311,0.262,0.183,0.567,0.162,0,0,0.07,0.013,0,0,0,0,0,0.091,0.546,80.9,"West"
"08211","Baden-Baden",39771,31629,31205,9871,13779,0,3506,2873,337,192,50,157,96,35,81,29,0,0,13,4,0,0,0,0,0,47,135,31.633,44.156,0,11.235,9.207,1.08,0.615,0.16,0.503,0.308,0.112,0.26,0.093,0,0,0.042,0.013,0,0,0,0,0,0.151,0.433,79.5,"West"
"08212","Karlsruhe",196039,155007,152400,56668,53969,0,21976,12823,2373,764,257,607,698,229,512,176,0,0,74,55,0,0,0,0,0,139,1080,37.184,35.413,0,14.42,8.414,1.557,0.501,0.169,0.398,0.458,0.15,0.336,0.115,0,0,0.049,0.036,0,0,0,0,0,0.091,0.709,79.1,"West"
"08215","Karlsruhe",310145,255153,251895,86626,113402,0,21187,19627,1924,2064,347,1362,844,227,1316,452,0,0,237,55,0,0,0,0,0,259,1966,34.39,45.02,0,8.411,7.792,0.764,0.819,0.138,0.541,0.335,0.09,0.522,0.179,0,0,0.094,0.022,0,0,0,0,0,0.103,0.78,82.3,"West"
"08216","Rastatt",164437,130931,128742,44137,60280,0,10266,9008,929,1387,159,715,381,136,295,205,0,0,79,25,0,0,0,0,0,148,592,34.283,46.822,0,7.974,6.997,0.722,1.077,0.124,0.555,0.296,0.106,0.229,0.159,0,0,0.061,0.019,0,0,0,0,0,0.115,0.46,79.6,"West"
"08221","Heidelberg",93086,76177,75480,24804,24322,0,17292,6271,1375,250,131,213,151,136,121,74,0,0,33,17,0,0,0,0,0,36,254,32.862,32.223,0,22.909,8.308,1.822,0.331,0.174,0.282,0.2,0.18,0.16,0.098,0,0,0.044,0.023,0,0,0,0,0,0.048,0.337,81.8,"West"
"08222","Mannheim",198538,150891,148916,61488,51258,0,17796,10594,2421,1364,380,819,520,97,359,287,0,0,55,39,0,0,0,0,0,172,1267,41.29,34.421,0,11.95,7.114,1.626,0.916,0.255,0.55,0.349,0.065,0.241,0.193,0,0,0.037,0.026,0,0,0,0,0,0.116,0.851,76,"West"
"08225","Neckar-Odenwald-Kreis",109646,87964,86478,27447,43811,0,5892,5543,624,1071,91,398,255,277,328,180,0,0,74,16,0,0,0,0,0,98,373,31.739,50.661,0,6.813,6.41,0.722,1.238,0.105,0.46,0.295,0.32,0.379,0.208,0,0,0.086,0.019,0,0,0,0,0,0.113,0.431,80.2,"West"
"08226","Rhein-Neckar-Kreis",384739,321410,317544,113759,130336,0,35157,25398,2965,2386,694,1491,1112,366,836,567,0,0,186,50,0,0,0,0,0,297,1944,35.825,41.045,0,11.072,7.998,0.934,0.751,0.219,0.47,0.35,0.115,0.263,0.179,0,0,0.059,0.016,0,0,0,0,0,0.094,0.612,83.5,"West"
"08231","Pforzheim",78919,59792,58680,19215,27423,0,4768,4655,589,569,117,292,216,45,280,115,0,0,21,16,0,0,0,0,0,56,303,32.745,46.733,0,8.125,7.933,1.004,0.97,0.199,0.498,0.368,0.077,0.477,0.196,0,0,0.036,0.027,0,0,0,0,0,0.095,0.516,75.8,"West"
"08235","Calw",108966,87785,86651,25535,40946,0,8183,7000,681,1025,152,477,280,133,1407,182,0,0,74,22,0,0,0,0,0,111,443,29.469,47.254,0,9.444,8.078,0.786,1.183,0.175,0.55,0.323,0.153,1.624,0.21,0,0,0.085,0.025,0,0,0,0,0,0.128,0.511,80.6,"West"
"08236","Enzkreis",137451,113954,112580,39869,47156,0,10604,9293,845,1329,166,604,309,128,1174,225,0,0,83,14,0,0,0,0,0,132,649,35.414,41.887,0,9.419,8.255,0.751,1.18,0.147,0.537,0.274,0.114,1.043,0.2,0,0,0.074,0.012,0,0,0,0,0,0.117,0.576,82.9,"West"
"08237","Freudenstadt",86632,68778,67779,19747,33748,0,5589,5180,564,763,80,335,193,100,926,106,0,0,59,17,0,0,0,0,0,93,279,29.134,49.791,0,8.246,7.642,0.832,1.126,0.118,0.494,0.285,0.148,1.366,0.156,0,0,0.087,0.025,0,0,0,0,0,0.137,0.412,79.4,"West"
"08311","Freiburg im Breisgau",139874,113176,112093,37487,30513,0,32143,7170,2326,464,182,477,246,185,220,123,0,0,75,12,0,0,0,0,0,86,384,33.443,27.221,0,28.675,6.396,2.075,0.414,0.162,0.426,0.219,0.165,0.196,0.11,0,0,0.067,0.011,0,0,0,0,0,0.077,0.343,80.9,"West"
"08315","Breisgau-Hochschwarzwald",178951,147833,146045,48554,57828,0,22649,11583,1303,868,237,745,299,229,597,249,0,0,157,28,0,0,0,0,0,169,550,33.246,39.596,0,15.508,7.931,0.892,0.594,0.162,0.51,0.205,0.157,0.409,0.17,0,0,0.108,0.019,0,0,0,0,0,0.116,0.377,82.6,"West"
"08316","Emmendingen",114634,93361,91997,34770,34756,0,12346,6504,849,593,102,521,253,119,278,139,0,0,137,13,0,0,0,0,0,159,458,37.795,37.779,0,13.42,7.07,0.923,0.645,0.111,0.566,0.275,0.129,0.302,0.151,0,0,0.149,0.014,0,0,0,0,0,0.173,0.498,81.4,"West"
"08317","Ortenaukreis",303619,239421,234797,77559,107308,0,22335,16352,1829,2347,314,1013,532,234,801,450,0,0,299,49,0,0,0,0,0,1613,1762,33.032,45.702,0,9.512,6.964,0.779,1,0.134,0.431,0.227,0.1,0.341,0.192,0,0,0.127,0.021,0,0,0,0,0,0.687,0.75,78.9,"West"
"08325","Rottweil",102879,82312,81145,24033,40613,0,6239,6044,648,916,129,397,252,478,550,135,0,0,117,26,0,0,0,0,0,158,410,29.617,50.05,0,7.689,7.448,0.799,1.129,0.159,0.489,0.311,0.589,0.678,0.166,0,0,0.144,0.032,0,0,0,0,0,0.195,0.505,80,"West"
"08326","Schwarzwald-Baar-Kreis",149776,119401,117570,37529,54667,0,10244,9716,968,1159,216,835,389,159,799,197,0,0,117,28,0,0,0,0,0,134,413,31.921,46.497,0,8.713,8.264,0.823,0.986,0.184,0.71,0.331,0.135,0.68,0.168,0,0,0.1,0.024,0,0,0,0,0,0.114,0.351,79.7,"West"
"08327","Tuttlingen",93887,75342,74302,21479,38108,0,5264,6145,504,958,110,378,224,121,356,165,0,0,65,26,0,0,0,0,0,121,278,28.908,51.288,0,7.085,8.27,0.678,1.289,0.148,0.509,0.301,0.163,0.479,0.222,0,0,0.087,0.035,0,0,0,0,0,0.163,0.374,80.2,"West"
"08335","Konstanz",189541,151117,149261,50433,59591,0,19036,14253,1643,1070,250,683,324,226,589,265,0,0,117,40,0,0,0,0,0,156,585,33.788,39.924,0,12.753,9.549,1.101,0.717,0.167,0.458,0.217,0.151,0.395,0.178,0,0,0.078,0.027,0,0,0,0,0,0.105,0.392,79.7,"West"
"08336","Lörrach",156531,122318,120667,48576,41903,0,15837,8685,1508,1226,189,579,283,111,1010,166,0,0,87,22,0,0,0,0,0,112,373,40.256,34.726,0,13.125,7.197,1.25,1.016,0.157,0.48,0.235,0.092,0.837,0.138,0,0,0.072,0.018,0,0,0,0,0,0.093,0.309,78.1,"West"
"08337","Waldshut",116742,91295,90115,30957,39513,0,8980,6766,784,995,132,393,214,225,522,162,0,0,68,17,0,0,0,0,0,86,301,34.353,43.847,0,9.965,7.508,0.87,1.104,0.146,0.436,0.237,0.25,0.579,0.18,0,0,0.075,0.019,0,0,0,0,0,0.095,0.334,78.2,"West"
"08415","Reutlingen",192797,157712,155870,51464,68347,0,16892,13071,1343,1805,207,520,341,179,597,262,0,0,137,36,0,0,0,0,0,129,540,33.017,43.849,0,10.837,8.386,0.862,1.158,0.133,0.334,0.219,0.115,0.383,0.168,0,0,0.088,0.023,0,0,0,0,0,0.083,0.346,81.8,"West"
"08416","Tübingen",141903,119046,118005,38896,43718,0,21577,8292,1877,1536,129,351,199,247,503,177,0,0,100,20,0,0,0,0,0,92,291,32.961,37.048,0,18.285,7.027,1.591,1.302,0.109,0.297,0.169,0.209,0.426,0.15,0,0,0.085,0.017,0,0,0,0,0,0.078,0.247,83.9,"West"
"08417","Zollernalbkreis",139384,110648,109127,33856,53809,0,7702,8377,726,1971,267,465,344,126,789,159,0,0,101,15,0,0,0,0,0,121,299,31.024,49.309,0,7.058,7.676,0.665,1.806,0.245,0.426,0.315,0.115,0.723,0.146,0,0,0.093,0.014,0,0,0,0,0,0.111,0.274,79.4,"West"
"08421","Ulm",77998,63120,62381,22398,24402,0,8752,4326,818,446,84,284,170,124,125,84,0,0,49,15,0,0,0,0,0,78,226,35.905,39.118,0,14.03,6.935,1.311,0.715,0.135,0.455,0.273,0.199,0.2,0.135,0,0,0.079,0.024,0,0,0,0,0,0.125,0.362,80.9,"West"
"08425","Alb-Donau-Kreis",132764,110706,109251,31500,55404,0,10113,7403,708,1423,125,493,312,319,469,179,0,0,133,39,0,0,0,0,0,177,454,28.833,50.713,0,9.257,6.776,0.648,1.303,0.114,0.451,0.286,0.292,0.429,0.164,0,0,0.122,0.036,0,0,0,0,0,0.162,0.416,83.4,"West"
"08426","Biberach",134749,110112,108300,25726,60049,0,9883,7150,644,1977,144,473,583,539,258,229,0,0,197,39,0,0,0,0,0,114,295,23.754,55.447,0,9.126,6.602,0.595,1.825,0.133,0.437,0.538,0.498,0.238,0.211,0,0,0.182,0.036,0,0,0,0,0,0.105,0.272,81.7,"West"
"08435","Bodenseekreis",144978,119076,117637,35724,53668,0,14149,9599,942,725,174,594,305,539,396,177,0,0,111,21,0,0,0,0,0,128,385,30.368,45.622,0,12.028,8.16,0.801,0.616,0.148,0.505,0.259,0.458,0.337,0.15,0,0,0.094,0.018,0,0,0,0,0,0.109,0.327,82.1,"West"
"08436","Ravensburg",192808,156009,153938,40609,78221,0,17735,10103,1110,1537,229,706,427,1409,701,279,0,0,222,34,0,0,0,0,0,156,460,26.38,50.813,0,11.521,6.563,0.721,0.998,0.149,0.459,0.277,0.915,0.455,0.181,0,0,0.144,0.022,0,0,0,0,0,0.101,0.299,80.9,"West"
"08437","Sigmaringen",94872,76222,74999,18676,42028,0,5701,5224,558,1157,140,319,208,138,264,134,0,0,105,15,0,0,0,0,0,98,234,24.902,56.038,0,7.601,6.965,0.744,1.543,0.187,0.425,0.277,0.184,0.352,0.179,0,0,0.14,0.02,0,0,0,0,0,0.131,0.312,80.3,"West"
"09161","Ingolstadt",84026,63122,62487,17800,0,35728,4452,2615,494,405,44,167,120,273,79,43,67,0,27,8,0,0,31,0,0,0,134,28.486,0,57.177,7.125,4.185,0.791,0.648,0.07,0.267,0.192,0.437,0.126,0.069,0.107,0,0.043,0.013,0,0,0.05,0,0,0,0.214,75.1,"West"
"09162","München",837846,673010,669491,198645,0,298809,107853,41228,8526,2553,1007,2937,1087,1895,397,642,799,0,309,349,0,0,733,0,0,0,1722,29.671,0,44.632,16.11,6.158,1.274,0.381,0.15,0.439,0.162,0.283,0.059,0.096,0.119,0,0.046,0.052,0,0,0.109,0,0,0,0.257,80.3,"West"
"09163","Rosenheim",41119,31189,30990,7374,0,18225,2545,1508,225,529,63,115,25,152,32,28,76,0,16,20,0,0,15,0,0,0,42,23.795,0,58.809,8.212,4.866,0.726,1.707,0.203,0.371,0.081,0.49,0.103,0.09,0.245,0,0.052,0.065,0,0,0.048,0,0,0,0.136,75.9,"West"
"09171","Altötting",82275,66368,65760,12787,0,45372,3122,2309,358,717,48,182,159,241,39,61,96,0,59,34,0,0,33,0,0,0,143,19.445,0,68.996,4.748,3.511,0.544,1.09,0.073,0.277,0.242,0.366,0.059,0.093,0.146,0,0.09,0.052,0,0,0.05,0,0,0,0.217,80.7,"West"
"09172","Berchtesgadener Land",72637,58729,58248,10838,0,39604,3793,2089,322,534,50,190,89,223,138,56,78,0,59,35,0,0,29,0,0,0,121,18.607,0,67.992,6.512,3.586,0.553,0.917,0.086,0.326,0.153,0.383,0.237,0.096,0.134,0,0.101,0.06,0,0,0.05,0,0,0,0.208,80.9,"West"
"09173","Bad Tölz-Wolfratshausen",86272,72583,72101,12639,0,48806,5774,3081,419,190,120,194,115,318,45,61,118,0,42,10,0,0,52,0,0,0,117,17.53,0,67.691,8.008,4.273,0.581,0.264,0.166,0.269,0.159,0.441,0.062,0.085,0.164,0,0.058,0.014,0,0,0.072,0,0,0,0.162,84.1,"West"
"09174","Dachau",93294,78076,77430,17140,0,48261,6191,3568,464,535,86,279,95,292,55,82,102,0,41,18,0,0,65,0,0,0,156,22.136,0,62.329,7.996,4.608,0.599,0.691,0.111,0.36,0.123,0.377,0.071,0.106,0.132,0,0.053,0.023,0,0,0.084,0,0,0,0.201,83.7,"West"
"09175","Ebersberg",87477,75626,75256,17501,0,43871,7753,4111,540,285,76,282,91,242,38,87,118,0,44,21,0,0,42,0,0,0,154,23.255,0,58.296,10.302,5.463,0.718,0.379,0.101,0.375,0.121,0.322,0.05,0.116,0.157,0,0.058,0.028,0,0,0.056,0,0,0,0.205,86.5,"West"
"09176","Eichstätt",88705,75732,75144,18969,0,48004,3855,2313,407,395,42,166,136,400,73,77,92,0,42,10,0,0,36,0,0,0,127,25.244,0,63.883,5.13,3.078,0.542,0.526,0.056,0.221,0.181,0.532,0.097,0.102,0.122,0,0.056,0.013,0,0,0.048,0,0,0,0.169,85.4,"West"
"09177","Erding",85962,71176,70767,14014,0,46334,4874,2982,502,808,60,208,67,481,21,76,130,0,37,11,0,0,26,0,0,0,136,19.803,0,65.474,6.887,4.214,0.709,1.142,0.085,0.294,0.095,0.68,0.03,0.107,0.184,0,0.052,0.016,0,0,0.037,0,0,0,0.192,82.8,"West"
"09178","Freising",107844,90205,89743,19107,0,55586,7976,4486,668,407,70,277,146,449,69,84,135,0,27,13,0,0,39,0,0,0,204,21.291,0,61.939,8.888,4.999,0.744,0.454,0.078,0.309,0.163,0.5,0.077,0.094,0.15,0,0.03,0.014,0,0,0.043,0,0,0,0.227,83.6,"West"
"09179","Fürstenfeldbruck",145143,123599,123011,30679,0,68126,14176,6593,853,724,133,432,124,372,102,102,162,0,47,18,0,0,138,0,0,0,230,24.94,0,55.382,11.524,5.36,0.693,0.589,0.108,0.351,0.101,0.302,0.083,0.083,0.132,0,0.038,0.015,0,0,0.112,0,0,0,0.187,85.2,"West"
"09180","Garmisch-Partenkirchen",64638,53535,53268,8254,0,38029,2997,2442,262,193,52,179,87,392,59,49,128,0,14,2,0,0,30,0,0,0,99,15.495,0,71.392,5.626,4.584,0.492,0.362,0.098,0.336,0.163,0.736,0.111,0.092,0.24,0,0.026,0.004,0,0,0.056,0,0,0,0.186,82.8,"West"
"09181","Landsberg am Lech",78963,66322,65960,14061,0,40301,6357,3291,400,183,52,212,117,262,111,65,299,0,40,14,0,0,54,0,0,0,141,21.317,0,61.099,9.638,4.989,0.606,0.277,0.079,0.321,0.177,0.397,0.168,0.099,0.453,0,0.061,0.021,0,0,0.082,0,0,0,0.214,84,"West"
"09182","Miesbach",68787,57850,57488,10989,0,38227,4103,2819,272,191,73,176,90,167,31,55,96,0,25,12,0,0,36,0,0,0,126,19.115,0,66.496,7.137,4.904,0.473,0.332,0.127,0.306,0.157,0.29,0.054,0.096,0.167,0,0.043,0.021,0,0,0.063,0,0,0,0.219,84.1,"West"
"09183","Mühldorf a.Inn",82140,65726,65264,11799,0,45807,3303,2368,351,454,41,223,127,242,55,70,152,0,61,19,0,0,49,0,0,0,143,18.079,0,70.187,5.061,3.628,0.538,0.696,0.063,0.342,0.195,0.371,0.084,0.107,0.233,0,0.093,0.029,0,0,0.075,0,0,0,0.219,80,"West"
"09184","München",216615,186677,185824,46596,0,100536,20876,13032,1354,611,214,651,288,574,83,171,216,0,63,39,0,0,136,0,0,0,384,25.075,0,54.103,11.234,7.013,0.729,0.329,0.115,0.35,0.155,0.309,0.045,0.092,0.116,0,0.034,0.021,0,0,0.073,0,0,0,0.207,86.2,"West"
"09185","Neuburg-Schrobenhausen",67390,54604,54189,12133,0,36486,2403,1924,251,291,36,121,102,116,38,44,80,0,18,9,0,0,31,0,0,0,106,22.39,0,67.331,4.434,3.551,0.463,0.537,0.066,0.223,0.188,0.214,0.07,0.081,0.148,0,0.033,0.017,0,0,0.057,0,0,0,0.196,81,"West"
"09186","Pfaffenhofen a.d.Ilm",83703,68819,68407,15649,0,44019,4047,2851,381,350,59,193,122,309,85,68,66,0,35,11,0,0,29,0,0,0,133,22.876,0,64.349,5.916,4.168,0.557,0.512,0.086,0.282,0.178,0.452,0.124,0.099,0.096,0,0.051,0.016,0,0,0.042,0,0,0,0.194,82.2,"West"
"09187","Rosenheim",175450,145852,145067,27219,0,95651,10902,6409,779,1320,193,510,153,845,120,115,381,0,97,84,0,0,83,0,0,0,206,18.763,0,65.936,7.515,4.418,0.537,0.91,0.133,0.352,0.105,0.582,0.083,0.079,0.263,0,0.067,0.058,0,0,0.057,0,0,0,0.142,83.1,"West"
"09188","Starnberg",92843,80966,80570,17258,0,45182,10263,6050,503,166,100,241,110,278,38,55,89,0,29,10,0,0,75,0,0,0,123,21.42,0,56.078,12.738,7.509,0.624,0.206,0.124,0.299,0.137,0.345,0.047,0.068,0.11,0,0.036,0.012,0,0,0.093,0,0,0,0.153,87.2,"West"
"09189","Traunstein",127332,104748,103891,20045,0,69255,7501,3826,522,719,93,344,127,439,148,83,388,0,118,73,0,0,57,0,0,0,153,19.294,0,66.661,7.22,3.683,0.502,0.692,0.09,0.331,0.122,0.423,0.142,0.08,0.373,0,0.114,0.07,0,0,0.055,0,0,0,0.147,82.3,"West"
"09190","Weilheim-Schongau",94878,79584,79145,18088,0,49151,6103,3402,488,350,77,293,157,283,110,96,260,0,33,15,0,0,73,0,0,0,166,22.854,0,62.102,7.711,4.298,0.617,0.442,0.097,0.37,0.198,0.358,0.139,0.121,0.329,0,0.042,0.019,0,0,0.092,0,0,0,0.21,83.9,"West"
"09261","Landshut",45352,35255,35013,8220,0,21418,2675,1570,295,134,44,149,75,157,21,47,33,0,18,6,0,0,21,0,0,0,130,23.477,0,61.172,7.64,4.484,0.843,0.383,0.126,0.426,0.214,0.448,0.06,0.134,0.094,0,0.051,0.017,0,0,0.06,0,0,0,0.371,77.7,"West"
"09262","Passau",38784,29276,29048,7178,0,17500,2032,1531,173,120,17,68,52,226,15,16,30,0,12,4,0,0,12,0,0,0,62,24.711,0,60.245,6.995,5.271,0.596,0.413,0.059,0.234,0.179,0.778,0.052,0.055,0.103,0,0.041,0.014,0,0,0.041,0,0,0,0.213,75.5,"West"
"09263","Straubing",33715,24745,24611,5488,0,16580,919,794,106,161,18,67,167,164,13,19,27,0,7,0,0,0,9,0,0,0,72,22.299,0,67.368,3.734,3.226,0.431,0.654,0.073,0.272,0.679,0.666,0.053,0.077,0.11,0,0.028,0,0,0,0.037,0,0,0,0.293,73.4,"West"
"09271","Deggendorf",88723,68731,68271,13325,0,48006,2523,2214,257,894,46,154,191,242,58,57,81,0,35,5,0,0,22,0,0,0,161,19.518,0,70.317,3.696,3.243,0.376,1.309,0.067,0.226,0.28,0.354,0.085,0.083,0.119,0,0.051,0.007,0,0,0.032,0,0,0,0.236,77.5,"West"
"09272","Freyung-Grafenau",63947,48910,48582,9354,0,34889,1452,1419,157,442,26,106,69,246,65,42,187,0,20,6,0,0,22,0,0,0,80,19.254,0,71.815,2.989,2.921,0.323,0.91,0.054,0.218,0.142,0.506,0.134,0.086,0.385,0,0.041,0.012,0,0,0.045,0,0,0,0.165,76.5,"West"
"09273","Kelheim",82658,66599,66119,14888,0,43820,3618,2093,295,280,44,192,200,325,45,70,64,0,27,6,0,0,35,0,0,0,117,22.517,0,66.274,5.472,3.166,0.446,0.423,0.067,0.29,0.302,0.492,0.068,0.106,0.097,0,0.041,0.009,0,0,0.053,0,0,0,0.177,80.6,"West"
"09274","Landshut",108670,90368,89884,16578,0,63068,4437,3260,419,436,73,311,242,478,44,110,128,0,40,9,0,0,43,0,0,0,208,18.444,0,70.166,4.936,3.627,0.466,0.485,0.081,0.346,0.269,0.532,0.049,0.122,0.142,0,0.045,0.01,0,0,0.048,0,0,0,0.231,83.2,"West"
"09275","Passau",144161,112629,111781,23372,0,77527,3904,3882,436,610,84,310,258,717,88,94,128,0,55,11,0,0,48,0,0,0,257,20.909,0,69.356,3.493,3.473,0.39,0.546,0.075,0.277,0.231,0.641,0.079,0.084,0.115,0,0.049,0.01,0,0,0.043,0,0,0,0.23,78.1,"West"
"09276","Regen",63888,49176,48765,10040,0,34920,1304,1215,142,326,29,134,116,258,19,42,90,0,21,4,0,0,23,0,0,0,82,20.589,0,71.609,2.674,2.492,0.291,0.669,0.059,0.275,0.238,0.529,0.039,0.086,0.185,0,0.043,0.008,0,0,0.047,0,0,0,0.168,77,"West"
"09277","Rottal-Inn",90299,71404,70836,11848,0,52203,2631,2267,247,300,49,192,179,402,34,58,110,0,54,13,0,0,38,0,0,0,211,16.726,0,73.696,3.714,3.2,0.349,0.424,0.069,0.271,0.253,0.568,0.048,0.082,0.155,0,0.076,0.018,0,0,0.054,0,0,0,0.298,79.1,"West"
"09278","Straubing-Bogen",72812,60720,60288,9816,0,45193,1701,1668,200,408,38,126,230,577,25,57,104,0,17,6,0,0,13,0,0,0,109,16.282,0,74.962,2.821,2.767,0.332,0.677,0.063,0.209,0.382,0.957,0.041,0.095,0.173,0,0.028,0.01,0,0,0.022,0,0,0,0.181,83.4,"West"
"09279","Dingolfing-Landau",68976,54813,54381,10505,0,38984,1760,1540,233,352,27,159,164,280,18,75,71,0,32,13,0,0,29,0,0,0,139,19.317,0,71.687,3.236,2.832,0.428,0.647,0.05,0.292,0.302,0.515,0.033,0.138,0.131,0,0.059,0.024,0,0,0.053,0,0,0,0.256,79.5,"West"
"09361","Amberg",33700,25647,25340,7711,0,14463,1448,1024,146,102,34,72,66,93,38,20,28,0,14,1,0,0,6,0,0,0,74,30.43,0,57.076,5.714,4.041,0.576,0.403,0.134,0.284,0.26,0.367,0.15,0.079,0.11,0,0.055,0.004,0,0,0.024,0,0,0,0.292,76.1,"West"
"09362","Regensburg",95646,74088,73561,19562,0,40001,8771,2858,725,211,63,234,196,454,73,71,143,0,34,18,0,0,21,0,0,0,126,26.593,0,54.378,11.923,3.885,0.986,0.287,0.086,0.318,0.266,0.617,0.099,0.097,0.194,0,0.046,0.024,0,0,0.029,0,0,0,0.171,77.5,"West"
"09363","Weiden i.d.OPf.",33613,26109,25924,8445,0,14631,1298,867,167,88,27,80,50,65,17,32,42,0,18,4,0,0,15,0,0,0,78,32.576,0,56.438,5.007,3.344,0.644,0.339,0.104,0.309,0.193,0.251,0.066,0.123,0.162,0,0.069,0.015,0,0,0.058,0,0,0,0.301,77.7,"West"
"09371","Amberg-Sulzbach",82012,67708,67003,20331,0,39669,2787,2432,354,327,26,189,136,263,108,73,84,0,29,3,0,0,32,0,0,0,160,30.343,0,59.205,4.16,3.63,0.528,0.488,0.039,0.282,0.203,0.393,0.161,0.109,0.125,0,0.043,0.004,0,0,0.048,0,0,0,0.239,82.6,"West"
"09372","Cham",101149,80653,79948,15071,0,58544,2454,1894,242,468,34,219,216,296,72,79,137,0,45,3,0,0,31,0,0,0,143,18.851,0,73.228,3.069,2.369,0.303,0.585,0.043,0.274,0.27,0.37,0.09,0.099,0.171,0,0.056,0.004,0,0,0.039,0,0,0,0.179,79.7,"West"
"09373","Neumarkt i.d.OPf.",94653,80116,79515,16168,0,55003,3860,2528,362,308,56,237,194,270,75,103,105,0,56,12,0,0,29,0,0,0,149,20.333,0,69.173,4.854,3.179,0.455,0.387,0.07,0.298,0.244,0.34,0.094,0.13,0.132,0,0.07,0.015,0,0,0.036,0,0,0,0.187,84.6,"West"
"09374","Neustadt a.d.Waldnaab",76971,65182,64609,19722,0,39511,2058,1838,254,274,28,162,143,188,29,56,117,0,28,3,0,0,33,0,0,0,165,30.525,0,61.154,3.185,2.845,0.393,0.424,0.043,0.251,0.221,0.291,0.045,0.087,0.181,0,0.043,0.005,0,0,0.051,0,0,0,0.255,84.7,"West"
"09375","Regensburg",135937,113247,112239,27011,0,71561,6584,3868,577,573,74,373,279,689,82,78,207,0,40,38,0,0,26,0,0,0,179,24.066,0,63.758,5.866,3.446,0.514,0.511,0.066,0.332,0.249,0.614,0.073,0.069,0.184,0,0.036,0.034,0,0,0.023,0,0,0,0.159,83.3,"West"
"09376","Schwandorf",113005,91251,90261,26247,0,56156,3238,2343,409,459,59,265,219,381,51,93,94,0,38,10,0,0,31,0,0,0,168,29.079,0,62.215,3.587,2.596,0.453,0.509,0.065,0.294,0.243,0.422,0.057,0.103,0.104,0,0.042,0.011,0,0,0.034,0,0,0,0.186,80.7,"West"
"09377","Tirschenreuth",62413,51861,51392,14119,0,32811,1707,1559,172,261,45,144,120,109,26,43,106,0,31,6,0,0,22,0,0,0,111,27.473,0,63.845,3.322,3.034,0.335,0.508,0.088,0.28,0.233,0.212,0.051,0.084,0.206,0,0.06,0.012,0,0,0.043,0,0,0,0.216,83.1,"West"
"09461","Bamberg",52718,40047,39771,10450,0,21328,4460,1914,379,457,66,165,67,122,59,58,58,0,21,8,0,0,20,0,0,0,139,26.275,0,53.627,11.214,4.813,0.953,1.149,0.166,0.415,0.168,0.307,0.148,0.146,0.146,0,0.053,0.02,0,0,0.05,0,0,0,0.35,76,"West"
"09462","Bayreuth",57376,44093,43719,13626,0,22432,3737,2519,394,368,39,146,74,80,87,55,16,0,20,4,0,0,27,0,0,0,95,31.167,0,51.309,8.548,5.762,0.901,0.842,0.089,0.334,0.169,0.183,0.199,0.126,0.037,0,0.046,0.009,0,0,0.062,0,0,0,0.217,76.8,"West"
"09463","Coburg",33001,25594,25344,9524,0,11701,1892,1466,237,92,25,76,97,74,49,23,9,0,0,3,0,0,12,0,0,0,64,37.579,0,46.169,7.465,5.784,0.935,0.363,0.099,0.3,0.383,0.292,0.193,0.091,0.036,0,0,0.012,0,0,0.047,0,0,0,0.253,77.6,"West"
"09464","Hof",37562,28333,27990,9096,0,14972,1453,1263,233,349,63,128,49,41,129,44,24,0,3,5,0,0,18,0,0,0,120,32.497,0,53.491,5.191,4.512,0.832,1.247,0.225,0.457,0.175,0.146,0.461,0.157,0.086,0,0.011,0.018,0,0,0.064,0,0,0,0.429,75.4,"West"
"09471","Bamberg",109226,91068,90448,19582,0,60065,4395,3422,466,980,68,278,289,192,157,97,122,0,56,20,0,0,52,0,0,0,207,21.65,0,66.408,4.859,3.783,0.515,1.083,0.075,0.307,0.32,0.212,0.174,0.107,0.135,0,0.062,0.022,0,0,0.057,0,0,0,0.229,83.4,"West"
"09472","Bayreuth",85490,71444,70925,20015,0,43344,3122,2697,294,527,45,197,148,107,95,91,51,0,17,7,0,0,35,0,0,0,133,28.22,0,61.112,4.402,3.803,0.415,0.743,0.063,0.278,0.209,0.151,0.134,0.128,0.072,0,0.024,0.01,0,0,0.049,0,0,0,0.188,83.6,"West"
"09473","Coburg",71292,59057,58665,21625,0,29840,2818,2664,428,246,46,192,347,114,73,62,37,0,18,7,0,0,29,0,0,0,119,36.862,0,50.865,4.804,4.541,0.73,0.419,0.078,0.327,0.591,0.194,0.124,0.106,0.063,0,0.031,0.012,0,0,0.049,0,0,0,0.203,82.8,"West"
"09474","Forchheim",85328,71659,71250,17246,0,44222,4630,2869,367,783,58,232,154,124,229,84,50,0,27,9,0,0,59,0,0,0,107,24.205,0,62.066,6.498,4.027,0.515,1.099,0.081,0.326,0.216,0.174,0.321,0.118,0.07,0,0.038,0.013,0,0,0.083,0,0,0,0.15,84,"West"
"09475","Hof",85591,70192,69620,23737,0,37792,2956,2726,494,576,76,292,109,91,385,72,46,0,37,6,0,0,35,0,0,0,190,34.095,0,54.283,4.246,3.916,0.71,0.827,0.109,0.419,0.157,0.131,0.553,0.103,0.066,0,0.053,0.009,0,0,0.05,0,0,0,0.273,82,"West"
"09476","Kronach",60304,49769,49245,16804,0,28214,1518,1512,286,226,31,124,149,33,124,55,19,0,14,4,0,0,25,0,0,0,107,34.123,0,57.293,3.083,3.07,0.581,0.459,0.063,0.252,0.303,0.067,0.252,0.112,0.039,0,0.028,0.008,0,0,0.051,0,0,0,0.217,82.5,"West"
"09477","Kulmbach",62595,51032,50689,16977,0,27832,2357,1989,317,313,35,198,235,69,94,61,21,0,15,2,0,0,23,0,0,0,151,33.492,0,54.907,4.65,3.924,0.625,0.617,0.069,0.391,0.464,0.136,0.185,0.12,0.041,0,0.03,0.004,0,0,0.045,0,0,0,0.298,81.5,"West"
"09478","Lichtenfels",55263,45398,45040,11887,0,28562,1782,1514,261,208,31,117,314,58,85,49,39,0,18,2,0,0,30,0,0,0,83,26.392,0,63.415,3.956,3.361,0.579,0.462,0.069,0.26,0.697,0.129,0.189,0.109,0.087,0,0.04,0.004,0,0,0.067,0,0,0,0.184,82.1,"West"
"09479","Wunsiedel i.Fichtelgebirge",67206,53423,52869,19713,0,27316,2263,1881,368,372,79,233,158,64,111,59,55,0,13,8,0,0,23,0,0,0,153,37.287,0,51.667,4.28,3.558,0.696,0.704,0.149,0.441,0.299,0.121,0.21,0.112,0.104,0,0.025,0.015,0,0,0.044,0,0,0,0.289,79.5,"West"
"09561","Ansbach",30524,22952,22747,7926,0,10998,1991,926,203,166,25,80,45,159,78,32,12,0,9,2,0,0,20,0,0,0,75,34.844,0,48.349,8.753,4.071,0.892,0.73,0.11,0.352,0.198,0.699,0.343,0.141,0.053,0,0.04,0.009,0,0,0.088,0,0,0,0.33,75.2,"West"
"09562","Erlangen",72933,59616,59284,21019,0,25151,7872,3370,648,191,64,175,131,274,113,57,33,0,21,13,0,0,36,0,0,0,116,35.455,0,42.425,13.278,5.685,1.093,0.322,0.108,0.295,0.221,0.462,0.191,0.096,0.056,0,0.035,0.022,0,0,0.061,0,0,0,0.196,81.7,"West"
"09563","Fürth",79344,60551,60057,23406,0,26594,5069,2716,598,542,72,232,211,89,153,91,30,0,21,17,0,0,28,0,0,0,188,38.973,0,44.281,8.44,4.522,0.996,0.902,0.12,0.386,0.351,0.148,0.255,0.152,0.05,0,0.035,0.028,0,0,0.047,0,0,0,0.313,76.3,"West"
"09564","Nürnberg",337203,263591,261360,98232,0,117428,24098,11761,3107,1819,296,953,984,509,592,303,129,0,86,29,0,0,126,0,0,0,908,37.585,0,44.93,9.22,4.5,1.189,0.696,0.113,0.365,0.376,0.195,0.227,0.116,0.049,0,0.033,0.011,0,0,0.048,0,0,0,0.347,78.2,"West"
"09565","Schwabach",28497,22775,22622,7800,0,11167,1919,1060,146,108,23,61,55,65,69,21,15,0,2,3,0,0,14,0,0,0,94,34.48,0,49.363,8.483,4.686,0.645,0.477,0.102,0.27,0.243,0.287,0.305,0.093,0.066,0,0.009,0.013,0,0,0.062,0,0,0,0.416,79.9,"West"
"09571","Ansbach",137021,111071,110173,30756,0,63731,7306,4607,538,966,93,297,332,465,520,134,74,0,51,12,0,0,51,0,0,0,240,27.916,0,57.846,6.631,4.182,0.488,0.877,0.084,0.27,0.301,0.422,0.472,0.122,0.067,0,0.046,0.011,0,0,0.046,0,0,0,0.218,81.1,"West"
"09572","Erlangen-Höchstadt",97163,82999,82503,26105,0,42795,7252,4244,470,348,62,259,268,201,168,77,39,0,19,11,0,0,40,0,0,0,145,31.641,0,51.871,8.79,5.144,0.57,0.422,0.075,0.314,0.325,0.244,0.204,0.093,0.047,0,0.023,0.013,0,0,0.048,0,0,0,0.176,85.4,"West"
"09573","Fürth",86360,73506,73054,25367,0,36070,5512,3769,466,616,67,259,183,137,214,72,37,0,44,5,0,0,42,0,0,0,194,34.724,0,49.374,7.545,5.159,0.638,0.843,0.092,0.355,0.25,0.188,0.293,0.099,0.051,0,0.06,0.007,0,0,0.057,0,0,0,0.266,85.1,"West"
"09574","Nürnberger Land",126871,107005,106323,36742,0,52539,8607,5109,752,629,90,387,341,218,414,100,60,0,37,10,0,0,50,0,0,0,238,34.557,0,49.415,8.095,4.805,0.707,0.592,0.085,0.364,0.321,0.205,0.389,0.094,0.056,0,0.035,0.009,0,0,0.047,0,0,0,0.224,84.3,"West"
"09575","Neustadt a.d.Aisch-Bad Windsheim",75916,61566,61056,17060,0,35578,3866,2690,383,355,59,154,226,276,138,54,38,0,36,2,0,0,27,0,0,0,114,27.942,0,58.271,6.332,4.406,0.627,0.581,0.097,0.252,0.37,0.452,0.226,0.088,0.062,0,0.059,0.003,0,0,0.044,0,0,0,0.187,81.1,"West"
"09576","Roth",94020,79907,79361,23329,0,45056,5224,3462,443,453,80,325,168,147,196,107,49,0,19,10,0,0,54,0,0,0,239,29.396,0,56.773,6.583,4.362,0.558,0.571,0.101,0.41,0.212,0.185,0.247,0.135,0.062,0,0.024,0.013,0,0,0.068,0,0,0,0.301,85,"West"
"09577","Weißenburg-Gunzenhausen",72315,58296,57797,17785,0,32728,3438,2162,317,362,40,156,133,270,150,54,56,0,23,11,0,0,32,0,0,0,80,30.771,0,56.626,5.948,3.741,0.548,0.626,0.069,0.27,0.23,0.467,0.26,0.093,0.097,0,0.04,0.019,0,0,0.055,0,0,0,0.138,80.6,"West"
"09661","Aschaffenburg",49319,37589,37175,11429,0,18605,3386,2198,390,449,47,125,119,99,41,64,35,0,32,5,0,0,23,0,0,0,128,30.744,0,50.047,9.108,5.913,1.049,1.208,0.126,0.336,0.32,0.266,0.11,0.172,0.094,0,0.086,0.013,0,0,0.062,0,0,0,0.344,76.2,"West"
"09662","Schweinfurt",39998,30246,29867,10714,0,14395,1925,1478,296,501,49,79,95,94,45,34,18,0,51,1,0,0,24,0,0,0,68,35.872,0,48.197,6.445,4.949,0.991,1.677,0.164,0.265,0.318,0.315,0.151,0.114,0.06,0,0.171,0.003,0,0,0.08,0,0,0,0.228,75.6,"West"
"09663","Würzburg",97154,76730,76283,23319,0,34779,10654,4489,665,1174,78,256,60,336,141,112,34,0,32,4,0,0,29,0,0,0,121,30.569,0,45.592,13.966,5.885,0.872,1.539,0.102,0.336,0.079,0.44,0.185,0.147,0.045,0,0.042,0.005,0,0,0.038,0,0,0,0.159,79,"West"
"09671","Aschaffenburg",130464,109214,108098,31513,0,59083,7471,6158,740,1283,122,433,230,245,65,155,94,0,105,19,0,0,51,0,0,0,331,29.152,0,54.657,6.911,5.697,0.685,1.187,0.113,0.401,0.213,0.227,0.06,0.143,0.087,0,0.097,0.018,0,0,0.047,0,0,0,0.306,83.7,"West"
"09672","Bad Kissingen",85661,70550,69910,16142,0,44726,3631,3126,378,619,52,186,225,270,114,104,34,0,43,8,0,0,51,0,0,0,201,23.09,0,63.977,5.194,4.471,0.541,0.885,0.074,0.266,0.322,0.386,0.163,0.149,0.049,0,0.062,0.011,0,0,0.073,0,0,0,0.288,82.4,"West"
"09673","Rhön-Grabfeld",65485,54070,53561,11330,0,35364,2874,2398,321,345,54,130,193,145,57,85,17,0,54,8,0,0,45,0,0,0,141,21.153,0,66.026,5.366,4.477,0.599,0.644,0.101,0.243,0.36,0.271,0.106,0.159,0.032,0,0.101,0.015,0,0,0.084,0,0,0,0.263,82.6,"West"
"09674","Haßberge",68287,56771,56255,14609,0,34623,2727,2428,293,472,47,137,263,274,53,75,44,0,39,7,0,0,34,0,0,0,130,25.969,0,61.547,4.848,4.316,0.521,0.839,0.084,0.244,0.468,0.487,0.094,0.133,0.078,0,0.069,0.012,0,0,0.06,0,0,0,0.231,83.1,"West"
"09675","Kitzingen",67090,54873,54438,15419,0,30722,3477,2839,284,594,43,179,219,238,134,75,36,0,55,6,0,0,30,0,0,0,88,28.324,0,56.435,6.387,5.215,0.522,1.091,0.079,0.329,0.402,0.437,0.246,0.138,0.066,0,0.101,0.011,0,0,0.055,0,0,0,0.162,81.8,"West"
"09676","Miltenberg",94829,78731,78009,22862,0,44429,4557,3770,465,670,67,223,199,257,88,87,38,0,48,7,0,0,40,0,0,0,202,29.307,0,56.954,5.842,4.833,0.596,0.859,0.086,0.286,0.255,0.329,0.113,0.112,0.049,0,0.062,0.009,0,0,0.051,0,0,0,0.259,83,"West"
"09677","Main-Spessart",101358,84614,83938,24458,0,48241,5029,3605,366,818,68,336,101,352,160,98,48,0,39,13,0,0,52,0,0,0,154,29.138,0,57.472,5.991,4.295,0.436,0.975,0.081,0.4,0.12,0.419,0.191,0.117,0.057,0,0.046,0.015,0,0,0.062,0,0,0,0.183,83.5,"West"
"09678","Schweinfurt",89870,76113,75449,19064,0,45054,4694,3580,407,1093,104,258,238,279,102,118,57,0,101,9,0,0,61,0,0,0,230,25.267,0,59.715,6.221,4.745,0.539,1.449,0.138,0.342,0.315,0.37,0.135,0.156,0.076,0,0.134,0.012,0,0,0.081,0,0,0,0.305,84.7,"West"
"09679","Würzburg",121731,104966,104188,30769,0,55405,8901,5227,584,1593,89,408,128,431,190,129,56,0,32,11,0,0,51,0,0,0,184,29.532,0,53.178,8.543,5.017,0.561,1.529,0.085,0.392,0.123,0.414,0.182,0.124,0.054,0,0.031,0.011,0,0,0.049,0,0,0,0.177,86.2,"West"
"09761","Augsburg",177976,137388,136122,42646,0,70800,12475,5633,1209,845,179,539,282,459,156,174,133,0,89,18,0,0,60,0,0,0,425,31.329,0,52.012,9.165,4.138,0.888,0.621,0.131,0.396,0.207,0.337,0.115,0.128,0.098,0,0.065,0.013,0,0,0.044,0,0,0,0.312,77.2,"West"
"09762","Kaufbeuren",31757,24221,24020,5511,0,14676,1604,1370,164,209,37,86,71,62,41,26,62,0,30,5,0,0,16,0,0,0,50,22.943,0,61.099,6.678,5.704,0.683,0.87,0.154,0.358,0.296,0.258,0.171,0.108,0.258,0,0.125,0.021,0,0,0.067,0,0,0,0.208,76.3,"West"
"09763","Kempten",46011,34917,34667,9243,0,19605,2498,1971,250,451,55,165,40,102,41,48,44,0,54,10,0,0,32,0,0,0,58,26.662,0,56.552,7.206,5.686,0.721,1.301,0.159,0.476,0.115,0.294,0.118,0.138,0.127,0,0.156,0.029,0,0,0.092,0,0,0,0.167,75.9,"West"
"09764","Memmingen",29525,22991,22789,6011,0,13100,1702,1067,178,115,21,68,87,164,100,26,24,0,22,11,0,0,17,0,0,0,76,26.377,0,57.484,7.469,4.682,0.781,0.505,0.092,0.298,0.382,0.72,0.439,0.114,0.105,0,0.097,0.048,0,0,0.075,0,0,0,0.333,77.9,"West"
"09771","Aichach-Friedberg",92483,77735,77280,16036,0,50507,5296,3140,359,820,52,230,94,285,57,60,108,0,47,13,0,0,50,0,0,0,126,20.751,0,65.356,6.853,4.063,0.465,1.061,0.067,0.298,0.122,0.369,0.074,0.078,0.14,0,0.061,0.017,0,0,0.065,0,0,0,0.163,84.1,"West"
"09772","Augsburg",175961,145451,144433,35396,0,88454,9887,6629,692,1044,132,509,226,383,155,183,185,0,95,31,0,0,86,0,0,0,346,24.507,0,61.242,6.845,4.59,0.479,0.723,0.091,0.352,0.156,0.265,0.107,0.127,0.128,0,0.066,0.021,0,0,0.06,0,0,0,0.24,82.7,"West"
"09773","Dillingen a.d.Donau",70327,56035,55587,12454,0,36388,2513,2291,225,813,46,177,134,150,31,72,72,0,37,13,0,0,60,0,0,0,111,22.405,0,65.461,4.521,4.121,0.405,1.463,0.083,0.318,0.241,0.27,0.056,0.13,0.13,0,0.067,0.023,0,0,0.108,0,0,0,0.2,79.7,"West"
"09774","Günzburg",88042,69576,69114,15905,0,44719,3211,2904,349,795,81,193,149,155,135,83,69,0,68,39,0,0,41,0,0,0,218,23.013,0,64.703,4.646,4.202,0.505,1.15,0.117,0.279,0.216,0.224,0.195,0.12,0.1,0,0.098,0.056,0,0,0.059,0,0,0,0.315,79,"West"
"09775","Neu-Ulm",116618,93542,92870,27613,0,50767,6513,4846,655,597,119,322,378,212,138,124,80,0,61,83,0,0,51,0,0,0,311,29.733,0,54.665,7.013,5.218,0.705,0.643,0.128,0.347,0.407,0.228,0.149,0.134,0.086,0,0.066,0.089,0,0,0.055,0,0,0,0.335,80.2,"West"
"09776","Lindau",55854,45211,44926,11818,0,24640,4173,2628,325,306,68,182,75,296,99,67,65,0,62,8,0,0,26,0,0,0,88,26.305,0,54.846,9.289,5.85,0.723,0.681,0.151,0.405,0.167,0.659,0.22,0.149,0.145,0,0.138,0.018,0,0,0.058,0,0,0,0.196,80.9,"West"
"09777","Ostallgäu",98488,81221,80661,15326,0,53958,4997,3908,422,370,66,236,162,362,89,99,321,0,98,33,0,0,61,0,0,0,153,19.001,0,66.895,6.195,4.845,0.523,0.459,0.082,0.293,0.201,0.449,0.11,0.123,0.398,0,0.121,0.041,0,0,0.076,0,0,0,0.19,82.5,"West"
"09778","Unterallgäu",101106,82796,82151,14520,0,57114,4163,3520,410,442,82,237,206,532,248,88,124,0,126,79,0,0,71,0,0,0,189,17.675,0,69.523,5.067,4.285,0.499,0.538,0.1,0.288,0.251,0.648,0.302,0.107,0.151,0,0.153,0.096,0,0,0.086,0,0,0,0.23,81.9,"West"
"09779","Donau-Ries",97496,80843,80215,19983,0,51698,3885,2622,325,490,52,179,145,224,89,73,64,0,47,8,0,0,186,0,0,0,145,24.912,0,64.449,4.843,3.269,0.405,0.611,0.065,0.223,0.181,0.279,0.111,0.091,0.08,0,0.059,0.01,0,0,0.232,0,0,0,0.181,82.9,"West"
"09780","Oberallgäu",111061,92309,91824,18069,0,59945,6323,4577,459,714,95,382,114,386,88,105,154,0,123,13,0,0,88,0,0,0,189,19.678,0,65.282,6.886,4.985,0.5,0.778,0.103,0.416,0.124,0.42,0.096,0.114,0.168,0,0.134,0.014,0,0,0.096,0,0,0,0.206,83.1,"West"
"10041","Regionalverband Saarbrücken",263391,204492,200736,93344,64014,0,19077,13093,3571,875,1324,0,1626,0,0,0,0,1922,0,0,0,0,0,0,0,0,1890,46.501,31.89,0,9.504,6.522,1.779,0.436,0.66,0,0.81,0,0,0,0,0.957,0,0,0,0,0,0,0,0,0.942,77.6,"West"
"10042","Merzig-Wadern",82950,67512,65879,29440,24975,0,4409,4358,716,229,318,0,362,0,0,0,0,524,0,0,0,0,0,0,0,0,548,44.688,37.91,0,6.693,6.615,1.087,0.348,0.483,0,0.549,0,0,0,0,0.795,0,0,0,0,0,0,0,0,0.832,81.4,"West"
"10043","Neunkirchen",115023,91799,89860,45263,28808,0,5582,5322,1284,417,520,0,554,0,0,0,0,1217,0,0,0,0,0,0,0,0,893,50.371,32.059,0,6.212,5.923,1.429,0.464,0.579,0,0.617,0,0,0,0,1.354,0,0,0,0,0,0,0,0,0.994,79.8,"West"
"10044","Saarlouis",162218,130590,127553,58059,46393,0,8775,8422,1579,501,566,0,968,0,0,0,0,1048,0,0,0,0,0,0,0,0,1242,45.518,36.372,0,6.879,6.603,1.238,0.393,0.444,0,0.759,0,0,0,0,0.822,0,0,0,0,0,0,0,0,0.974,80.5,"West"
"10045","Saarpfalz-Kreis",121211,98961,96735,41887,34928,0,7447,6798,1224,534,454,0,644,0,0,0,0,1803,0,0,0,0,0,0,0,0,1016,43.301,36.107,0,7.698,7.027,1.265,0.552,0.469,0,0.666,0,0,0,0,1.864,0,0,0,0,0,0,0,0,1.05,81.6,"West"
"10046","St. Wendel",76425,63804,62198,27528,25724,0,3312,3117,626,246,242,0,295,0,0,0,0,711,0,0,0,0,0,0,0,0,397,44.259,41.358,0,5.325,5.011,1.006,0.396,0.389,0,0.474,0,0,0,0,1.143,0,0,0,0,0,0,0,0,0.638,83.5,"West"
"11000","Berlin",2442795,1896316,1872133,685170,484017,0,274008,124004,212642,12768,15910,0,11260,2319,3033,7634,0,0,0,1926,1337,0,0,0,1624,0,34481,36.598,25.854,0,14.636,6.624,11.358,0.682,0.85,0,0.601,0.124,0.162,0.408,0,0,0,0.103,0.071,0,0,0,0.087,0,1.842,77.6,"West"
"12051","Brandenburg an der Havel",64245,42468,41848,20785,9018,0,1784,2300,6653,0,240,0,489,0,0,0,0,0,0,0,0,0,0,0,0,0,579,49.668,21.549,0,4.263,5.496,15.898,0,0.574,0,1.169,0,0,0,0,0,0,0,0,0,0,0,0,0,1.384,66.1,"Ost"
"12052","Cottbus",89367,63839,63636,33322,12019,0,2417,3294,11017,0,387,0,649,0,0,0,0,0,0,0,0,0,0,0,0,0,531,52.363,18.887,0,3.798,5.176,17.313,0,0.608,0,1.02,0,0,0,0,0,0,0,0,0,0,0,0,0,0.834,71.4,"Ost"
"12053","Frankfurt",55138,38953,38595,17880,7930,0,1894,1797,7863,0,256,0,452,0,0,0,0,0,0,0,0,0,0,0,0,0,523,46.327,20.547,0,4.907,4.656,20.373,0,0.663,0,1.171,0,0,0,0,0,0,0,0,0,0,0,0,0,1.355,70.6,"Ost"
"12054","Potsdam",114501,87870,86556,39659,13772,0,7261,4241,19426,0,407,0,912,0,0,0,0,0,0,0,0,0,0,0,0,0,878,45.819,15.911,0,8.389,4.9,22.443,0,0.47,0,1.054,0,0,0,0,0,0,0,0,0,0,0,0,0,1.014,76.7,"Ost"
"12060","Barnim",139939,102755,101364,44357,20482,0,4868,5532,21118,0,643,0,1465,0,0,0,0,0,0,0,0,0,0,0,0,0,2899,43.76,20.206,0,4.802,5.458,20.834,0,0.634,0,1.445,0,0,0,0,0,0,0,0,0,0,0,0,0,2.86,73.4,"Ost"
"12061","Dahme-Spreewald",130429,100401,98911,44209,22712,0,4593,6067,17392,0,632,0,1446,0,0,0,0,0,0,0,0,0,0,0,0,0,1860,44.696,22.962,0,4.644,6.134,17.583,0,0.639,0,1.462,0,0,0,0,0,0,0,0,0,0,0,0,0,1.88,77,"Ost"
"12062","Elbe-Elster",105676,78800,77428,35640,20938,0,1979,5109,11244,0,313,0,1214,0,0,0,0,0,0,0,0,0,0,0,0,0,991,46.03,27.042,0,2.556,6.598,14.522,0,0.404,0,1.568,0,0,0,0,0,0,0,0,0,0,0,0,0,1.28,74.6,"Ost"
"12063","Havelland",121579,89552,88325,40022,21459,0,4847,5537,12406,0,544,0,1607,0,0,0,0,0,0,0,0,0,0,0,0,0,1903,45.312,24.295,0,5.488,6.269,14.046,0,0.616,0,1.819,0,0,0,0,0,0,0,0,0,0,0,0,0,2.155,73.7,"Ost"
"12064","Märkisch-Oderland",155017,113206,111658,49642,23713,0,4622,6224,22456,0,646,0,1605,0,0,0,0,0,0,0,0,0,0,0,0,0,2750,44.459,21.237,0,4.139,5.574,20.111,0,0.579,0,1.437,0,0,0,0,0,0,0,0,0,0,0,0,0,2.463,73,"Ost"
"12065","Oberhavel",158832,118749,117350,53542,26605,0,6598,7502,17742,0,706,0,2342,0,0,0,0,0,0,0,0,0,0,0,0,0,2313,45.626,22.671,0,5.622,6.393,15.119,0,0.602,0,1.996,0,0,0,0,0,0,0,0,0,0,0,0,0,1.971,74.8,"Ost"
"12066","Oberspreewald-Lausitz",115241,83083,81640,37842,19997,0,2323,4558,13736,0,343,0,1356,0,0,0,0,0,0,0,0,0,0,0,0,0,1485,46.352,24.494,0,2.845,5.583,16.825,0,0.42,0,1.661,0,0,0,0,0,0,0,0,0,0,0,0,0,1.819,72.1,"Ost"
"12067","Oder-Spree",158062,116167,114614,51813,25567,0,4574,6483,21118,0,895,0,2250,0,0,0,0,0,0,0,0,0,0,0,0,0,1914,45.207,22.307,0,3.991,5.656,18.425,0,0.781,0,1.963,0,0,0,0,0,0,0,0,0,0,0,0,0,1.67,73.5,"Ost"
"12068","Ostprignitz-Ruppin",90459,64138,63186,31162,14003,0,2418,3667,9897,0,241,0,1107,0,0,0,0,0,0,0,0,0,0,0,0,0,691,49.318,22.162,0,3.827,5.804,15.663,0,0.381,0,1.752,0,0,0,0,0,0,0,0,0,0,0,0,0,1.094,70.9,"Ost"
"12069","Potsdam-Mittelmark",159647,124460,122818,55526,28389,0,7840,8368,18840,0,616,0,1512,0,0,0,0,0,0,0,0,0,0,0,0,0,1727,45.21,23.115,0,6.383,6.813,15.34,0,0.502,0,1.231,0,0,0,0,0,0,0,0,0,0,0,0,0,1.406,78,"Ost"
"12070","Prignitz",76663,55859,55053,27409,12835,0,1617,3059,8546,0,157,0,769,0,0,0,0,0,0,0,0,0,0,0,0,0,661,49.787,23.314,0,2.937,5.556,15.523,0,0.285,0,1.397,0,0,0,0,0,0,0,0,0,0,0,0,0,1.201,72.9,"Ost"
"12071","Spree-Neiße",117928,86935,85624,39307,21592,0,2200,5086,13696,0,755,0,1551,0,0,0,0,0,0,0,0,0,0,0,0,0,1437,45.907,25.217,0,2.569,5.94,15.996,0,0.882,0,1.811,0,0,0,0,0,0,0,0,0,0,0,0,0,1.678,73.7,"Ost"
"12072","Teltow-Fläming",130109,96739,95179,45037,21251,0,4578,5718,15013,0,587,0,1315,0,0,0,0,0,0,0,0,0,0,0,0,0,1680,47.318,22.327,0,4.81,6.008,15.773,0,0.617,0,1.382,0,0,0,0,0,0,0,0,0,0,0,0,0,1.765,74.4,"Ost"
"12073","Uckermark",118193,83983,82721,40717,17586,0,2352,4143,15065,0,343,0,1230,0,0,0,0,0,0,0,0,0,0,0,0,0,1285,49.222,21.259,0,2.843,5.008,18.212,0,0.415,0,1.487,0,0,0,0,0,0,0,0,0,0,0,0,0,1.553,71.1,"Ost"
"13003","Rostock",161960,115637,113556,55109,24444,0,5711,5259,20682,160,0,0,616,0,0,0,0,0,0,0,0,0,0,0,0,0,1575,48.53,21.526,0,5.029,4.631,18.213,0.141,0,0,0.542,0,0,0,0,0,0,0,0,0,0,0,0,0,1.387,71.4,"Ost"
"13004","Schwerin",79643,57968,56995,26575,13190,0,3075,2890,9993,72,0,0,262,0,0,0,0,0,0,0,0,0,0,0,0,0,938,46.627,23.142,0,5.395,5.071,17.533,0.126,0,0,0.46,0,0,0,0,0,0,0,0,0,0,0,0,0,1.646,72.8,"Ost"
"13071","Mecklenburgische Seenplatte",245301,168889,164606,66528,50653,0,4819,9456,28430,782,0,0,1366,0,0,0,0,0,0,0,0,0,0,0,0,0,2572,40.417,30.772,0,2.928,5.745,17.272,0.475,0,0,0.83,0,0,0,0,0,0,0,0,0,0,0,0,0,1.563,68.8,"Ost"
"13072","Landkreis Rostock",183950,132051,128945,53909,39134,0,4509,7632,20420,415,0,0,890,0,0,0,0,0,0,0,0,0,0,0,0,0,2036,41.808,30.349,0,3.497,5.919,15.836,0.322,0,0,0.69,0,0,0,0,0,0,0,0,0,0,0,0,0,1.579,71.8,"Ost"
"13073","Vorpommern-Rügen",203657,138269,134399,48591,48795,0,3976,7070,21912,429,0,0,1136,0,0,0,0,0,0,0,0,0,0,0,0,0,2490,36.154,36.306,0,2.958,5.26,16.304,0.319,0,0,0.845,0,0,0,0,0,0,0,0,0,0,0,0,0,1.853,67.9,"Ost"
"13074","Nordwestmecklenburg",132419,92895,90942,42793,25239,0,3324,4603,12527,167,0,0,490,0,0,0,0,0,0,0,0,0,0,0,0,0,1799,47.055,27.753,0,3.655,5.061,13.775,0.184,0,0,0.539,0,0,0,0,0,0,0,0,0,0,0,0,0,1.978,70.2,"Ost"
"13075","Vorpommern-Greifswald",214232,153097,148998,50729,55386,0,4294,8218,25477,520,0,0,2194,0,0,0,0,0,0,0,0,0,0,0,0,0,2180,34.047,37.172,0,2.882,5.516,17.099,0.349,0,0,1.473,0,0,0,0,0,0,0,0,0,0,0,0,0,1.463,71.5,"Ost"
"13076","Ludwigslust-Parchim",190857,137774,134654,61181,37905,0,4472,7688,19382,331,0,0,1236,0,0,0,0,0,0,0,0,0,0,0,0,0,2459,45.436,28.15,0,3.321,5.709,14.394,0.246,0,0,0.918,0,0,0,0,0,0,0,0,0,0,0,0,0,1.826,72.2,"Ost"
"14511","Chemnitz",211051,157325,155164,55119,41091,0,7856,10903,30574,3271,981,0,1150,0,1013,0,0,0,0,267,0,0,0,0,0,0,2939,35.523,26.482,0,5.063,7.027,19.704,2.108,0.632,0,0.741,0,0.653,0,0,0,0,0.172,0,0,0,0,0,0,1.894,74.5,"Ost"
"14521","Erzgebirgskreis",339470,252499,247580,76332,95983,0,6853,16585,35522,2621,1038,0,5856,0,3659,0,0,0,0,509,0,0,0,0,0,0,2622,30.831,38.768,0,2.768,6.699,14.348,1.059,0.419,0,2.365,0,1.478,0,0,0,0,0.206,0,0,0,0,0,0,1.059,74.4,"Ost"
"14522","Mittelsachsen",297256,219871,215627,68639,78520,0,7006,16276,33528,2553,939,0,3733,0,1200,0,0,0,0,612,0,0,0,0,0,0,2621,31.832,36.415,0,3.249,7.548,15.549,1.184,0.435,0,1.731,0,0.557,0,0,0,0,0.284,0,0,0,0,0,0,1.216,74,"Ost"
"14523","Vogtlandkreis",225235,165187,162788,58141,54840,0,5686,12406,23764,2527,557,0,1134,0,1830,0,0,0,0,218,0,0,0,0,0,0,1685,35.716,33.688,0,3.493,7.621,14.598,1.552,0.342,0,0.697,0,1.124,0,0,0,0,0.134,0,0,0,0,0,0,1.035,73.3,"Ost"
"14524","Zwickau",310818,227056,223036,78071,74617,0,7925,15304,35648,1646,1157,0,3101,0,2254,0,0,0,0,615,0,0,0,0,0,0,2698,35.004,33.455,0,3.553,6.862,15.983,0.738,0.519,0,1.39,0,1.011,0,0,0,0,0.276,0,0,0,0,0,0,1.21,73.1,"Ost"
"14612","Dresden",388631,291281,287346,91718,88572,0,25251,21233,48759,1947,2358,0,2470,0,826,0,0,0,0,950,0,0,0,0,0,0,3262,31.919,30.824,0,8.788,7.389,16.969,0.678,0.821,0,0.86,0,0.287,0,0,0,0,0.331,0,0,0,0,0,0,1.135,75,"Ost"
"14625","Bautzen",290720,215922,210394,62693,76822,0,6939,16663,34972,3474,1440,0,3178,0,1176,0,0,0,0,511,0,0,0,0,0,0,2526,29.798,36.513,0,3.298,7.92,16.622,1.651,0.684,0,1.51,0,0.559,0,0,0,0,0.243,0,0,0,0,0,0,1.201,74.3,"Ost"
"14626","Görlitz",256023,184806,180797,53037,67104,0,6252,13175,29871,1890,1335,0,3757,0,999,0,0,0,0,872,0,0,0,0,0,0,2505,29.335,37.116,0,3.458,7.287,16.522,1.045,0.738,0,2.078,0,0.553,0,0,0,0,0.482,0,0,0,0,0,0,1.386,72.2,"Ost"
"14627","Meißen",222254,162814,159603,47897,58475,0,6979,12694,25434,1186,1161,0,2912,0,403,0,0,0,0,483,0,0,0,0,0,0,1979,30.01,36.638,0,4.373,7.953,15.936,0.743,0.727,0,1.825,0,0.253,0,0,0,0,0.303,0,0,0,0,0,0,1.24,73.3,"Ost"
"14628","Sächsische Schweiz-Osterzgebirge",220461,161890,159065,43668,66158,0,6037,11635,22756,1638,828,0,3493,0,483,0,0,0,0,752,0,0,0,0,0,0,1617,27.453,41.592,0,3.795,7.315,14.306,1.03,0.521,0,2.196,0,0.304,0,0,0,0,0.473,0,0,0,0,0,0,1.017,73.4,"Ost"
"14713","Leipzig",390484,288366,285107,114641,68214,0,22306,19250,50451,1312,1697,0,2253,0,750,0,0,0,0,527,0,0,0,0,0,0,3706,40.21,23.926,0,7.824,6.752,17.695,0.46,0.595,0,0.79,0,0.263,0,0,0,0,0.185,0,0,0,0,0,0,1.3,73.8,"Ost"
"14729","Leipzig",235164,173187,170428,64201,54642,0,6283,12314,26067,1082,712,0,2149,0,697,0,0,0,0,291,0,0,0,0,0,0,1990,37.67,32.062,0,3.687,7.225,15.295,0.635,0.418,0,1.261,0,0.409,0,0,0,0,0.171,0,0,0,0,0,0,1.168,73.6,"Ost"
"14730","Nordsachsen",184428,132093,130165,47528,43129,0,4157,9321,20983,1043,548,0,1628,0,219,0,0,0,0,194,0,0,0,0,0,0,1415,36.514,33.134,0,3.194,7.161,16.12,0.801,0.421,0,1.251,0,0.168,0,0,0,0,0.149,0,0,0,0,0,0,1.087,71.6,"Ost"
"15001","Dessau-Roßlau",81103,55692,55090,24678,14644,0,2306,4038,8249,0,193,536,446,0,0,0,0,0,0,0,0,0,0,0,0,0,0,44.796,26.582,0,4.186,7.33,14.974,0,0.35,0.973,0.81,0,0,0,0,0,0,0,0,0,0,0,0,0,0,68.7,"Ost"
"15002","Halle",196174,137668,136194,57252,33343,0,8103,10875,23411,0,956,1223,1031,0,0,0,0,0,0,0,0,0,0,0,0,0,0,42.037,24.482,0,5.95,7.985,17.189,0,0.702,0.898,0.757,0,0,0,0,0,0,0,0,0,0,0,0,0,0,70.2,"Ost"
"15003","Magdeburg",189697,130746,129271,59905,30719,0,6634,9249,19910,0,597,1280,977,0,0,0,0,0,0,0,0,0,0,0,0,0,0,46.341,23.763,0,5.132,7.155,15.402,0,0.462,0.99,0.756,0,0,0,0,0,0,0,0,0,0,0,0,0,0,68.9,"Ost"
"15081","Altmarkkreis Salzwedel",80539,55947,55170,24660,15588,0,1749,4144,7788,0,283,442,516,0,0,0,0,0,0,0,0,0,0,0,0,0,0,44.698,28.254,0,3.17,7.511,14.116,0,0.513,0.801,0.935,0,0,0,0,0,0,0,0,0,0,0,0,0,0,69.5,"Ost"
"15082","Anhalt-Bitterfeld",165320,114771,112937,47818,34507,0,3173,8571,15852,0,443,1352,1221,0,0,0,0,0,0,0,0,0,0,0,0,0,0,42.34,30.554,0,2.81,7.589,14.036,0,0.392,1.197,1.081,0,0,0,0,0,0,0,0,0,0,0,0,0,0,69.4,"Ost"
"15083","Börde",159705,108719,107296,47650,32568,0,2918,8530,13286,0,343,1063,938,0,0,0,0,0,0,0,0,0,0,0,0,0,0,44.41,30.353,0,2.72,7.95,12.383,0,0.32,0.991,0.874,0,0,0,0,0,0,0,0,0,0,0,0,0,0,68.1,"Ost"
"15084","Burgenlandkreis",180843,123693,121901,49057,38715,0,3110,9155,18257,0,470,1223,1914,0,0,0,0,0,0,0,0,0,0,0,0,0,0,40.243,31.759,0,2.551,7.51,14.977,0,0.386,1.003,1.57,0,0,0,0,0,0,0,0,0,0,0,0,0,0,68.4,"Ost"
"15085","Harz",212930,148154,146032,65389,42519,0,5048,11065,18737,0,510,1357,1407,0,0,0,0,0,0,0,0,0,0,0,0,0,0,44.777,29.116,0,3.457,7.577,12.831,0,0.349,0.929,0.963,0,0,0,0,0,0,0,0,0,0,0,0,0,0,69.6,"Ost"
"15086","Jerichower Land",87408,59091,58196,25604,17292,0,1816,4500,7772,0,219,529,464,0,0,0,0,0,0,0,0,0,0,0,0,0,0,43.996,29.713,0,3.12,7.732,13.355,0,0.376,0.909,0.797,0,0,0,0,0,0,0,0,0,0,0,0,0,0,67.6,"Ost"
"15087","Mansfeld-Südharz",143944,99421,97862,41053,30566,0,2100,7109,14688,0,285,876,1185,0,0,0,0,0,0,0,0,0,0,0,0,0,0,41.95,31.234,0,2.146,7.264,15.009,0,0.291,0.895,1.211,0,0,0,0,0,0,0,0,0,0,0,0,0,0,69.1,"Ost"
"15088","Saalekreis",176646,123394,121625,48619,37853,0,3355,10808,18013,0,448,1199,1330,0,0,0,0,0,0,0,0,0,0,0,0,0,0,39.975,31.123,0,2.758,8.886,14.81,0,0.368,0.986,1.094,0,0,0,0,0,0,0,0,0,0,0,0,0,0,69.9,"Ost"
"15089","Salzlandkreis",197574,129603,127155,55655,38883,0,3394,8775,17549,0,390,1215,1294,0,0,0,0,0,0,0,0,0,0,0,0,0,0,43.769,30.579,0,2.669,6.901,13.801,0,0.307,0.956,1.018,0,0,0,0,0,0,0,0,0,0,0,0,0,0,65.6,"Ost"
"15090","Stendal",109914,75312,74176,34332,20582,0,2287,5100,10168,0,387,658,662,0,0,0,0,0,0,0,0,0,0,0,0,0,0,46.285,27.748,0,3.083,6.876,13.708,0,0.522,0.887,0.892,0,0,0,0,0,0,0,0,0,0,0,0,0,0,68.5,"Ost"
"15091","Wittenberg",127144,88882,87685,36344,27707,0,2581,6348,12449,0,348,997,911,0,0,0,0,0,0,0,0,0,0,0,0,0,0,41.448,31.598,0,2.943,7.24,14.197,0,0.397,1.137,1.039,0,0,0,0,0,0,0,0,0,0,0,0,0,0,69.9,"Ost"
"16051","Erfurt",161977,121524,120183,49261,29273,0,8209,6494,22866,700,670,0,648,213,0,0,0,0,0,0,0,0,0,0,0,0,1849,40.988,24.357,0,6.83,5.403,19.026,0.582,0.557,0,0.539,0.177,0,0,0,0,0,0,0,0,0,0,0,0,1.538,75,"Ost"
"16052","Gera",90008,66519,65641,25729,15749,0,2523,3608,15083,228,565,0,1308,116,0,0,0,0,0,0,0,0,0,0,0,0,732,39.197,23.993,0,3.844,5.497,22.978,0.347,0.861,0,1.993,0.177,0,0,0,0,0,0,0,0,0,0,0,0,1.115,73.9,"Ost"
"16053","Jena",80414,62286,61711,25241,13443,0,6020,4133,10892,440,254,0,433,129,0,0,0,0,0,0,0,0,0,0,0,0,726,40.902,21.784,0,9.755,6.697,17.65,0.713,0.412,0,0.702,0.209,0,0,0,0,0,0,0,0,0,0,0,0,1.176,77.5,"Ost"
"16054","Suhl",37995,27785,27453,10852,6532,0,1083,1566,6698,134,91,0,229,51,0,0,0,0,0,0,0,0,0,0,0,0,217,39.529,23.793,0,3.945,5.704,24.398,0.488,0.331,0,0.834,0.186,0,0,0,0,0,0,0,0,0,0,0,0,0.79,73.1,"Ost"
"16055","Weimar",50819,38460,37992,14820,9511,0,3906,2193,6191,576,176,0,206,82,0,0,0,0,0,0,0,0,0,0,0,0,331,39.008,25.034,0,10.281,5.772,16.296,1.516,0.463,0,0.542,0.216,0,0,0,0,0,0,0,0,0,0,0,0,0.871,75.7,"Ost"
"16056","Eisenach",36279,26529,26219,11710,6241,0,1445,1392,4402,152,158,0,138,82,0,0,0,0,0,0,0,0,0,0,0,0,499,44.662,23.803,0,5.511,5.309,16.789,0.58,0.603,0,0.526,0.313,0,0,0,0,0,0,0,0,0,0,0,0,1.903,73.1,"Ost"
"16061","Eichsfeld",88975,69460,68527,20979,32785,0,2169,4259,6052,362,174,0,449,576,0,0,0,0,0,0,0,0,0,0,0,0,722,30.614,47.842,0,3.165,6.215,8.832,0.528,0.254,0,0.655,0.841,0,0,0,0,0,0,0,0,0,0,0,0,1.054,78.1,"Ost"
"16062","Nordhausen",79275,58377,57566,25449,15145,0,2088,3041,10173,343,146,0,424,150,0,0,0,0,0,0,0,0,0,0,0,0,607,44.208,26.309,0,3.627,5.283,17.672,0.596,0.254,0,0.737,0.261,0,0,0,0,0,0,0,0,0,0,0,0,1.054,73.6,"Ost"
"16063","Wartburgkreis",117505,88301,87035,36474,27061,0,2976,4711,12790,696,224,0,730,131,0,0,0,0,0,0,0,0,0,0,0,0,1242,41.907,31.092,0,3.419,5.413,14.695,0.8,0.257,0,0.839,0.151,0,0,0,0,0,0,0,0,0,0,0,0,1.427,75.1,"Ost"
"16064","Unstrut-Hainich-Kreis",95314,70600,69411,27730,21943,0,2471,4239,10761,522,229,0,510,104,0,0,0,0,0,0,0,0,0,0,0,0,902,39.95,31.613,0,3.56,6.107,15.503,0.752,0.33,0,0.735,0.15,0,0,0,0,0,0,0,0,0,0,0,0,1.3,74.1,"Ost"
"16065","Kyffhäuserkreis",76122,54849,53905,22957,15006,0,1596,2789,9713,368,181,0,543,82,0,0,0,0,0,0,0,0,0,0,0,0,670,42.588,27.838,0,2.961,5.174,18.019,0.683,0.336,0,1.007,0.152,0,0,0,0,0,0,0,0,0,0,0,0,1.243,72.1,"Ost"
"16066","Schmalkalden-Meiningen",117541,86472,85152,33444,26236,0,3220,4692,14978,586,237,0,595,137,0,0,0,0,0,0,0,0,0,0,0,0,1027,39.276,30.811,0,3.781,5.51,17.59,0.688,0.278,0,0.699,0.161,0,0,0,0,0,0,0,0,0,0,0,0,1.206,73.6,"Ost"
"16067","Gotha",121105,90417,89176,36643,26384,0,3420,5278,13977,713,468,0,696,244,0,0,0,0,0,0,0,0,0,0,0,0,1353,41.091,29.586,0,3.835,5.919,15.673,0.8,0.525,0,0.78,0.274,0,0,0,0,0,0,0,0,0,0,0,0,1.517,74.7,"Ost"
"16068","Sömmerda",65670,48349,47470,18552,14496,0,1645,3026,7910,444,167,0,437,73,0,0,0,0,0,0,0,0,0,0,0,0,720,39.082,30.537,0,3.465,6.375,16.663,0.935,0.352,0,0.921,0.154,0,0,0,0,0,0,0,0,0,0,0,0,1.517,73.6,"Ost"
"16069","Hildburghausen",60147,45065,44468,17994,13628,0,1224,2391,7890,479,93,0,367,73,0,0,0,0,0,0,0,0,0,0,0,0,329,40.465,30.647,0,2.753,5.377,17.743,1.077,0.209,0,0.825,0.164,0,0,0,0,0,0,0,0,0,0,0,0,0.74,74.9,"Ost"
"16070","Ilm-Kreis",98996,75589,74489,29588,22567,0,2901,4215,12532,511,325,0,607,144,0,0,0,0,0,0,0,0,0,0,0,0,1099,39.721,30.296,0,3.895,5.659,16.824,0.686,0.436,0,0.815,0.193,0,0,0,0,0,0,0,0,0,0,0,0,1.475,76.4,"Ost"
"16071","Weimarer Land",73324,55702,54806,21076,16899,0,2273,3771,8480,724,265,0,492,85,0,0,0,0,0,0,0,0,0,0,0,0,741,38.456,30.834,0,4.147,6.881,15.473,1.321,0.484,0,0.898,0.155,0,0,0,0,0,0,0,0,0,0,0,0,1.352,76,"Ost"
"16072","Sonneberg",56229,41270,40725,16067,12520,0,1120,1830,8000,369,85,0,436,52,0,0,0,0,0,0,0,0,0,0,0,0,246,39.452,30.743,0,2.75,4.494,19.644,0.906,0.209,0,1.071,0.128,0,0,0,0,0,0,0,0,0,0,0,0,0.604,73.4,"Ost"
"16073","Saalfeld-Rudolstadt",107626,80338,79129,31913,23094,0,2722,4528,13587,820,317,0,1052,136,0,0,0,0,0,0,0,0,0,0,0,0,960,40.33,29.185,0,3.44,5.722,17.171,1.036,0.401,0,1.329,0.172,0,0,0,0,0,0,0,0,0,0,0,0,1.213,74.6,"Ost"
"16074","Saale-Holzland-Kreis",76093,58520,57702,22952,16764,0,2072,3868,9717,475,252,0,657,98,0,0,0,0,0,0,0,0,0,0,0,0,847,39.777,29.053,0,3.591,6.703,16.84,0.823,0.437,0,1.139,0.17,0,0,0,0,0,0,0,0,0,0,0,0,1.468,76.9,"Ost"
"16075","Saale-Orla-Kreis",79540,60149,59356,23806,17733,0,1976,3470,10099,527,217,0,761,115,0,0,0,0,0,0,0,0,0,0,0,0,652,40.107,29.876,0,3.329,5.846,17.014,0.888,0.366,0,1.282,0.194,0,0,0,0,0,0,0,0,0,0,0,0,1.098,75.6,"Ost"
"16076","Greiz",101063,76833,75715,29279,23355,0,2613,5201,12149,591,371,0,1004,155,0,0,0,0,0,0,0,0,0,0,0,0,997,38.67,30.846,0,3.451,6.869,16.046,0.781,0.49,0,1.326,0.205,0,0,0,0,0,0,0,0,0,0,0,0,1.317,76,"Ost"
"16077","Altenburger Land",93361,66947,65868,26210,19797,0,2127,4187,10849,588,324,0,850,106,0,0,0,0,0,0,0,0,0,0,0,0,830,39.792,30.056,0,3.229,6.357,16.471,0.893,0.492,0,1.29,0.161,0,0,0,0,0,0,0,0,0,0,0,0,1.26,71.7,"Ost"
