KRS,Name,Art,Einwohner,CDU,SPD,FDP,DIE.LINKE,GRÜNE,CSU,PIRATEN,NPD,Tierschutzpartei,REP,ÖDP,FAMILIE,Bündnis.21.RRP,RENTNER,BP,PBC,BüSo,DIE.VIOLETTEN,MLPD,Volksabstimmung,PSG,AfD,BIG,pro.Deutschland,DIE.RECHTE,DIE.FRAUEN,FREIE.WÄHLER,Partei.der.Nichtwähler,PARTEI.DER.VERNUNFT,Die.PARTEI,Wahlbeteiligung,ost_west,Medianeinkommen,Arbeitslosenquote,Ausländeranteil,Schulabgänger.ohne.Abschluss,Kriminalität,Mietpreis,Mietsteigerung,Ländlichkeit
1001,Flensburg,krsfr. Stadt,84694,30.554,35.621,4.455,8.17,11.903,0,2.533,0.681,1.05,0,0,0,0,0.549,0,0,0,0,0.041,0,0,4.01,0,0,0,0,0.432,0,0,0,66.59034997,West,2867,10.5,7.9,6.1,12785,6.58,19.4,0
1002,Kiel,krsfr. Stadt,243148,29.106,35.252,5.118,7.252,14.396,0,2.846,0.577,0.857,0,0,0,0,0.561,0,0,0,0,0.052,0,0,3.656,0,0,0,0,0.327,0,0,0,70.44232493,West,3129,10.1,8.7,7.8,10725,7.35,15.6,0
1003,Lübeck,krsfr. Stadt,214420,33.653,34.547,4.681,6.602,11.212,0,2.474,0.789,0.711,0,0,0,0,0.35,0,0,0,0,0.082,0,0,4.277,0,0,0,0,0.62,0,0,0,67.75840322,West,2885,10.1,7.6,11.5,10671,7.37,13.2,0
1004,Neumünster,krsfr. Stadt,77588,35.975,35.777,4.887,5.476,7.512,0,1.96,1.599,0.853,0,0,0,0,0.467,0,0,0,0,0.051,0,0,4.989,0,0,0,0,0.452,0,0,0,65.40142401,West,2699,10.9,7.1,6.1,22449,6.01,15.6,0
1051,Dithmarschen,Landkreis,132685,43.502,30.23,6.483,4.843,6.312,0,1.944,0.745,0.713,0,0,0,0,0.454,0,0,0,0,0.043,0,0,4.129,0,0,0,0,0.6,0,0,0,69.43834444,West,2749,7.4,3.5,11.3,5536,5.62,10.3,74.4
1053,Herzogtum Lauenburg,Landkreis,190703,40.193,29.923,5.817,5.239,9.018,0,1.745,0.867,0.834,0,0,0,0,0.329,0,0,0,0,0.02,0,0,5.519,0,0,0,0,0.497,0,0,0,74.61902787,West,2676,6,5.2,7.8,5566,6.93,17.7,36.6
1054,Nordfriesland,Landkreis,162203,43.056,29.499,6.445,4.244,8.834,0,1.826,0.506,0.757,0,0,0,0,0.428,0,0,0,0,0.031,0,0,3.781,0,0,0,0,0.591,0,0,0,71.14755598,West,2619,6.4,4.3,7.6,5510,6.17,5.8,76.5
1055,Ostholstein,Landkreis,198355,41.131,31.665,6.258,4.295,7.856,0,1.581,0.562,0.703,0,0,0,0,0.381,0,0,0,0,0.019,0,0,5.007,0,0,0,0,0.542,0,0,0,72.97737282,West,2480,6.4,3.6,8.3,6828,6.93,13.3,33.3
1056,Pinneberg,Landkreis,304087,40.596,31.217,5.561,5.023,8.621,0,1.9,0.744,0.717,0,0,0,0,0.375,0,0,0,0,0.024,0,0,4.78,0,0,0,0,0.443,0,0,0,75.9963499,West,2864,5.4,7.6,5.8,6504,8.35,11,9.6
1057,Plön,Landkreis,126865,39.665,31.611,5.574,4.449,10.206,0,1.591,0.584,0.754,0,0,0,0,0.406,0,0,0,0,0.03,0,0,4.512,0,0,0,0,0.618,0,0,0,77.04601739,West,2610,5.7,2.7,8.4,4611,6.42,9.3,38.8
1058,Rendsburg-Eckernförde,Landkreis,268628,40.804,31.341,5.637,4.309,9.422,0,1.755,0.556,0.845,0,0,0,0,0.463,0,0,0,0,0.022,0,0,4.377,0,0,0,0,0.47,0,0,0,75.67818277,West,2778,5.5,3,7.6,4912,6.27,13.7,59.8
1059,Schleswig-Flensburg,Landkreis,195593,41.279,31.403,5.25,4.638,8.942,0,1.758,0.537,0.851,0,0,0,0,0.469,0,0,0,0,0.022,0,0,4.116,0,0,0,0,0.736,0,0,0,74.01339522,West,2565,7.3,3.3,9.2,4970,5.78,8.3,77.5
1060,Segeberg,Landkreis,264972,41.673,29.759,5.795,4.929,8.154,0,2.075,0.779,0.863,0,0,0,0,0.421,0,0,0,0,0.027,0,0,4.909,0,0,0,0,0.616,0,0,0,74.12598818,West,2816,5,5.3,6.7,5756,8.48,17.8,31.3
1061,Steinburg,Landkreis,130218,40.967,30.472,5.785,5.263,8.034,0,2.246,0.847,0.779,0,0,0,0,0.391,0,0,0,0,0.023,0,0,4.448,0,0,0,0,0.746,0,0,0,72.32675191,West,2815,6.3,4,9.1,5667,5.63,10.2,64.2
1062,Stormarn,Landkreis,236705,40.656,29.72,5.98,4.718,9.627,0,1.748,0.611,0.726,0,0,0,0,0.366,0,0,0,0,0.023,0,0,5.35,0,0,0,0,0.476,0,0,0,77.42537815,West,2873,4,5,6.2,5819,8.65,12.5,15.2
2000,Hamburg,krsfr. Stadt,1762791,32.097,32.431,4.812,8.789,12.665,0,2.751,0.635,0,0,0.22,0,0,0.429,0,0,0,0,0.047,0,0,4.169,0,0,0,0,0.321,0,0,0.633,70.30192259,West,3444,7.6,13.9,4.9,13803,10.65,6.7,0
3101,Braunschweig,krsfr. Stadt,248502,34.03,33.553,4.367,6.696,12.379,0,2.93,0.73,0.91,0.068,0,0,0,0,0,0.09,0,0,0.07,0,0,3.579,0,0.089,0,0,0.509,0,0,0,74.17582134,West,3247,6.8,8.5,5.6,10260,7.6,26.4,0
3102,Salzgitter,krsfr. Stadt,98966,33.25,41.863,2.971,6.941,5.842,0,1.326,1.535,0.772,0.239,0,0,0,0,0,0.166,0,0,0.025,0,0,3.917,0,0.141,0,0,1.013,0,0,0,68.84034906,West,3785,9.4,10.7,3.7,6446,5.06,4.4,0
3103,Wolfsburg,krsfr. Stadt,123027,41.89,33.995,3.67,5.1,6.903,0,1.926,1.107,0.774,0.038,0,0,0,0,0,0.239,0,0,0.034,0,0,3.809,0,0.105,0,0,0.411,0,0,0,69.67862183,West,4504,4.8,11.7,3.8,7808,8.46,46,0
3151,Gifhorn,Landkreis,172541,43.955,32.155,3.716,4.532,7.353,0,1.871,0.952,0.79,0.055,0,0,0,0,0,0.536,0,0,0.028,0,0,3.561,0,0.087,0,0,0.41,0,0,0,73.9093223,West,2907,4.9,4.8,3.5,4495,6.75,30,53.2
3152,Göttingen,Landkreis,250220,35.428,32.763,4.046,6.422,13.017,0,1.99,0.69,0.7,0.052,0,0,0,0,0,0.09,0,0,0.04,0,0,3.718,0,0.14,0,0,0.904,0,0,0,75.21810195,West,2981,6.3,6.9,4,8722,7.9,30.4,25.2
3153,Goslar,Landkreis,137256,38.3,37.226,4.207,5.572,6.45,0,1.552,0.963,0.821,0.09,0,0,0,0,0,0.064,0,0,0.037,0,0,4.133,0,0.131,0,0,0.455,0,0,0,70.82929691,West,2727,8.6,6,7.8,7058,5.09,8.5,8.9
3154,Helmstedt,Landkreis,90908,39.547,36.074,3.601,4.814,6.699,0,1.808,1.821,1.016,0.032,0,0,0,0,0,0.107,0,0,0.023,0,0,3.718,0,0.143,0,0,0.596,0,0,0,71.89361389,West,2536,7.2,4.4,5,6544,5.12,7.9,49.3
3155,Northeim,Landkreis,133905,37.473,39.192,3.835,4.536,7.143,0,1.283,1.069,0.679,0.059,0,0,0,0,0,0.113,0,0,0.015,0,0,3.88,0,0.182,0,0,0.54,0,0,0,72.6396778,West,2757,6.9,4.1,5.7,5667,4.98,10.6,76.1
3156,Osterode am Harz,Landkreis,73793,38.092,38.509,3.868,5.324,6.126,0,1.481,1.247,0.769,0.073,0,0,0,0,0,0.075,0,0,0.032,0,0,3.53,0,0.156,0,0,0.719,0,0,0,71.40981086,West,2796,7.6,4.1,5.9,5423,4.63,0.7,10
3157,Peine,Landkreis,130601,35.941,40.598,3.292,4.867,7.36,0,1.641,0.98,0.798,0.108,0,0,0,0,0,0.173,0,0,0.029,0,0,3.599,0,0.182,0,0,0.432,0,0,0,75.41323319,West,2800,6.1,5.2,3.4,5013,5.8,17,16.4
3158,Wolfenbüttel,Landkreis,120035,36.683,36.938,3.805,5.019,9.009,0,1.656,1.004,0.933,0.077,0,0,0,0,0,0.09,0,0,0.019,0,0,4.085,0,0.116,0,0,0.566,0,0,0,76.62976377,West,2786,6,4.1,3.8,4033,6.17,14.3,46.1
3241,Region Hannover,Landkreis,1128037,36.318,34.763,4.486,5.727,10.87,0,1.732,0.726,0.791,0.09,0,0,0,0,0,0.106,0,0,0.042,0,0,3.752,0,0.135,0,0,0.462,0,0,0,74.40944092,West,3194,8.2,10.6,4.6,10737,7.42,22.4,7.4
3251,Diepholz,Landkreis,211093,43.244,31.5,5.026,4.536,8.342,0,1.532,0.803,0.842,0.073,0,0,0,0,0,0.092,0,0,0.015,0,0,3.388,0,0.121,0,0,0.485,0,0,0,73.82782338,West,2669,4.6,5.1,2.5,5606,6.23,12.8,51.2
3252,Hameln-Pyrmont,Landkreis,147813,38.135,35.291,3.977,5.616,8.631,0,1.724,0.891,0.779,0.079,0,0,0,0,0,0.103,0,0,0.02,0,0,4.302,0,0.115,0,0,0.339,0,0,0,71.36422352,West,2970,7.9,7.2,5.7,6468,5.09,10.2,37.2
3254,Hildesheim,Landkreis,274554,38.676,36.393,3.429,4.982,8.949,0,1.802,0.909,0.741,0.056,0,0,0,0,0,0.093,0,0,0.019,0,0,3.436,0,0.236,0,0,0.279,0,0,0,75.0536273,West,2885,7.4,5.6,5.9,6353,5.5,9.9,24.6
3255,Holzminden,Landkreis,71438,36.676,37.554,5.537,4.699,8.24,0,1.367,0.996,0.742,0.067,0,0,0,0,0,0.216,0,0,0.029,0,0,3.475,0,0.084,0,0,0.319,0,0,0,72.69347287,West,2934,7.7,4.6,7.7,5100,4.38,5.5,51.2
3256,Nienburg,Landkreis,119631,43.459,33.616,3.642,4.183,7.712,0,1.395,0.975,0.757,0.079,0,0,0,0,0,0.119,0,0,0.021,0,0,3.588,0,0.109,0,0,0.346,0,0,0,70.99195879,West,2671,6.1,4.7,9,5304,5.11,11.1,74.3
3257,Schaumburg,Landkreis,155847,38.529,37.307,3.593,4.342,8.173,0,1.562,0.816,0.853,0.078,0,0,0,0,0,0.169,0,0,0.032,0,0,4.126,0,0.116,0,0,0.305,0,0,0,73.51467945,West,2750,7.1,5.7,2,6109,5.14,7.8,15.3
3351,Celle,Landkreis,176157,45.532,29.033,4.415,4.324,7.027,0,1.583,1.068,0.748,0.115,0,0,0,0,0,0.128,0,0,0.015,0,0,5.19,0,0.092,0,0,0.733,0,0,0,72.54807796,West,2984,7.5,5.2,4.8,7538,5.76,9.8,46.6
3352,Cuxhaven,Landkreis,196787,43.43,33.678,3.525,4.796,7.169,0,1.47,0.901,0.813,0.031,0,0,0,0,0,0.072,0,0,0.023,0,0,3.544,0,0.101,0,0,0.446,0,0,0,73.28373373,West,2670,6.1,4.7,6.8,5287,5.58,10.4,66.1
3353,Harburg,Landkreis,245199,42.813,28.308,4.869,4.381,9.286,0,1.648,0.787,0.901,0.049,0,0,0,0,0,0.105,0,0,0.022,0,0,5.982,0,0.093,0,0,0.755,0,0,0,78.426633,West,2632,4.7,5.4,2.7,5970,8.22,12.5,31.5
3354,Lüchow-Dannenberg,Landkreis,48728,36.624,27.299,3.622,8.904,15.569,0,1.706,0.737,0.867,0.025,0,0,0,0,0,0.225,0,0,0.042,0,0,3.903,0,0.147,0,0,0.33,0,0,0,72.2851332,West,2485,9.9,4.4,7.8,5715,4.54,12.6,100
3355,Lüneburg,Landkreis,178122,36.874,29.48,4.089,6.413,13.91,0,2.419,0.9,0.803,0.038,0,0,0,0,0,0.109,0,0,0.017,0,0,4.561,0,0.09,0,0,0.296,0,0,0,75.25387455,West,2728,6.3,4.5,3.7,7371,8.04,21.7,36.4
3356,Osterholz,Landkreis,111484,38.45,34.182,3.54,6.096,9.51,0,1.865,0.965,0.918,0.078,0,0,0,0,0,0.081,0,0,0.058,0,0,3.878,0,0.113,0,0,0.268,0,0,0,74.88453433,West,2580,4.6,4.2,5,5568,5.89,11,43.4
3357,Rotenburg,Landkreis,161842,46.448,29.688,4.248,4.038,8.087,0,1.428,0.909,0.721,0.055,0,0,0,0,0,0.123,0,0,0.015,0,0,3.571,0,0.092,0,0,0.577,0,0,0,74.11507534,West,2689,4.4,4.5,4.8,6306,5.87,14.3,87
3358,Heidekreis,Landkreis,136200,43.496,32.085,3.857,4.564,7.81,0,1.349,1.136,0.872,0.055,0,0,0,0,0,0.137,0,0,0.017,0,0,3.923,0,0.122,0,0,0.576,0,0,0,72.83562324,West,2757,6.5,4.9,5.3,8258,5.38,9.8,92.1
3359,Stade,Landkreis,197448,43.305,31.735,4.196,4.315,7.999,0,1.511,0.93,0.684,0.03,0,0,0,0,0,0.076,0,0,0.024,0,0,4.684,0,0.081,0,0,0.431,0,0,0,74.00946071,West,2954,6,5.8,3.8,5989,7.26,12.2,39.6
3360,Uelzen,Landkreis,92533,41.334,32.153,3.699,4.962,9.069,0,1.96,0.793,0.764,0.061,0,0,0,0,0,0.099,0,0,0.022,0,0,4.543,0,0.094,0,0,0.446,0,0,0,73.70004751,West,2586,6.9,3.7,4,6555,5.38,11,63.9
3361,Verden,Landkreis,133215,41.258,32.194,3.753,5.165,9.623,0,1.844,0.886,0.835,0.05,0,0,0,0,0,0.177,0,0,0.026,0,0,3.792,0,0.117,0,0,0.279,0,0,0,74.8025163,West,2801,5.4,5.2,3.5,6523,6.55,12.5,34.5
3401,Delmenhorst,krsfr. Stadt,74804,37.106,36.32,3.494,6.606,6.855,0,2.015,1.445,1.019,0.099,0,0,0,0,0,0.06,0,0,0.029,0,0,4.132,0,0.163,0,0,0.656,0,0,0,67.38378528,West,2724,10.7,9.5,6.3,8835,6.08,16.5,0
3402,Emden,krsfr. Stadt,50016,25.981,48.591,3.135,6.046,9.158,0,1.782,0.854,0.734,0.073,0,0,0,0,0,0.182,0,0,0.046,0,0,3.019,0,0.085,0,0,0.313,0,0,0,67.19817183,West,3438,8.9,6.4,10.9,9193,6.17,12.2,0
3403,Oldenburg,krsfr. Stadt,160907,30.897,33.482,4.362,8.021,14.984,0,2.052,0.656,0.808,0.026,0,0,0,0,0,0.084,0,0,0.052,0,0,3.878,0,0.064,0,0,0.634,0,0,0,74.2030208,West,2960,8.4,6.7,4.5,9072,7.85,12.3,0
3404,Osnabrück,krsfr. Stadt,156897,38.92,30.979,4.549,5.957,12.938,0,2.181,0.447,0.636,0.032,0,0,0,0,0,0.161,0,0,0.033,0,0,2.751,0,0.066,0,0,0.349,0,0,0,71.50475018,West,3048,8.1,9.9,4.2,11317,7.2,19.1,0
3405,Wilhelmshaven,krsfr. Stadt,75534,36.628,36.273,3.588,6.54,7.225,0,1.745,1.084,0.935,0.077,0,0,0,0,0,0.049,0,0,0.097,0,0,4.577,0,0.139,0,0,1.042,0,0,0,68.06379764,West,3031,12.3,4.5,4.1,13477,5.03,7.5,0
3451,Ammerland,Landkreis,119917,40.904,31.426,5.995,4.458,9.062,0,1.371,0.636,0.805,0.043,0,0,0,0,0,0.078,0,0,0.02,0,0,4.66,0,0.059,0,0,0.484,0,0,0,74.19548904,West,2652,4.6,3.6,3.4,4180,6.45,15.8,40.7
3452,Aurich,Landkreis,187998,34.037,42.667,3.293,4.71,8.118,0,1.349,0.973,0.82,0.085,0,0,0,0,0,0.106,0,0,0.022,0,0,3.145,0,0.082,0,0,0.593,0,0,0,71.08937721,West,2573,7.8,3.8,8.3,5944,6.06,18.1,32.1
3453,Cloppenburg,Landkreis,162350,62.936,20.557,4.355,2.973,3.818,0,1.114,0.608,0.443,0.031,0,0,0,0,0,0.232,0,0,0.011,0,0,2.443,0,0.073,0,0,0.408,0,0,0,69.48458533,West,2512,5.6,7.1,4.3,4796,5.61,13.9,79.5
3454,Emsland,Landkreis,315757,60.389,22.206,4.331,2.978,4.753,0,1.364,0.547,0.494,0.037,0,0,0,0,0,0.062,0,0,0.011,0,0,2.499,0,0.087,0,0,0.242,0,0,0,73.93554518,West,2828,3.5,7.6,5.3,5804,5.8,14.2,61
3455,Friesland,Landkreis,96937,37.657,36.48,4.684,4.956,7.769,0,1.502,0.824,0.929,0.067,0,0,0,0,0,0.067,0,0,0.04,0,0,4.111,0,0.096,0,0,0.817,0,0,0,73.45503516,West,2695,6,2.6,3.5,5789,5.73,15.9,30.1
3456,Grafschaft Bentheim,Landkreis,134329,50.756,30.675,4.163,3.244,5.828,0,1.465,0.465,0.464,0.027,0,0,0,0,0,0.108,0,0,0.014,0,0,2.535,0,0.084,0,0,0.172,0,0,0,74.15803578,West,2686,4.4,12.3,5.6,6186,5.97,12.4,49.6
3457,Leer,Landkreis,165809,38.667,38.612,3.445,4.886,6.965,0,1.408,0.941,0.722,0.062,0,0,0,0,0,0.233,0,0,0.017,0,0,3.4,0,0.1,0,0,0.543,0,0,0,71.18523997,West,2622,6.5,5.7,6.9,5991,5.82,14.2,24
3458,Oldenburg,Landkreis,126798,41.184,30.101,5.977,5.2,9.147,0,1.552,0.868,0.824,0.047,0,0,0,0,0,0.063,0,0,0.017,0,0,4.146,0,0.108,0,0,0.765,0,0,0,75.54957787,West,2538,4.7,5.7,4.6,5001,6.22,15.7,60.9
3459,Osnabrück,Landkreis,351316,48.325,29.503,4.305,3.958,7.729,0,1.565,0.62,0.538,0.029,0,0,0,0,0,0.267,0,0,0.014,0,0,2.744,0,0.076,0,0,0.327,0,0,0,74.2901122,West,2680,4,5.7,4.9,6793,5.68,13.4,38.5
3460,Vechta,Landkreis,136184,63.47,18.894,4.952,2.588,4.742,0,1.277,0.537,0.45,0.036,0,0,0,0,0,0.088,0,0,0.017,0,0,2.233,0,0.063,0,0,0.654,0,0,0,72.99089569,West,2675,3.9,8.3,5.8,5297,6.75,32,29.3
3461,Wesermarsch,Landkreis,88765,36.947,38.572,4.686,5.014,7.548,0,1.349,0.855,0.803,0.05,0,0,0,0,0,0.021,0,0,0.036,0,0,3.515,0,0.084,0,0,0.523,0,0,0,69.00774382,West,3264,7.4,5.4,4.3,5596,4.76,7.6,45.7
3462,Wittmund,Landkreis,56539,42.081,35.838,4.494,3.577,6.741,0,1.224,0.833,0.805,0.048,0,0,0,0,0,0.071,0,0,0.016,0,0,3.583,0,0.106,0,0,0.583,0,0,0,69.14648844,West,2483,7,3.2,3.6,5847,5.28,13.5,100
4011,Bremen,krsfr. Stadt,551767,29.071,34.94,3.502,10.267,12.838,0,2.647,1.028,1.03,0,0,0,0.1,0,0,0,0,0,0.045,0,0,3.656,0,0.137,0,0,0.237,0,0,0.5,69.86593715,West,3331,10.1,13.6,6.7,13951,7.68,21.1,0
4012,Bremerhaven,krsfr. Stadt,110121,30.4,38.962,2.869,9.24,8.493,0,2.144,1.51,1.166,0,0,0,0.223,0,0,0,0,0,0.057,0,0,4.158,0,0.164,0,0,0.3,0,0,0.313,63.84902031,West,3041,14.7,12.4,4.8,12796,5,10.9,0
5111,Düsseldorf,krsfr. Stadt,604527,38.787,28.174,7.611,7.03,9.56,0,2.309,0.603,0,0.308,0.123,0,0.042,0,0,0,0.038,0,0.047,0.148,0.021,4.221,0.093,0.16,0.013,0,0.165,0.126,0.058,0.364,73.32917408,West,3690,8.8,17.7,6.8,13938,9.87,13.9,0
5112,Duisburg,krsfr. Stadt,485465,28.414,40.942,3.09,8.303,6.111,0,2.382,2.787,0,0.275,0.103,0,0.085,0,0,0,0.03,0,0.182,0.229,0.042,5.15,0.299,0.758,0.062,0,0.156,0.133,0.073,0.393,67.44128825,West,3326,13.1,16.3,7,11454,5.47,9.3,0
5113,Essen,krsfr. Stadt,573784,32.94,37.315,4.564,7.093,8.216,0,2.237,1.428,0,0.229,0.104,0,0.048,0,0,0,0.063,0,0.098,0.154,0.022,4.111,0.137,0.298,0.023,0,0.168,0.136,0.073,0.545,71.3052074,West,3304,12.4,12.1,9.3,11574,6.36,11.7,0
5114,Krefeld,krsfr. Stadt,222500,38.912,31.093,6.49,6.585,7.971,0,2.284,0.962,0,0.1,0.121,0,0.05,0,0,0,0.023,0,0.055,0.173,0.024,3.748,0.16,0.221,0.019,0,0.353,0.104,0.078,0.475,68.87774453,West,3352,11.2,12.4,7.4,10321,6.42,12.6,0
5116,Mönchengladbach,krsfr. Stadt,256853,43.695,28.145,5.887,6.416,6.187,0,2.5,1.063,0,0.115,0.125,0,0.036,0,0,0,0.016,0,0.024,0.158,0.018,4.173,0.098,0.246,0.016,0,0.251,0.142,0.098,0.591,66.20388632,West,2950,11.4,11.7,6.8,9155,6.05,9.4,0
5117,Mülheim an der Ruhr,krsfr. Stadt,167108,34.519,36.908,5.097,6.468,7.601,0,2.033,1.081,0,0.128,0.108,0,0.047,0,0,0,0.025,0,0.083,0.142,0.031,4.614,0.175,0.297,0.033,0,0.113,0.103,0.051,0.343,75.08022916,West,3373,7.9,12,4.6,8688,6.38,11.4,0
5119,Oberhausen,krsfr. Stadt,209292,29.572,41.711,3.086,8.125,6.452,0,2.695,2.169,0,0.153,0.118,0,0.069,0,0,0,0.029,0,0.075,0.217,0.027,4.203,0.095,0.439,0.038,0,0.161,0.115,0.087,0.363,69.36028449,West,3145,12,12,4.7,9048,5.71,10.5,0
5120,Remscheid,krsfr. Stadt,109009,40.029,30.42,5.691,7.211,6.816,0,2.385,1.073,0,0.221,0.139,0,0.057,0,0,0,0.024,0,0.054,0.222,0.019,4.17,0.2,0.365,0.03,0,0.198,0.106,0.091,0.478,69.03462219,West,3177,8.7,14.6,8.1,7200,5.52,5.2,0
5122,Solingen,krsfr. Stadt,156771,38.369,30.181,6.21,6.693,8.298,0,2.615,0.99,0,0.186,0.139,0,0.045,0,0,0,0.018,0,0.178,0.177,0.03,4.479,0.174,0.299,0.006,0,0.216,0.128,0.085,0.483,70.9473962,West,2938,9.4,13.8,7.3,7277,6.31,7.9,0
5124,Wuppertal,krsfr. Stadt,345425,33.857,32.069,5.805,8.277,9.866,0,2.416,1.088,0,0.276,0.137,0,0.04,0,0,0,0.014,0,0.081,0.219,0.023,4.148,0.12,0.318,0.049,0,0.3,0.158,0.087,0.653,69.62127022,West,3191,10.8,15.2,6.8,10731,5.85,9.2,0
5154,Kleve,Landkreis,304963,48.597,27.006,5.678,4.572,6.154,0,2.005,0.807,0,0.072,0.124,0,0.059,0,0,0,0.015,0,0.019,0.175,0.014,3.934,0.029,0.191,0.019,0,0.146,0.086,0.063,0.235,71.68136107,West,2748,6.7,11.5,6.7,7949,6.14,8.1,9.5
5158,Mettmann,Landkreis,477760,42.235,29.414,6.222,5.265,7.324,0,2.148,0.863,0,0.175,0.137,0,0.055,0,0,0,0.026,0,0.021,0.177,0.019,4.915,0.089,0.209,0.031,0,0.183,0.137,0.064,0.293,74.78877908,West,3291,6.9,9.8,3.6,6801,7.28,6.8,0
5162,Rhein-Kreis Neuss,Landkreis,442522,46.948,26.212,7.048,4.697,6.234,0,2.226,0.848,0,0.131,0.116,0,0.055,0,0,0,0.025,0,0.022,0.2,0.022,4.039,0.094,0.21,0.015,0,0.368,0.103,0.061,0.325,74.66468674,West,3263,6.5,9.8,4.2,6957,7.59,9.1,0
5166,Viersen,Landkreis,295067,46.29,26.601,6.329,5.366,6.699,0,2.089,0.939,0,0.087,0.123,0,0.06,0,0,0,0.022,0,0.019,0.214,0.026,4.105,0.063,0.183,0.012,0,0.276,0.096,0.068,0.333,73.5796091,West,2882,7.2,7.7,4.6,6320,6.38,7.3,0
5170,Wesel,Landkreis,457244,36.629,36.992,4.388,6.462,6.545,0,2.034,1.232,0,0.156,0.097,0,0.123,0,0,0,0.023,0,0.046,0.17,0.025,3.888,0.085,0.304,0.024,0,0.207,0.106,0.073,0.393,74.01449046,West,2894,7.7,7.1,5.4,6614,6.08,9,5.9
5314,Bonn,krsfr. Stadt,313958,36.276,25.923,8.323,6.343,13.672,0,2.55,0.462,0,0.053,0.169,0,0.027,0,0,0,0.014,0,0.024,0.114,0.012,4.265,0.551,0.207,0.011,0,0.178,0.125,0.076,0.623,77.27330928,West,3621,7.2,13.3,4.1,11474,9.27,11.6,0
5315,Köln,krsfr. Stadt,1046680,32.997,29.786,6.023,8.097,14.132,0,2.552,0.641,0,0.096,0.173,0,0.044,0,0,0,0.033,0,0.052,0.155,0.022,3.546,0.18,0.267,0.011,0,0.265,0.194,0.074,0.661,72.49967125,West,3506,9.6,17.6,5.2,14857,10.1,14.8,0
5316,Leverkusen,krsfr. Stadt,161540,39.486,32.131,5.205,5.855,7.721,0,2.288,1.112,0,0.121,0.114,0,0.046,0,0,0,0.021,0,0.08,0.214,0.015,3.839,0.131,0.321,0.014,0,0.474,0.143,0.056,0.611,72.02915748,West,3951,8.6,12.9,3.7,8641,7.38,12.2,0
5334,Städteregion Aachen,Landkreis,547661,38.936,30.23,5.533,7.022,9.376,0,2.836,0.804,0,0.307,0.147,0,0.04,0,0,0,0.016,0,0.017,0.161,0.015,3.21,0.079,0.162,0.034,0,0.374,0.127,0.066,0.509,73.23466599,West,3158,8.9,11.8,4.7,10254,7.47,18.1,4.9
5358,Düren,Landkreis,259073,44.282,29.657,4.95,5.66,6.084,0,2.424,1.091,0,0.128,0.103,0,0.052,0,0,0,0.024,0,0.022,0.26,0.028,3.995,0.047,0.217,0.032,0,0.24,0.166,0.085,0.454,72.93460286,West,3110,8.2,8.1,4.3,7196,5.93,12,15.4
5362,Rhein-Erft-Kreis,Landkreis,459448,42.264,30.666,5.749,5.143,7.125,0,2.128,0.978,0,0.129,0.122,0,0.061,0,0,0,0.022,0,0.014,0.226,0.022,3.74,0.115,0.364,0.031,0,0.398,0.169,0.123,0.411,73.94791791,West,3074,7.6,10.2,5.2,7753,7.8,14,0
5366,Euskirchen,Landkreis,188158,46.901,24.438,7.158,5.261,6.716,0,2.274,0.985,0,0.109,0.123,0,0.049,0,0,0,0.015,0,0.017,0.301,0.021,4.306,0.033,0.269,0.014,0,0.316,0.162,0.124,0.409,71.68276734,West,2914,6.1,5.4,4.9,6081,5.93,8.6,30.8
5370,Heinsberg,Landkreis,249310,49.32,26.308,4.933,5.213,5.531,0,2.276,1.076,0,0.191,0.109,0,0.058,0,0,0,0.022,0,0.014,0.174,0.033,3.507,0.045,0.189,0.02,0,0.329,0.147,0.084,0.419,71.45262554,West,2779,7.1,9.5,6,7088,5.9,10.8,0
5374,Oberbergischer Kreis,Landkreis,270618,45.276,26.98,5.671,5.408,6.947,0,1.913,0.892,0,0.102,0.176,0,0.048,0,0,0,0.012,0,0.017,0.244,0.021,5.027,0.054,0.318,0.014,0,0.244,0.127,0.087,0.422,72.05774208,West,3142,5.9,7.4,3.9,4718,5.67,8.6,0
5378,Rheinisch-Bergischer Kreis,Landkreis,279497,43.691,26.068,6.962,5.052,9.011,0,1.974,0.685,0,0.092,0.158,0,0.047,0,0,0,0.015,0,0.018,0.175,0.014,4.737,0.071,0.207,0.017,0,0.276,0.177,0.091,0.461,78.15159833,West,3040,6.4,7.5,3.4,5211,7.61,9.7,0
5382,Rhein-Sieg-Kreis,Landkreis,585781,44.371,25.666,7.272,5.074,8.428,0,2.078,0.766,0,0.078,0.152,0,0.053,0,0,0,0.013,0,0.011,0.369,0.016,4.458,0.089,0.184,0.009,0,0.335,0.11,0.076,0.39,75.25927777,West,2914,6,7.9,4.6,5812,7.35,11.4,0
5512,Bottrop,krsfr. Stadt,116017,33.186,42.005,3.185,6.407,5.504,0,1.936,1.609,0,0.231,0.558,0,0.041,0,0,0,0.016,0,0.115,0.17,0.044,3.908,0.124,0.332,0.028,0,0.112,0.091,0.058,0.341,71.70215376,West,3064,8.5,8.4,3.9,7616,6.03,5.2,0
5513,Gelsenkirchen,krsfr. Stadt,257651,27.688,44.049,2.965,7.593,5.484,0,2.197,2.191,0,0.396,0.07,0,0.069,0,0,0,0.015,0,0.34,0.175,0.019,4.748,0.389,0.6,0.041,0,0.383,0.103,0.096,0.39,65.27144085,West,3074,14.7,15.3,10.6,10257,5.22,10.9,0
5515,Münster,krsfr. Stadt,302178,37.822,27.169,6.778,6.294,15.166,0,2.258,0.274,0,0.03,0.333,0,0.029,0,0,0,0.012,0,0.029,0.069,0.015,2.928,0.033,0.078,0.013,0,0.109,0.122,0.063,0.376,79.0706966,West,3241,6,8.4,4.7,9873,9.14,9.7,0
5554,Borken,Landkreis,365191,53.366,25.656,5.245,3.758,5.838,0,1.697,0.634,0,0.072,0.1,0,0.039,0,0,0,0.01,0,0.013,0.118,0.015,2.766,0.019,0.112,0.01,0,0.151,0.082,0.049,0.25,74.91983086,West,2940,4.4,7.1,5.2,6688,6.03,9.8,6.3
5558,Coesfeld,Landkreis,215996,50.15,25.713,5.584,4.166,7.978,0,1.775,0.563,0,0.077,0.122,0,0.044,0,0,0,0.008,0,0.016,0.119,0.021,2.848,0.013,0.172,0.01,0,0.181,0.062,0.059,0.32,78.26171005,West,2825,3.4,4.2,3.9,6361,6.05,9.5,17.2
5562,Recklinghausen,Landkreis,613092,34.722,39.622,3.529,6.427,5.912,0,2.238,1.309,0,0.187,0.116,0,0.06,0,0,0,0.022,0,0.087,0.211,0.036,4.272,0.145,0.347,0.042,0,0.164,0.127,0.082,0.34,71.58610634,West,2995,11,8.5,6.5,7896,5.53,8.2,0
5566,Steinfurt,Landkreis,437127,45.361,31.407,4.896,4.591,7.375,0,1.794,0.633,0,0.073,0.105,0,0.036,0,0,0,0.012,0,0.015,0.103,0.016,2.763,0.039,0.086,0.014,0,0.209,0.091,0.069,0.312,75.30304646,West,2839,4.9,6.2,5.8,6000,5.83,9.8,14.6
5570,Warendorf,Landkreis,273412,47.124,29.137,5.421,4.381,7.222,0,1.995,0.696,0,0.078,0.114,0,0.034,0,0,0,0.016,0,0.015,0.142,0.019,2.92,0.034,0.094,0.003,0,0.241,0.059,0.045,0.21,75.15152956,West,3043,5.9,7.2,3.4,5332,5.75,10.9,22.1
5711,Bielefeld,krsfr. Stadt,329782,35.183,32.679,3.959,8.483,11.636,0,2.377,0.705,0,0.074,0.153,0,0.036,0,0,0,0.023,0,0.057,0.178,0.028,3.408,0.111,0.19,0.019,0,0.125,0.107,0.053,0.418,72.5320736,West,3137,9.5,11.9,5.4,8499,6.7,14.7,0
5754,Gütersloh,Landkreis,354463,46.361,28.517,4.907,4.957,7.91,0,1.863,0.761,0,0.082,0.215,0,0.091,0,0,0,0.012,0,0.011,0.136,0.025,3.223,0.063,0.144,0.011,0,0.271,0.102,0.067,0.269,72.62845887,West,3041,5.4,9.6,4.8,5244,6.38,16.8,0
5758,Herford,Landkreis,249219,38.941,35.326,4.123,5.88,7.615,0,2.105,0.798,0,0.132,0.123,0,0.046,0,0,0,0.021,0,0.025,0.17,0.017,3.534,0.046,0.207,0.014,0,0.395,0.112,0.066,0.303,71.13135687,West,2885,6.4,6.7,4.1,4951,5.31,7.1,0
5762,Höxter,Landkreis,142770,51.705,25.582,5.049,4.474,5.463,0,1.807,0.827,0,0.06,0.332,0,0.043,0,0,0,0.011,0,0.012,0.134,0.019,3.618,0.036,0.119,0.017,0,0.33,0.085,0.067,0.207,73.72598491,West,2769,5.4,4,6.3,4820,4.55,11.4,57.5
5766,Lippe,Landkreis,345127,39.128,34.869,4.575,5.405,7.611,0,1.973,0.779,0,0.091,0.132,0,0.043,0,0,0,0.016,0,0.02,0.178,0.025,3.74,0.062,0.187,0.017,0,0.677,0.075,0.067,0.331,72.71515914,West,2996,7.6,6,5,4354,5.46,9.2,17.7
5770,Minden-Lübbecke,Landkreis,309216,41.139,34.148,4.607,5.016,7.335,0,1.988,0.657,0,0.159,0.1,0,0.044,0,0,0,0.01,0,0.019,0.182,0.024,3.645,0.026,0.174,0.018,0,0.283,0.096,0.064,0.27,70.42083215,West,2908,5.9,5.4,6.1,5151,5.61,12.6,17.5
5774,Paderborn,Landkreis,299071,51.389,23.156,5.048,5.284,7.218,0,2.113,0.776,0,0.075,0.162,0,0.044,0,0,0,0.018,0,0.011,0.146,0.016,3.611,0.071,0.136,0.014,0,0.285,0.109,0.071,0.247,71.00555756,West,2919,6.3,6.9,5.4,6066,6.49,18.2,17.9
5911,Bochum,krsfr. Stadt,361876,29.843,39.735,3.615,7.952,9.171,0,2.542,1.362,0,0.132,0.159,0,0.054,0,0,0,0.021,0,0.12,0.178,0.028,3.85,0.118,0.273,0.037,0,0.187,0.121,0.051,0.453,72.30186522,West,3168,10.1,9.5,6.1,10513,6.21,11.9,0
5913,Dortmund,krsfr. Stadt,580511,29.037,39.46,3.967,7.838,9.579,0,2.61,1.336,0,0.112,0.105,0,0.077,0,0,0,0.017,0,0.079,0.212,0.023,4.103,0.141,0.195,0.062,0,0.369,0.102,0.091,0.485,68.11744765,West,3181,12.8,14.4,7.8,14399,6.41,20.8,0
5914,Hagen,krsfr. Stadt,186716,34.585,37.259,4.271,7.067,6.558,0,2.219,1.205,0,0.271,0.121,0,0.138,0,0,0,0.017,0,0.083,0.235,0.024,4.353,0.109,0.644,0.014,0,0.217,0.129,0.084,0.397,67.09250007,West,3151,10.4,13.9,6.3,9172,5.16,6.6,0
5915,Hamm,krsfr. Stadt,176580,37.872,37.972,3.874,6.233,5.913,0,2.016,1.162,0,0.206,0.054,0,0.037,0,0,0,0.009,0,0.025,0.171,0.023,3.074,0.148,0.304,0.07,0,0.348,0.071,0.075,0.343,69.71174094,West,2903,9.8,11.7,6.5,8610,5.69,13.8,0
5916,Herne,krsfr. Stadt,154608,28.341,44.192,2.794,8.123,5.953,0,2.453,1.833,0,0.447,0.097,0,0.066,0,0,0,0.023,0,0.133,0.202,0.027,3.969,0.238,0.376,0.036,0,0.168,0.127,0.075,0.327,68.3276403,West,3132,13.4,13.2,5.4,10076,5.44,9.3,0
5954,Ennepe-Ruhr-Kreis,Landkreis,322916,34.055,37.538,4.634,6.338,8.478,0,2.235,0.936,0,0.115,0.126,0,0.068,0,0,0,0.013,0,0.094,0.167,0.026,4.047,0.099,0.257,0.032,0,0.199,0.116,0.06,0.369,73.91131902,West,3130,7.4,8,5.1,6454,5.83,8,0
5958,Hochsauerlandkreis,Landkreis,261561,49.671,28.027,5.082,4.702,4.773,0,1.959,0.846,0,0.107,0.115,0,0.057,0,0,0,0.013,0,0.015,0.213,0.026,3.426,0.029,0.185,0.015,0,0.355,0.087,0.059,0.239,73.67248043,West,3017,5.2,6.5,4.7,4872,5.03,9.7,67.6
5962,Märkischer Kreis,Landkreis,413820,41.36,32.182,4.803,5.833,5.77,0,2.201,1.158,0,0.177,0.109,0,0.076,0,0,0,0.016,0,0.027,0.256,0.026,4.745,0.096,0.218,0.017,0,0.321,0.123,0.077,0.409,69.95891741,West,3125,6.9,10.6,6.8,6166,5.29,6.1,1.7
5966,Olpe,Landkreis,134759,54.531,24.541,4.904,3.88,4.218,0,1.615,0.903,0,0.116,0.133,0,0.05,0,0,0,0.014,0,0.014,0.158,0.024,3.95,0.074,0.159,0.013,0,0.262,0.082,0.058,0.3,73.72808831,West,3115,4.5,7.3,4.1,4792,5.99,11.1,8.7
5970,Siegen-Wittgenstein,Landkreis,275909,41.516,31.998,4.73,5.759,6.415,0,1.757,1.136,0,0.174,0.185,0,0.036,0,0,0,0.014,0,0.026,0.201,0.023,4.941,0.262,0.201,0.019,0,0.157,0.094,0.065,0.291,72.56930443,West,3250,5.8,7.8,3.4,6470,6.18,6.7,14.7
5974,Soest,Landkreis,296742,44.768,30.358,4.946,5.249,6.961,0,2.052,0.795,0,0.108,0.123,0,0.052,0,0,0,0.019,0,0.015,0.2,0.031,3.437,0.055,0.199,0.036,0,0.138,0.116,0.061,0.281,72.2785404,West,2986,6.3,6.9,4.1,5900,5.68,9.9,18.8
5978,Unna,Landkreis,391774,33.228,40.293,3.836,6.268,7.303,0,2.179,1.137,0,0.106,0.089,0,0.056,0,0,0,0.024,0,0.044,0.204,0.02,3.726,0.124,0.246,0.026,0,0.562,0.093,0.074,0.362,72.94097909,West,2827,9.3,7.5,5.8,7312,5.57,11.3,0
6411,Darmstadt,krsfr. Stadt,151879,31.135,27.349,5.051,8.113,17.817,0,3.761,0.585,0,0.144,0,0,0,0,0,0,0.035,0,0.072,0,0.034,4.679,0,0.062,0,0,0.454,0,0,0.709,74.2813269,West,3914,6.7,16.5,4,7787,10.11,10,0
6412,Frankfurt am Main,krsfr. Stadt,717624,33.72,26.56,7.012,8.497,14.437,0,2.273,0.653,0,0.238,0,0,0,0,0,0,0.06,0,0.038,0,0.046,5.089,0,0.09,0,0,0.638,0,0,0.651,70.72501277,West,3956,7.3,27.2,4.7,16550,12.71,13.2,0
6413,Offenbach am Main,krsfr. Stadt,120988,33.487,27.451,5.087,8.966,12.465,0,2.935,1.556,0,0.659,0,0,0,0,0,0,0.045,0,0.019,0,0.087,5.636,0,0.164,0,0,0.831,0,0,0.612,65.57291121,West,3426,11.3,32.3,7.8,10620,9.48,21.8,0
6414,Wiesbaden,krsfr. Stadt,275116,38.7,27.792,6.787,5.913,11.669,0,1.952,0.667,0,0.271,0,0,0,0,0,0,0.116,0,0.04,0,0.029,5.051,0,0.096,0,0,0.513,0,0,0.405,69.76088309,West,3576,7.4,16.8,6,8794,9.73,12.4,0
6431,Bergstraße,Landkreis,263822,42.43,27.558,5.517,4.86,8.661,0,2.041,1.099,0,0.427,0,0,0,0,0,0,0.046,0,0.022,0,0.043,5.627,0,0.126,0,0,1.108,0,0,0.434,74.30753437,West,2884,4.3,10.3,3.2,3974,7.26,12.2,5.3
6432,Darmstadt-Dieburg,Landkreis,287966,38.242,29.395,5.132,5.622,10.844,0,2.646,0.983,0,0.241,0,0,0,0,0,0,0.049,0,0.042,0,0.051,5.494,0,0.14,0,0,0.649,0,0,0.471,76.09941383,West,2947,4.8,11.5,5,3444,7.72,9.1,0
6433,Groß-Gerau,Landkreis,260793,36.696,30.545,4.658,6.22,10.615,0,2.417,1.156,0,0.412,0,0,0,0,0,0,0.042,0,0.061,0,0.049,5.61,0,0.162,0,0,0.838,0,0,0.52,73.20777922,West,3548,6.1,18.4,6.4,4336,8.73,14.2,0
6434,Hochtaunuskreis,Landkreis,230798,43.979,21.925,9.193,4.381,9.875,0,1.625,0.549,0,0.331,0,0,0,0,0,0,0.031,0,0.012,0,0.025,7.054,0,0.097,0,0,0.539,0,0,0.383,78.91099972,West,3709,4,13.4,2.9,4880,9.93,10,5
6435,Main-Kinzig-Kreis,Landkreis,407619,40.472,28,5.22,5.832,8.466,0,2.053,1.581,0,0.517,0,0,0,0,0,0,0.056,0,0.022,0,0.053,6.156,0,0.159,0,0,0.804,0,0,0.609,72.83576921,West,3015,5.1,12,4.8,4723,7.44,12.7,13.6
6436,Main-Taunus-Kreis,Landkreis,229976,43.457,22.936,7.946,4.37,10.126,0,1.901,0.701,0,0.189,0,0,0,0,0,0,0.038,0,0.027,0,0.043,6.92,0,0.108,0,0,0.863,0,0,0.374,78.69433871,West,3892,4.2,13.4,3.7,5084,9.76,11.9,0
6437,Odenwaldkreis,Landkreis,96082,38.066,31.313,4.79,6.197,8.272,0,2.128,1.322,0,0.648,0,0,0,0,0,0,0.055,0,0.071,0,0.055,5.782,0,0.118,0,0,0.713,0,0,0.47,73.0797478,West,2792,5.7,11.2,5,2604,5.87,8.7,22
6438,Offenbach,Landkreis,341669,42.279,25.107,6.387,5.418,9.691,0,2.162,0.981,0,0.338,0,0,0,0,0,0,0.035,0,0.026,0,0.037,5.963,0,0.154,0,0,0.921,0,0,0.502,75.1557577,West,3301,5.4,15.8,3.2,4987,8.62,10.7,0
6439,Rheingau-Taunus-Kreis,Landkreis,182117,43.997,25.51,6.767,4.455,9.552,0,1.821,0.797,0,0.214,0,0,0,0,0,0,0.035,0,0.029,0,0.046,5.673,0,0.111,0,0,0.616,0,0,0.379,77.63759477,West,3008,4.4,9.3,4.1,3284,7.96,13.9,12.5
6440,Wetteraukreis,Landkreis,297369,40.497,27.698,5.712,5.224,8.977,0,2.025,1.817,0,0.16,0,0,0,0,0,0,0.082,0,0.019,0,0.051,5.979,0,0.137,0,0,1.133,0,0,0.49,74.10201951,West,2992,5.2,9.4,4.5,4207,7.62,10.6,12.6
6531,Gießen,Landkreis,259834,37.999,29.568,4.984,6.671,10.173,0,2.186,1.237,0,0.177,0,0,0,0,0,0,0.062,0,0.029,0,0.05,4.951,0,0.126,0,0,1.286,0,0,0.502,73.16063341,West,3063,6.8,9.1,4.8,9625,7.61,20.2,10.4
6532,Lahn-Dill-Kreis,Landkreis,251440,42.234,30.119,4.368,5.189,7.156,0,1.781,1.611,0,0.202,0,0,0,0,0,0,0.044,0,0.027,0,0.044,5.819,0,0.151,0,0,0.855,0,0,0.399,68.92809176,West,3122,6,8.1,4.8,3913,6.05,11.5,12.9
6533,Limburg-Weilburg,Landkreis,170385,45.569,27.275,5.079,4.65,6.797,0,1.671,1.183,0,0.185,0,0,0,0,0,0,0.04,0,0.018,0,0.036,6.184,0,0.115,0,0,0.86,0,0,0.338,71.27201715,West,2816,5.6,8.7,4.9,5047,6,12.8,12.2
6534,Marburg-Biedenkopf,Landkreis,241598,36.739,33.421,3.996,6.817,10.51,0,1.725,0.808,0,0.245,0,0,0,0,0,0,0.037,0,0.02,0,0.048,4.58,0,0.085,0,0,0.464,0,0,0.504,70.90142187,West,3130,4.2,8.1,4.5,4344,8.44,21.6,24.1
6535,Vogelsbergkreis,Landkreis,105763,40.183,31.017,5.31,5.415,7.23,0,1.727,1.61,0,0.214,0,0,0,0,0,0,0.055,0,0.039,0,0.057,5.41,0,0.104,0,0,1.232,0,0,0.396,73.00652244,West,2794,4.3,4.1,4.2,3594,4.87,8.1,100
6611,Kassel,krsfr. Stadt,194747,29.376,31.513,4.072,10.367,14.966,0,2.662,0.694,0,0.101,0,0,0,0,0,0,0.033,0,0.136,0,0.045,4.824,0,0.093,0,0,0.545,0,0,0.571,68.47949606,West,3245,9.8,13.5,8.2,10748,7,18.2,0
6631,Fulda,Landkreis,217326,53.921,20.005,4.708,4.333,6.526,0,1.826,1.439,0,0.286,0,0,0,0,0,0,0.039,0,0.018,0,0.048,5.799,0,0.108,0,0,0.559,0,0,0.386,73.31381595,West,2772,3.5,5.7,4.3,4206,6.21,18.5,44.9
6632,Hersfeld-Rotenburg,Landkreis,119394,37.548,36.444,3.865,5.385,6.286,0,1.451,2.048,0,0.129,0,0,0,0,0,0,0.043,0,0.044,0,0.043,5.48,0,0.107,0,0,0.765,0,0,0.363,72.64587421,West,2716,4.9,5.5,3.2,4483,5.05,12.5,58.6
6633,Kassel,Landkreis,233451,33.267,38.702,3.826,6.001,8.719,0,1.725,0.903,0,0.167,0,0,0,0,0,0,0.038,0,0.039,0,0.064,5.359,0,0.112,0,0,0.66,0,0,0.419,75.51200972,West,3300,5.1,4.5,3.5,3117,5.87,16.2,24.7
6634,Schwalm-Eder-Kreis,Landkreis,179466,34.443,37.741,4.458,5.453,7.614,0,1.64,1.13,0,0.138,0,0,0,0,0,0,0.035,0,0.023,0,0.045,5.462,0,0.116,0,0,1.292,0,0,0.41,75.10351221,West,2847,5.2,4.6,5.5,3763,4.89,6.7,50.8
6635,Waldeck-Frankenberg,Landkreis,156460,40.483,31.799,5.89,5.104,7.754,0,1.654,0.909,0,0.217,0,0,0,0,0,0,0.026,0,0.024,0,0.044,4.919,0,0.117,0,0,0.731,0,0,0.33,70.99073019,West,2890,4.9,5.4,6.4,3446,5,12.2,85.2
6636,Werra-Meißner-Kreis,Landkreis,100206,34.314,37.354,4.027,6.624,7.758,0,1.633,1.044,0,0.139,0,0,0,0,0,0,0.044,0,0.019,0,0.044,5.687,0,0.107,0,0,0.744,0,0,0.463,73.28871457,West,2688,6.6,4.1,4.4,4557,4.6,9.2,74.1
7111,Koblenz,krsfr. Stadt,111434,42.837,26.324,5.746,5.948,9.567,0,2.611,0.53,0,0.093,0.297,0,0,0,0,0,0,0,0.02,0,0,4.566,0,0.216,0,0,1.084,0,0.162,0,70.55100696,West,3171,6.8,9.6,5.9,12346,7.34,21.5,0
7131,Ahrweiler,Landkreis,126643,50.058,21.989,6.365,4.744,6.858,0,2.172,0.754,0,0.119,0.377,0,0,0,0,0,0,0,0.021,0,0,5.435,0,0.198,0,0,0.718,0,0.189,0,75.27317238,West,2753,4.2,6.8,2.9,7073,6.38,15.5,33.4
7132,Altenkirchen,Landkreis,128228,45.944,28.897,4.542,5.364,5.812,0,1.879,1.056,0,0.175,0.169,0,0,0,0,0,0,0,0.052,0,0,4.881,0,0.197,0,0,0.8,0,0.231,0,71.27804014,West,2854,5.5,5.4,4.4,6045,5.02,7,17.5
7133,Bad Kreuznach,Landkreis,155944,41.092,31.163,5.808,5.394,7.01,0,1.88,1.039,0,0.172,0.224,0,0,0,0,0,0,0,0.022,0,0,4.795,0,0.201,0,0,1.008,0,0.192,0,72.41703969,West,2941,7.1,7.7,4.8,7034,6.13,10.8,49
7134,Birkenfeld,Landkreis,80591,41.082,31.752,5.115,6.5,4.998,0,1.774,1.234,0,0.142,0.137,0,0,0,0,0,0,0,0.03,0,0,4.694,0,0.263,0,0,2.008,0,0.27,0,67.20037354,West,2714,6.9,4.9,6.3,5565,4.62,3.5,65.1
7135,Cochem-Zell,Landkreis,62041,55.83,21.027,5.86,4.153,4.768,0,1.748,0.803,0,0.123,0.294,0,0,0,0,0,0,0,0.016,0,0,4.008,0,0.188,0,0,0.964,0,0.218,0,74.79923901,West,2707,3.8,5.2,7,4531,4.95,11.7,100
7137,Mayen-Koblenz,Landkreis,210441,48.083,26.777,5.037,4.499,6.328,0,1.944,0.764,0,0.172,0.302,0,0,0,0,0,0,0,0.023,0,0,4.782,0,0.184,0,0,0.921,0,0.184,0,72.25592775,West,2794,4.8,5.4,5.4,5348,5.71,13.7,19.3
7138,Neuwied,Landkreis,179317,45.311,28.302,4.792,5.148,6.527,0,1.912,0.858,0,0.137,0.202,0,0,0,0,0,0,0,0.031,0,0,5.287,0,0.215,0,0,1.089,0,0.189,0,72.88687966,West,2945,5.9,7.1,6.9,6243,5.68,10.8,0
7140,Rhein-Hunsrück-Kreis,Landkreis,101945,46.066,27.133,6.233,4.976,6.225,0,1.927,0.901,0,0.155,0.416,0,0,0,0,0,0,0,0.034,0,0,4.314,0,0.252,0,0,1.121,0,0.247,0,73.3864141,West,2830,4.7,5.1,5.7,5833,5.06,14.3,85.1
7141,Rhein-Lahn-Kreis,Landkreis,121487,40.703,31.29,4.896,5.304,6.955,0,1.954,0.926,0,0.163,0.189,0,0,0,0,0,0,0,0.033,0,0,5.555,0,0.192,0,0,1.61,0,0.23,0,72.51027196,West,2839,4.3,5.9,5.6,4765,5.35,7,43.8
7143,Westerwaldkreis,Landkreis,199131,47.299,26.591,5.299,4.953,5.929,0,2.015,1.143,0,0.183,0.198,0,0,0,0,0,0,0,0.055,0,0,4.888,0,0.191,0,0,1.068,0,0.187,0,73.66712368,West,2810,4,6.7,5.9,4498,5.67,15.7,28.4
7211,Trier,krsfr. Stadt,108472,38.605,26.604,5.257,7.505,12.803,0,3.045,0.671,0,0.075,0.249,0,0,0,0,0,0,0,0.09,0,0,4.218,0,0.079,0,0,0.654,0,0.145,0,69.17022657,West,2992,5.6,10.5,4.9,16474,8.6,8.7,0
7231,Bernkastel-Wittlich,Landkreis,110981,49.691,23.137,6.37,4.946,6.191,0,1.941,0.791,0,0.12,0.35,0,0,0,0,0,0,0,0.038,0,0,4.156,0,0.174,0,0,1.778,0,0.315,0,72.39672243,West,2759,3.9,6.6,8.4,4956,5.52,10.4,83.3
7232,Eifelkreis Bitburg-Prüm,Landkreis,96408,51.516,22.63,6.206,4.11,6.545,0,1.716,0.731,0,0.087,0.222,0,0,0,0,0,0,0,0.015,0,0,3.422,0,0.152,0,0,2.011,0,0.636,0,71.85237603,West,2901,3.3,8.9,4,4890,6.12,4.1,85.8
7233,Vulkaneifel,Landkreis,60775,53.953,21.913,6.02,4.66,5.09,0,1.843,0.765,0,0.113,0.279,0,0,0,0,0,0,0,0.032,0,0,3.515,0,0.154,0,0,1.326,0,0.337,0,71.44666422,West,2743,4.7,5.2,5.3,4869,4.99,11.5,100
7235,Trier-Saarburg,Landkreis,145227,47.595,26.068,4.724,5.438,7.265,0,2.186,0.808,0,0.114,0.183,0,0,0,0,0,0,0,0.031,0,0,4.088,0,0.156,0,0,1.118,0,0.226,0,75.48570103,West,2729,3.6,7.4,7.1,3846,6.81,13.3,59.7
7311,Frankenthal,krsfr. Stadt,47724,43.31,27.31,4.951,6.097,6.751,0,2.406,1.334,0,0.676,0.144,0,0,0,0,0,0,0,0.087,0,0,5.339,0,0.183,0,0,1.142,0,0.27,0,68.53421724,West,3445,7.2,13.9,5.8,8880,6.75,12.3,0
7312,Kaiserslautern,krsfr. Stadt,97382,36.086,29.988,5.209,8.07,8.734,0,3.341,1.625,0,0.281,0.211,0,0,0,0,0,0,0,0.044,0,0,4.535,0,0.241,0,0,1.321,0,0.315,0,65.31916626,West,3240,10.3,11.5,7,13203,6.51,13.7,0
7313,Landau in der Pfalz,krsfr. Stadt,44465,36.79,26.461,6.523,5.718,13.426,0,3.216,0.784,0,0.367,0.475,0,0,0,0,0,0,0,0.012,0,0,4.868,0,0.165,0,0,0.991,0,0.202,0,71.04541386,West,2841,5.2,7.6,6.1,10048,7.92,24.3,0
7314,Ludwigshafen am Rhein,krsfr. Stadt,163832,35.071,31.417,4.697,6.471,7.446,0,2.715,1.668,0,1.633,0.179,0,0,0,0,0,0,0,0.134,0,0,6.621,0,0.236,0,0,1.422,0,0.29,0,66.98747781,West,4330,9.1,22.2,11,10776,7.55,16.1,0
7315,Mainz,krsfr. Stadt,206991,36.004,26.325,6.42,6.036,15.544,0,2.763,0.394,0,0.32,0.876,0,0,0,0,0,0,0,0.045,0,0,4.315,0,0.153,0,0,0.612,0,0.193,0,75.51597984,West,3410,6.4,15.7,2.1,10054,10.33,12.6,0
7316,Neustadt an der Weinstraße,krsfr. Stadt,52564,44.462,24.203,5.954,4.779,10.03,0,2.433,1.056,0,0.254,0.221,0,0,0,0,0,0,0,0.03,0,0,4.459,0,0.152,0,0,1.65,0,0.317,0,74.27579054,West,2745,5.6,7.7,5,8101,6.92,10.6,0
7317,Pirmasens,krsfr. Stadt,40046,40.728,29.698,5.01,7.568,3.647,0,2.663,1.673,0,2.448,0.185,0,0,0,0,0,0,0,0.035,0,0,4.601,0,0.21,0,0,1.194,0,0.34,0,63.80090498,West,2876,13.1,6.7,7.2,10016,4.36,6.9,0
7318,Speyer,krsfr. Stadt,49855,40.129,25.692,4.981,6.699,10.379,0,2.85,0.795,0,1.151,0.355,0,0,0,0,0,0,0,0.019,0,0,5.298,0,0.193,0,0,1.093,0,0.367,0,71.62048242,West,3176,6.4,11.9,2.4,9949,8.05,13.1,0
7319,Worms,krsfr. Stadt,81010,38.475,30.72,5.133,5.887,7.692,0,2.263,1.696,0,0.456,0.246,0,0,0,0,0,0,0,0.038,0,0,6.123,0,0.205,0,0,0.825,0,0.243,0,67.75228433,West,2966,8.4,13.1,4.7,9899,7.06,18.2,0
7320,Zweibrücken,krsfr. Stadt,34011,37.155,31.17,4.897,8.189,6.253,0,3.013,1.716,0,0.634,0.372,0,0,0,0,0,0,0,0.035,0,0,4.862,0,0.157,0,0,1.059,0,0.489,0,65.17287431,West,3188,7.8,6.5,2.8,7448,5.03,5.9,0
7331,Alzey-Worms,Landkreis,125998,39.109,30.609,6.133,4.762,7.765,0,2.08,1.589,0,0.364,0.347,0,0,0,0,0,0,0,0.02,0,0,5.595,0,0.176,0,0,1.187,0,0.264,0,74.42059643,West,2800,4.4,6.8,3.9,4908,6.33,13.9,19.6
7332,Bad Dürkheim,Landkreis,131530,42.995,27.864,6.078,4.504,7.441,0,1.978,1.191,0,0.353,0.248,0,0,0,0,0,0,0,0.03,0,0,4.783,0,0.236,0,0,1.91,0,0.389,0,75.42050279,West,2797,4.1,6.5,9.8,5554,6.62,12.1,9.4
7333,Donnersbergkreis,Landkreis,74962,36.571,32.74,4.881,6.13,7.054,0,2.608,2.348,0,0.382,0.231,0,0,0,0,0,0,0,0.027,0,0,4.349,0,0.253,0,0,2.09,0,0.335,0,71.15567157,West,3197,5.5,5.9,5.8,5196,5.47,10.2,82.5
7334,Germersheim,Landkreis,126266,44.035,25.98,5.58,4.63,6.962,0,2.519,1.393,0,1.19,0.436,0,0,0,0,0,0,0,0.036,0,0,5.164,0,0.207,0,0,1.571,0,0.298,0,72.4801054,West,3623,4.5,9.9,6.1,5614,6.93,15,13.9
7335,Kaiserslautern,Landkreis,104288,41.773,29.8,4.42,6.572,5.864,0,2.142,1.695,0,0.415,0.196,0,0,0,0,0,0,0,0.032,0,0,4.324,0,0.251,0,0,2.2,0,0.316,0,72.9723131,West,2736,5.7,6.1,4.7,4633,5.72,5.3,28.7
7336,Kusel,Landkreis,70883,32.944,36.441,3.601,9.078,5.8,0,2.343,2.021,0,0.464,0.164,0,0,0,0,0,0,0,0.031,0,0,4.607,0,0.31,0,0,1.816,0,0.38,0,72.51920123,West,2716,4.9,4,6.9,4448,4.95,5,71.8
7337,Südliche Weinstraße,Landkreis,109735,43.496,25.875,6.746,4.722,8.133,0,2.513,1.098,0,0.536,0.392,0,0,0,0,0,0,0,0.068,0,0,4.557,0,0.263,0,0,1.352,0,0.249,0,75.34304581,West,2779,4.1,5.4,4.2,4672,6.41,12.3,37
7338,Rhein-Pfalz-Kreis,Landkreis,150051,43.701,26.2,5.697,4.329,7.565,0,2.352,1.173,0,0.913,0.225,0,0,0,0,0,0,0,0.049,0,0,5.584,0,0.219,0,0,1.662,0,0.331,0,78.23637035,West,2695,3.6,8.1,3,4872,6.92,11.3,0
7339,Mainz-Bingen,Landkreis,204514,41.316,27.173,6.613,4.797,10.099,0,2.127,0.785,0,0.264,0.429,0,0,0,0,0,0,0,0.029,0,0,4.904,0,0.195,0,0,0.979,0,0.29,0,78.47093008,West,3158,4.1,7.3,5.1,6000,7.81,16.7,7.3
7340,Südwestpfalz,Landkreis,96410,45.985,26.459,5.458,5.686,4.534,0,2.357,1.778,0,0.953,0.186,0,0,0,0,0,0,0,0.034,0,0,4.061,0,0.225,0,0,1.89,0,0.396,0,76.26295337,West,2478,4.7,3.1,1.3,3133,4.79,2.8,100
8111,Stuttgart,krsfr. Stadt,612441,38.348,21.872,7.545,6.443,15.771,0,2.741,0.459,0.6,0.247,0.32,0,0,0.22,0,0.107,0.043,0,0.113,0.103,0,4.333,0.137,0.053,0,0,0.484,0,0.062,0,76.65922967,West,4055,5.7,22.8,5,10850,11.31,18.5,0
8115,Böblingen,Landkreis,374279,46.856,19.907,7.163,4.325,10.369,0,2.198,0.909,0.714,0.316,0.273,0,0,0.176,0,0.327,0.043,0,0.086,0.236,0,5.183,0.097,0.087,0,0,0.676,0,0.06,0,77.39133139,West,4287,3.5,15.3,4.6,4521,9.53,16.7,0
8116,Esslingen,Landkreis,516779,45.434,20.877,6.497,4.336,11.856,0,2.248,0.721,0.812,0.917,0.277,0,0,0.221,0,0.181,0.01,0,0.059,0.166,0,4.616,0.089,0.074,0,0,0.545,0,0.067,0,77.71811377,West,3544,3.5,14.5,4,4623,9.18,14.2,0
8117,Göppingen,Landkreis,250117,45.81,21.689,5.832,4.248,10.126,0,2.005,1.22,0.763,0.421,0.307,0,0,0.22,0,0.183,0.013,0,0.051,0.151,0,6.3,0.098,0.071,0,0,0.404,0,0.088,0,74.04231564,West,3234,4.1,13.3,4.6,3673,7.57,18.3,4.8
8118,Ludwigsburg,Landkreis,526377,44.452,21.362,6.635,4.499,11.456,0,2.19,0.869,0.727,0.391,0.364,0,0,0.338,0,0.236,0.014,0,0.069,0.139,0,5.234,0.081,0.092,0,0,0.761,0,0.091,0,77.71491304,West,3455,3.7,15.3,5.1,4580,9.28,18.6,0
8119,Rems-Murr-Kreis,Landkreis,414016,45.472,20.121,7.541,4.481,10.13,0,2.116,1.134,0.807,0.413,0.352,0,0,0.385,0,0.413,0.013,0,0.066,0.229,0,5.781,0.054,0.075,0,0,0.336,0,0.082,0,76.52944773,West,3242,3.9,13.2,4.7,5100,8.73,18.1,4.1
8121,Heilbronn,krsfr. Stadt,119841,42.535,23.323,6.927,5.768,9.444,0,2.286,1.225,0.668,0.37,0.313,0,0,0.291,0,0.132,0.017,0,0.121,0.147,0,5.506,0.225,0.206,0,0,0.402,0,0.093,0,68.59937352,West,3175,6.3,20.9,3.8,7595,8.79,26,0
8125,Heilbronn,Landkreis,329250,46.738,21.1,6.633,4.2,8.578,0,2.183,1.63,0.749,0.414,0.46,0,0,0.34,0,0.291,0.045,0,0.042,0.194,0,5.507,0.171,0.129,0,0,0.493,0,0.102,0,75.05376524,West,3501,3.5,11.3,4.3,3446,7.83,22.4,3.9
8126,Hohenlohekreis,Landkreis,108816,49.366,19.022,6.438,4.389,8.754,0,2.235,1.539,0.723,0.412,0.418,0,0,0.332,0,0.339,0.015,0,0.019,0.147,0,5.182,0.051,0.092,0,0,0.411,0,0.118,0,72.27222966,West,3319,3,7.7,3.9,3951,7.01,19.9,28.9
8127,Schwäbisch Hall,Landkreis,188974,44.968,20.571,6.742,5.084,10.767,0,2.111,1.246,0.737,0.364,0.967,0,0,0.253,0,0.384,0.014,0,0.072,0.197,0,4.878,0.066,0.094,0,0,0.376,0,0.108,0,69.61469748,West,3110,3.5,7.8,4.4,4035,6.66,20.2,49
8128,Main-Tauber-Kreis,Landkreis,130299,51.949,19.147,5.257,4.09,7.723,0,2.018,1.309,0.716,0.479,0.908,0,0,0.277,0,0.127,0.012,0,0.019,0.166,0,4.943,0.028,0.09,0,0,0.639,0,0.103,0,73.96530383,West,3013,3.5,5.7,3.9,3930,5.85,19,48.3
8135,Heidenheim,Landkreis,128894,44.996,23.953,4.515,5.539,9.082,0,2.109,1.368,0.701,0.769,0.61,0,0,0.345,0,0.237,0.007,0,0.046,0.209,0,4.726,0.082,0.13,0,0,0.501,0,0.075,0,72.14567342,West,3407,5.4,11.1,4.4,4058,6.4,13.8,19
8136,Ostalbkreis,Landkreis,308205,51.723,20.779,4.825,4.063,8.275,0,1.965,1.233,0.655,0.446,0.272,0,0,0.237,0,0.227,0.017,0,0.037,0.162,0,4.5,0.045,0.078,0,0,0.356,0,0.106,0,74.067932,West,3437,3.5,8.7,5,4513,7.14,19.9,30.7
8211,Baden-Baden,krsfr. Stadt,53342,47.276,19.118,8.273,4.372,10.955,0,1.665,0.628,0.713,0.164,0.178,0,0,0.239,0,0.121,0.007,0,0.021,0.153,0,5.517,0.029,0.068,0,0,0.41,0,0.093,0,72.00507937,West,3142,5.6,15.5,4.1,8680,8.55,14,0
8212,Karlsruhe,krsfr. Stadt,300051,37.543,22.735,6.041,6.011,14.981,0,4.044,0.574,0.748,0.237,0.285,0,0,0.168,0,0.138,0.023,0,0.063,0.124,0,5.608,0.052,0.061,0,0,0.487,0,0.078,0,72.93362821,West,3495,5.5,16,7.3,11106,9.27,10.6,0
8215,Karlsruhe,Landkreis,431315,47.52,20.553,5.853,4.115,9.028,0,2.45,0.936,0.864,0.612,0.21,0,0,0.253,0,0.254,0.012,0,0.031,0.172,0,6.037,0.045,0.126,0,0,0.821,0,0.109,0,75.35479041,West,3124,3.3,10.3,4.5,3896,7.63,18.8,1.2
8216,Rastatt,Landkreis,224687,49.608,20.932,5.187,4.095,8.609,0,2.068,1.046,0.743,0.28,0.195,0,0,0.265,0,0.119,0.008,0,0.041,0.243,0,5.809,0.032,0.087,0,0,0.539,0,0.094,0,71.23736473,West,3566,3.5,10.5,5.4,4870,7.26,16.3,2.1
8221,Heidelberg,krsfr. Stadt,154715,33.245,22.863,7.218,6.928,18.919,0,3.419,0.44,0.576,0.103,0.301,0,0,0.132,0,0.094,0.005,0,0.032,0.086,0,5.206,0.043,0.03,0,0,0.289,0,0.07,0,76.74695579,West,3457,5.4,18.4,1.8,9821,10.49,7.8,0
8222,Mannheim,krsfr. Stadt,299844,35.065,27.528,5.471,7.534,11.085,0,3.158,1.168,1.015,0.379,0.205,0,0,0.366,0,0.119,0.02,0,0.088,0.204,0,6.002,0.077,0.1,0,0,0.343,0,0.074,0,69.409898,West,3653,6.1,21.1,7.1,11654,8.57,15,0
8225,Neckar-Odenwald-Kreis,Landkreis,141651,51.828,20.338,5.128,4.233,6.629,0,1.962,1.331,0.847,0.326,0.443,0,0,0.227,0,0.15,0.019,0,0.026,0.224,0,5.482,0.069,0.104,0,0,0.551,0,0.081,0,71.89761117,West,2983,3.9,6.9,6.7,3286,5.84,12.2,63.5
8226,Rhein-Neckar-Kreis,Landkreis,534729,42.77,23.193,6.472,4.74,9.927,0,2.471,1.146,0.881,0.363,0.242,0,0,0.244,0,0.129,0.011,0,0.022,0.17,0,6.295,0.056,0.081,0,0,0.696,0,0.092,0,75.98384684,West,3352,4.5,10.2,5.8,4498,7.83,13.6,3.2
8231,Pforzheim,Landkreis,119291,44.505,20.339,6.68,5.605,8.428,0,2.295,1.424,0.873,0.352,0.153,0,0,0.324,0,0.205,0.008,0,0.03,0.217,0,7.746,0.066,0.099,0,0,0.557,0,0.095,0,65.03636013,West,3063,7.6,20.9,5.4,8174,7.46,20.7,0
8235,Calw,Landkreis,152766,50.744,17.622,6.171,4.177,7.888,0,1.921,1.077,0.779,0.519,0.326,0,0,0.289,0,0.553,0.015,0,0.036,0.194,0,6.66,0.076,0.09,0,0,0.785,0,0.081,0,74.52028088,West,3000,4.1,11.8,4.9,3226,6.55,12.2,25.1
8236,Enzkreis,Landkreis,193728,45.385,20.13,7.29,4.143,9.186,0,2.103,1.316,0.827,0.407,0.291,0,0,0.278,0,0.461,0.01,0,0.021,0.194,0,6.991,0.06,0.118,0,0,0.685,0,0.105,0,76.5815534,West,3117,2.8,10.6,2.9,3018,7.01,14.4,0
8237,Freudenstadt,Landkreis,115147,51.655,17.684,6.743,4.118,7.313,0,1.742,1.314,0.583,0.779,0.418,0,0,0.282,0,0.559,0.015,0,0.016,0.16,0,5.803,0.042,0.079,0,0,0.611,0,0.083,0,72.03429821,West,3188,3.7,8.4,4.6,3785,6.14,10.6,54.4
8311,Freiburg im Breisgau,krsfr. Stadt,222203,31.058,22.955,4.601,9.187,22.135,0,3.466,0.377,0.876,0.128,0.419,0,0,0.219,0,0.146,0.013,0,0.062,0.136,0,3.694,0.033,0.054,0,0,0.378,0,0.064,0,76.08948888,West,3267,6,14.8,5.9,13296,11.03,7.6,0
8315,Breisgau-Hochschwarzwald,Landkreis,252749,45.782,20.156,5.692,4.713,13.931,0,1.891,0.637,0.848,0.276,0.332,0,0,0.246,0,0.27,0.016,0,0.016,0.239,0,4.287,0.033,0.065,0,0,0.484,0,0.088,0,76.57708464,West,2899,3.4,8.7,2.9,4988,8.76,21.4,30.6
8316,Emmendingen,Landkreis,159708,44.031,21.958,4.981,4.77,13.204,0,2.547,0.731,1.069,0.297,0.854,0,0,0.238,0,0.265,0.017,0,0.022,0.254,0,4.173,0.021,0.072,0,0,0.418,0,0.077,0,74.51253138,West,2997,3.3,7.6,6,4039,8.36,23.9,7.3
8317,Ortenaukreis,Landkreis,415639,48.35,19.542,5.586,4.579,10.593,0,2.129,0.89,0.86,0.231,0.325,0,0,0.228,0,0.181,0.012,0,0.019,0.225,0,5.407,0.019,0.056,0,0,0.594,0,0.175,0,69.9479084,West,3028,3.6,8.4,4.3,6551,7.04,18.1,16.4
8325,Rottweil,Landkreis,135912,51.389,17.526,6.044,3.772,7.167,0,1.776,1.635,0.7,0.317,1.329,0,0,0.313,0,0.249,0.022,0,0.018,0.262,0,6.486,0.031,0.078,0,0,0.76,0,0.125,0,72.29557586,West,3182,2.9,8.1,7.3,3534,6.21,11.4,26.3
8326,Schwarzwald-Baar-Kreis,Landkreis,206116,49.37,19.009,5.944,4.229,8.992,0,1.961,1.562,0.799,0.18,0.328,0,0,0.298,0,0.415,0.014,0,0.054,0.199,0,5.518,0.031,0.066,0,0,0.934,0,0.096,0,71.41918092,West,3064,3.7,11.7,5.5,4263,6.68,16.6,19.9
8327,Tuttlingen,Landkreis,134607,52.058,17.549,6.772,4.18,7.561,0,1.886,1.299,0.67,0.266,0.404,0,0,0.277,0,0.263,0.016,0,0.024,0.238,0,5.095,0.046,0.062,0,0,1.218,0,0.117,0,71.67749865,West,3284,2.8,12,4.4,4518,6.74,19.3,16.8
8335,Konstanz,Landkreis,275785,43.591,20.234,7.362,5.003,12.65,0,2.188,0.765,0.809,0.136,0.453,0,0,0.23,0,0.158,0.014,0,0.029,0.263,0,5.505,0.034,0.061,0,0,0.445,0,0.069,0,72.90617759,West,3064,4.2,12,4.6,6869,9.86,26.7,13.3
8336,Lörrach,Landkreis,223692,43.155,22.101,5.606,4.887,12.281,0,2.332,1.008,0.85,0.358,0.262,0,0,0.29,0,0.377,0.012,0,0.036,0.342,0,5.386,0.041,0.078,0,0,0.505,0,0.091,0,70.34243921,West,3191,3.5,12.2,6.8,9253,9.4,28.5,13.4
8337,Waldshut,Landkreis,165211,50.531,18.854,5.629,4.173,9.625,0,1.833,0.787,0.648,0.67,0.572,0,0,0.24,0,0.198,0.017,0,0.025,0.28,0,4.939,0.043,0.072,0,0,0.79,0,0.075,0,70.58108437,West,2950,3,12.1,5.2,4534,7.59,25,22.8
8415,Reutlingen,Landkreis,278031,46.205,19.293,7.054,4.789,10.941,0,2.207,1.025,0.65,0.367,0.341,0,0,0.234,0,0.212,0.016,0,0.094,0.219,0,5.57,0.048,0.07,0,0,0.591,0,0.074,0,75.34946331,West,3301,3.8,12.6,4.8,4593,8.46,15.9,18.2
8416,Tübingen,Landkreis,218355,40.097,20.91,5.479,6.908,16.276,0,2.759,0.728,0.682,0.263,0.429,0,0,0.169,0,0.239,0.017,0,0.065,0.165,0,4.307,0.054,0.059,0,0,0.317,0,0.075,0,79.01933772,West,3248,3.3,11.2,4.3,4503,9.39,16.6,0
8417,Zollernalbkreis,Landkreis,186360,50.581,18.342,5.915,4.592,7.82,0,2.257,1.638,0.814,0.437,0.338,0,0,0.258,0,0.257,0.029,0,0.188,0.243,0,5.27,0.04,0.108,0,0,0.747,0,0.127,0,71.3906829,West,3066,4.1,10.5,4.3,4119,6.58,19.5,28
8421,Ulm,krsfr. Stadt,120714,40.908,23.508,5.586,5.579,13.164,0,3.113,0.767,0.733,0.213,0.403,0,0,0.237,0,0.133,0.017,0,0.115,0.183,0,4.554,0.065,0.073,0,0,0.577,0,0.072,0,73.86069773,West,3439,4.7,16.7,5,10066,9.19,10.9,0
8425,Alb-Donau-Kreis,Landkreis,189129,52.932,18.325,5.035,3.545,8.651,0,2.093,1.22,0.681,0.403,0.457,0,0,0.266,0,0.25,0.034,0,0.043,0.22,0,4.842,0.053,0.098,0,0,0.76,0,0.093,0,76.87893773,West,3099,2.8,9.8,4.4,4027,7.36,17.3,66
8426,Biberach,Landkreis,190438,56.395,14.993,4.867,3.317,8.889,0,2.096,0.874,0.681,0.518,0.862,0,0,0.272,0,0.173,0.023,0,0.014,0.235,0,4.273,0.049,0.084,0,0,1.276,0,0.111,0,74.36240015,West,3467,2.6,7,4.3,3543,7.22,22.1,48.2
8435,Bodenseekreis,Landkreis,209386,48.224,18.467,6.457,4.444,11.837,0,2.055,0.831,0.733,0.229,0.708,0,0,0.211,0,0.124,0.016,0,0.042,0.287,0,4.497,0.029,0.059,0,0,0.676,0,0.075,0,75.69370434,West,3672,2.8,10.5,4.6,4757,9.33,17.4,8.1
8436,Ravensburg,Landkreis,275339,50.544,16.936,5.206,4.252,12.113,0,2.098,0.874,0.709,0.317,1.499,0,0,0.219,0,0.173,0.018,0,0.043,0.232,0,3.868,0.029,0.068,0,0,0.721,0,0.081,0,73.50500437,West,3062,2.9,8.3,5.5,4883,7.97,21.4,39
8437,Sigmaringen,Landkreis,127716,54.947,15.616,5.252,3.819,9.39,0,1.912,1.117,0.759,0.567,0.508,0,0,0.219,0,0.149,0.029,0,0.044,0.194,0,4.29,0.023,0.077,0,0,0.991,0,0.097,0,72.50432566,West,3128,3.7,7.8,6.6,3977,5.94,13.8,69.9
9161,Ingolstadt,krsfr. Stadt,131002,0,19.377,5.452,4.783,7.653,50.45,2.188,0.716,0.652,0.537,1.211,0,0.032,0,0.775,0,0.007,0.124,0.018,0,0,3.772,0,0.068,0,0.159,1.909,0,0.115,0,62.01789297,West,4425,3.6,15.3,4.7,8158,11.08,26.2,0
9162,München,krsfr. Stadt,1429584,0,23.919,7.71,4.594,14.057,37.798,2.515,0.392,0.693,0.171,0.97,0,0.029,0,0.65,0,0.032,0.137,0.041,0,0,4.498,0,0.078,0,0.146,1.488,0,0.083,0,71.2213296,West,3879,5.2,24,6.3,9350,15.51,21.3,0
9163,Rosenheim,krsfr. Stadt,60889,0,17.815,5.103,3.935,9.342,48.338,2.265,0.461,0.779,1.277,1.355,0,0.015,0,1.483,0,0.045,0.124,0.022,0,0,5.264,0,0.049,0,0.187,1.999,0,0.142,0,64.842978,West,3131,5.1,17.6,6.6,9286,9.57,23.6,0
9171,Altötting,Landkreis,107465,0,16.419,3.893,3.051,5.74,57.861,1.735,0.559,0.605,0.506,1.023,0,0.031,0,1.1,0,0.157,0.393,0.016,0,0,4.037,0,0.077,0,0.217,2.446,0,0.135,0,66.68960688,West,3404,3.5,7.9,4,5096,6.06,16.8,22.8
9172,Berchtesgadener Land,Landkreis,102976,0,14.629,4.35,2.889,8.257,58.179,1.436,0.552,0.626,0.752,1.259,0,0.02,0,0.923,0,0.016,0.135,0.01,0,0,3.606,0,0.042,0,0.117,2.103,0,0.097,0,66.97148067,West,2729,4.2,13.3,4.7,27006,7.97,13.8,35.8
9173,Bad Tölz-Wolfratshausen,Landkreis,123340,0,14.381,5.521,2.835,8.261,53.397,1.598,0.483,0.713,0.248,1.124,0,0.026,0,1.759,0,0.02,0.281,0.015,0,0,5.586,0,0.098,0,0.132,3.389,0,0.132,0,71.69905983,West,2933,2.8,9.6,3.3,3340,9.81,15.2,48
9174,Dachau,Landkreis,146279,0,16.828,4.463,2.939,7.344,53.781,1.732,0.495,0.705,0.345,1.356,0,0.032,0,1.383,0,0.016,0.108,0.04,0,0,5.199,0,0.08,0,0.144,2.937,0,0.074,0,74.34602804,West,2942,2.4,12.9,3.8,3627,10.87,20.3,25.9
9175,Ebersberg,Landkreis,134873,0,18.15,5.824,2.822,9.55,49.98,1.83,0.364,0.685,0.335,1.175,0,0.103,0,1.421,0,0.022,0.114,0.008,0,0,5.017,0,0.065,0,0.16,2.306,0,0.068,0,76.96521387,West,2974,2.4,10.4,4.1,3137,10.88,18.5,18.7
9176,Eichstätt,Landkreis,127189,0,17.226,3.645,2.923,5.667,57.701,1.559,0.884,0.568,0.348,1.361,0,0.038,0,1.194,0,0.008,0.096,0.013,0,0,3.354,0,0.047,0,0.147,3.122,0,0.1,0,74.59404248,West,3019,1.4,6.5,2.2,2397,9.27,44.4,60.6
9177,Erding,Landkreis,131839,0,14.918,4.39,3.041,8.042,52.198,1.829,0.491,0.76,1.167,1.609,0,0.062,0,1.638,0,0.022,0.126,0.028,0,0,5.359,0,0.064,0,0.187,3.976,0,0.094,0,72.33634735,West,2821,2.1,8.7,2.9,4306,9.59,23.2,54.2
9178,Freising,Landkreis,170357,0,16.156,4.724,3.424,11.485,47.909,2.211,0.667,0.776,0.28,1.242,0,0.039,0,1.221,0,0.016,0.126,0.021,0,0,5.249,0,0.066,0,0.187,4.106,0,0.095,0,73.01149695,West,3228,2.4,13.5,3.7,6138,10.14,16.8,31.5
9179,Fürstenfeldbruck,Landkreis,210278,0,19.607,5.401,3.15,9.853,48.207,2.054,0.474,0.779,0.248,0.939,0,0.034,0,0.943,0,0.011,0.14,0.009,0,0,5.262,0,0.089,0,0.151,2.576,0,0.074,0,75.51433915,West,3040,3.2,11.1,3.5,3440,11.22,19,11.1
9180,Garmisch-Partenkirchen,Landkreis,85931,0,12.282,6.116,2.588,7.122,56.545,1.184,0.5,0.784,0.154,1.812,0,0.043,0,2.331,0,0.03,0.143,0.015,0,0,5.462,0,0.078,0,0.159,2.494,0,0.154,0,71.06016315,West,2660,3.7,10,2.3,4774,8.85,10.7,76.6
9181,Landsberg am Lech,Landkreis,116118,0,15.949,5.112,3.217,10.461,51.856,1.77,0.632,0.694,0.267,1.348,0,0.029,0,1.545,0,0.011,0.153,0.015,0,0,4.718,0,0.073,0,0.17,1.889,0,0.091,0,74.40928198,West,3056,3,6.5,4.9,3433,8.74,18.8,51.6
9182,Miesbach,Landkreis,96773,0,14.322,6.323,2.452,7.554,54.477,1.276,0.463,0.686,0.285,1.1,0,0.034,0,1.616,0,0.028,0.171,0.009,0,0,6.076,0,0.051,0,0.141,2.845,0,0.089,0,73.35649237,West,2893,2.9,10.2,3.4,3788,10.23,15.5,48.7
9183,Mühldorf a.Inn,Landkreis,110296,0,13.915,3.981,2.799,5.795,59.38,1.696,0.706,0.763,0.47,1.406,0,0.039,0,1.573,0,0.053,0.241,0.011,0,0,4.074,0,0.066,0,0.168,2.753,0,0.11,0,67.12554544,West,2933,4,8.3,4.8,3742,6.93,23.3,45.4
9184,München,Landkreis,332800,0,19.8,8.323,2.835,9.836,47.025,1.845,0.332,0.702,0.287,0.837,0,0.049,0,0.705,0,0.012,0.099,0.017,0,0,4.87,0,0.06,0,0.125,2.133,0,0.108,0,77.37941199,West,4016,3,14.1,3.6,3517,12.8,16.9,6.2
9185,Neuburg-Schrobenhausen,Landkreis,93505,0,14.668,3.823,3.023,5.336,59.743,1.674,0.948,0.637,0.389,0.753,0,0.037,0,1.117,0,0.027,0.122,0.017,0,0,3.416,0,0.068,0,0.163,3.945,0,0.093,0,69.01591793,West,2952,2.2,7.7,3.1,3592,8.02,32.8,45.7
9186,Pfaffenhofen a.d.Ilm,Landkreis,121594,0,16.506,4.695,3.011,6.391,55.045,1.793,0.91,0.699,0.389,1.226,0,0.014,0,1.407,0,0.021,0.116,0.013,0,0,4.218,0,0.101,0,0.142,3.207,0,0.097,0,70.2425507,West,3135,2.1,8.4,3.8,3638,8.39,24.5,39.7
9187,Rosenheim,Landkreis,251850,0,14.217,4.942,2.692,8.243,55.261,1.616,0.48,0.668,0.76,1.523,0,0.024,0,1.993,0,0.062,0.154,0.013,0,0,4.727,0,0.059,0,0.162,2.309,0,0.095,0,71.76676619,West,2822,2.8,7.9,3.1,12487,8.61,16.8,31.6
9188,Starnberg,Landkreis,131873,0,16.601,10.425,2.611,11.206,46.647,1.776,0.282,0.78,0.162,1.115,0,0.024,0,0.898,0,0.016,0.182,0.011,0,0,5.201,0,0.048,0,0.117,1.791,0,0.106,0,78.23704971,West,3400,3,11.5,2,3506,11.95,16.2,2.6
9189,Traunstein,Landkreis,171978,0,15.01,4.388,3.042,9.079,56.757,1.547,0.548,0.663,0.486,1.343,0,0.036,0,1.487,0,0.031,0.149,0.014,0,0,3.096,0,0.07,0,0.142,1.984,0,0.128,0,69.17384172,West,3030,3.1,7.3,3.8,4270,7.54,17,59.8
9190,Weilheim-Schongau,Landkreis,131190,0,17.167,4.635,3.271,8.293,50.401,1.69,0.587,0.658,0.234,1.81,0,0.055,0,2.082,0,0.015,0.147,0.039,0,0,5.686,0,0.075,0,0.191,2.872,0,0.091,0,72.71573604,West,3306,2.9,7.2,4.1,3506,8.47,14.9,47.9
9261,Landshut,krsfr. Stadt,67509,0,18.357,5.495,4.07,9.483,49.27,1.757,0.605,0.899,0.174,0.981,0,0.013,0,0.902,0,0.016,0.222,0.013,0,0,4.409,0,0.07,0,0.158,2.994,0,0.114,0,65.58762887,West,2941,5,13.5,3.9,11456,9.03,24,0
9262,Passau,krsfr. Stadt,49952,0,20.388,5.872,4.95,8.839,47.866,2.053,0.669,0.727,0.258,2.011,0,0.025,0,0.519,0,0.017,0.087,0.008,0,0,4.143,0,0.042,0,0.15,1.28,0,0.096,0,64.0759246,West,3121,5.2,9.9,4.5,37672,8.07,17.8,0
9263,Straubing,krsfr. Stadt,46027,0,17.977,4.669,4.362,4.905,54.407,1.854,1.402,0.653,0.276,1.628,0,0.01,0,1.025,0,0.03,0.101,0.04,0,0,4.051,0,0.045,0,0.161,2.297,0,0.106,0,57.75297748,West,2859,5.8,11,3.9,8452,6.89,18.4,0
9271,Deggendorf,Landkreis,115699,0,16.491,4.031,3.225,4.616,56.114,1.44,1.471,0.666,0.503,1.031,0,0.031,0,1.237,0,0.018,0.102,0.009,0,0,4.389,0,0.062,0,0.207,4.271,0,0.087,0,60.74445271,West,2873,3.1,5.7,3.6,16711,6.52,15.6,50
9272,Freyung-Grafenau,Landkreis,77927,0,16.669,3.506,3.491,3.994,56.591,1.277,1.652,0.771,0.414,0.962,0,0.05,0,2.303,0,0.008,0.081,0.016,0,0,3.593,0,0.084,0,0.149,4.34,0,0.047,0,60.33194109,West,2573,3.9,3.1,4,2733,4.61,6.4,100
9273,Kelheim,Landkreis,116495,0,17.006,4.223,2.856,5.761,54.96,1.526,1.071,0.687,0.28,1.373,0,0.022,0,1.583,0,0.005,0.136,0.017,0,0,3.112,0,0.084,0,0.172,5.039,0,0.086,0,67.34646981,West,2928,2.8,8.3,3.2,3112,7.36,25.2,52.3
9274,Landshut,Landkreis,151819,0,14.215,4.706,2.744,6.297,55.2,1.487,0.699,0.798,0.336,1.323,0,0.029,0,1.56,0,0.024,0.155,0.01,0,0,3.604,0,0.102,0,0.197,6.397,0,0.118,0,70.17487774,West,2948,2.7,6.7,3.8,2872,7.13,27.9,74.8
9275,Passau,Landkreis,186284,0,18.083,4.097,3.473,5.161,55.475,1.426,1.021,0.746,0.311,1.524,0,0.018,0,1.077,0,0.016,0.109,0.012,0,0,3.811,0,0.077,0,0.167,3.309,0,0.087,0,62.70184768,West,2598,3.7,4.9,3.1,24116,5.89,16.3,68.9
9276,Regen,Landkreis,76265,0,18.478,3.827,3.051,3.973,55.864,1.551,1.288,0.661,0.335,1.198,0,0.027,0,1.126,0,0.011,0.077,0.011,0,0,4.754,0,0.061,0,0.181,3.359,0,0.17,0,60.71844815,West,2702,3.7,3.4,2.2,3014,4.83,11.9,73.7
9277,Rottal-Inn,Landkreis,118164,0,14.401,3.977,2.695,5.251,59.938,1.463,1.154,0.744,0.237,1.786,0,0.056,0,1.253,0,0.034,0.087,0.022,0,0,3.629,0,0.08,0,0.145,2.945,0,0.102,0,64.30428209,West,2644,3.5,7,5.2,9004,5.83,23.1,64
9278,Straubing-Bogen,Landkreis,97967,0,13.69,4.308,2.415,3.495,60.43,1.272,1.413,0.583,0.37,2.196,0,0.013,0,1.438,0,0.008,0.06,0.008,0,0,3.357,0,0.051,0,0.172,4.621,0,0.1,0,69.94284668,West,2696,2.8,4.8,3.1,3068,5.93,19.1,86.9
9279,Dingolfing-Landau,Landkreis,93450,0,16.197,4.201,2.645,4.325,57.194,1.3,1.397,0.644,0.674,1.563,0,0.016,0,1.379,0,0.027,0.14,0.009,0,0,3.598,0,0.079,0,0.225,4.228,0,0.16,0,62.70685331,West,3779,2.7,8.2,2.8,3338,6.48,31.5,61.2
9361,Amberg,krsfr. Stadt,41535,0,23.292,4.512,4.764,6.555,47.845,2.038,1.004,0.707,0.183,1.633,0,0.025,0,0.91,0,0.02,0.109,0.015,0,0,4.2,0,0.054,0,0.183,1.84,0,0.109,0,61.14513901,West,3204,5.9,7.2,3.7,7129,6.26,13.3,0
9362,Regensburg,krsfr. Stadt,142292,0,20.913,5.282,5.047,13.245,42.519,2.583,0.503,0.703,0.157,1.48,0,0.024,0,0.475,0,0.019,0.144,0.022,0,0,4.178,0,0.051,0,0.175,2.401,0,0.078,0,66.40090011,West,3454,4.4,12.1,4.6,13567,9.9,14.5,0
9363,Weiden i.d.OPf.,krsfr. Stadt,41817,0,26.12,3.984,4.995,5.273,47.22,1.902,1.372,0.676,0.141,0.89,0,0.019,0,0.764,0,0.01,0.122,0,0,0,4.392,0,0.058,0,0.214,1.717,0,0.131,0,62.38121015,West,2684,7.1,7.3,3.4,9680,6.18,5.8,0
9371,Amberg-Sulzbach,Landkreis,103045,0,22.765,3.614,3.45,5.366,50.993,1.906,1.094,0.613,0.306,1.445,0,0.036,0,1.003,0,0.017,0.081,0.016,0,0,3.324,0,0.086,0,0.159,3.609,0,0.116,0,70.87406869,West,2940,3.2,3.8,1.8,2597,5.28,4.9,66.3
9372,Cham,Landkreis,125844,0,14.836,3.947,2.885,4.191,57.83,1.476,1.055,0.709,0.379,0.88,0,0.025,0,1.58,0,0.02,0.079,0.019,0,0,3.206,0,0.072,0,0.17,6.522,0,0.12,0,64.31931324,West,2608,3.3,3.5,1.8,3117,5.22,17.2,85.3
9373,Neumarkt i.d.OPf.,Landkreis,128975,0,15.56,3.67,2.919,6.374,57.075,1.961,1.046,0.675,0.221,1.106,0,0.038,0,0.852,0,0.022,0.102,0.028,0,0,3.489,0,0.067,0,0.211,4.495,0,0.088,0,72.6652903,West,2989,2.2,5.9,3.6,3357,7.12,37.2,64.1
9374,Neustadt a.d.Waldnaab,Landkreis,95184,0,22.941,3.191,3.078,4.246,51.784,1.418,1.869,0.605,0.268,1.13,0,0.037,0,1.04,0,0.011,0.073,0.015,0,0,3.764,0,0.097,0,0.227,4.077,0,0.13,0,71.82960857,West,2776,3.9,3.5,4.7,4551,5.19,7.9,79.5
9375,Regensburg,Landkreis,187205,0,18.2,4.134,3.103,6.578,52.266,1.556,0.914,0.763,0.359,1.524,0,0.019,0,0.972,0,0.01,0.112,0.018,0,0,4.052,0,0.066,0,0.156,5.119,0,0.082,0,71.02290663,West,2951,2.4,5.7,2.7,2541,7.36,17.3,35.9
9376,Schwandorf,Landkreis,143614,0,23.276,2.857,3.515,4.282,51.968,1.596,1.362,0.747,0.298,1.276,0,0.035,0,1.461,0,0.011,0.069,0.035,0,0,3.33,0,0.077,0,0.191,3.507,0,0.108,0,66.2293935,West,2783,3.3,5.1,2.6,3624,5.81,17.6,67.8
9377,Tirschenreuth,Landkreis,73250,0,20.189,3.27,2.996,3.925,56.733,1.393,1.426,0.711,0.267,0.701,0,0.007,0,0.814,0,0.026,0.094,0.023,0,0,3.021,0,0.103,0,0.202,3.948,0,0.15,0,71.24237061,West,2759,4.5,2.7,2.3,3350,4.35,3.4,100
9461,Bamberg,krsfr. Stadt,71952,0,22.148,5.334,5.494,13.245,41.477,2.856,0.925,0.704,0.316,0.858,0,0.036,0,0.352,0,0.017,0.109,0.106,0,0,4.317,0,0.042,0,0.229,1.333,0,0.101,0,65.99476392,West,3159,5,9.2,3.7,8775,8.36,14.8,0
9462,Bayreuth,krsfr. Stadt,71601,0,24.926,6.708,3.801,9.256,44.138,2.348,0.683,0.723,0.217,0.549,0,0.043,0,0.265,0,0.008,0.094,0.021,0,0,4.435,0,0.037,0,0.217,1.454,0,0.078,0,66.02166775,West,3012,6.1,8.5,4.7,7769,7.82,17.1,0
9463,Coburg,krsfr. Stadt,41062,0,28.847,5.265,5.195,9.378,40.085,1.958,1.148,0.618,0.112,0.661,0,0.019,0,0.272,0,0.019,0.094,0.037,0,0,4.872,0,0.056,0,0.15,1.134,0,0.08,0,66.350667,West,3281,5.8,7.9,6.1,8365,6.75,15,0
9464,Hof,krsfr. Stadt,44325,0,25.107,4.206,5.411,6.198,45.971,2.392,1.163,0.875,0.368,0.349,0,0.033,0,0.544,0,0.014,0.079,0.028,0,0,5.323,0,0.074,0,0.177,1.535,0,0.154,0,63.25390591,West,2508,6.9,11.2,7.7,10292,4.74,16.9,0
9471,Bamberg,Landkreis,144695,0,17.863,4.023,3.638,5.818,54.1,2.141,2.036,0.775,0.716,0.654,0,0.036,0,0.882,0,0.016,0.104,0.034,0,0,4.045,0,0.08,0,0.317,2.601,0,0.12,0,71.98977159,West,2715,2.9,3.1,4.4,2715,6.09,9.5,38.2
9472,Bayreuth,Landkreis,104615,0,23.494,3.812,2.939,5.404,52.209,1.676,1.042,0.657,0.499,0.448,0,0.031,0,0.408,0,0.011,0.093,0.016,0,0,3.473,0,0.075,0,0.22,3.398,0,0.095,0,72.3433386,West,2677,3.7,2.8,2.9,3003,5.61,13.6,77.3
9473,Coburg,Landkreis,86715,0,28.134,3.999,4.196,5.802,45.906,1.477,1.6,0.641,0.217,0.504,0,0.03,0,0.295,0,0.014,0.117,0.042,0,0,4.411,0,0.058,0,0.211,2.263,0,0.08,0,70.81786224,West,2483,4.1,3.7,6.1,3568,5.76,16,38
9474,Forchheim,Landkreis,113900,0,19.421,4.874,3.457,7.87,50.252,1.927,1.115,0.779,0.554,0.516,0,0.033,0,0.294,0,0.017,0.114,0.021,0,0,4.116,0,0.062,0,0.198,4.288,0,0.093,0,73.91061577,West,2856,3,5,3.8,3216,7.01,13.8,33.7
9475,Hof,Landkreis,96608,0,25.68,3.662,4.515,5.116,48.553,1.899,1.081,0.868,0.348,0.477,0,0.023,0,0.457,0,0.009,0.063,0.014,0,0,4.397,0,0.106,0,0.212,2.392,0,0.127,0,70.70916635,West,2539,4.1,4,3,5575,4.41,8.4,74.8
9476,Kronach,Landkreis,67998,0,26.871,3.451,3.102,3.616,51.364,1.61,1.477,0.578,0.219,0.367,0,0.015,0,0.255,0,0.015,0.079,0.025,0,0,3.807,0,0.053,0,0.27,2.717,0,0.107,0,69.83898186,West,2529,4.4,3.1,3.2,3725,5.8,17.5,56.5
9477,Kulmbach,Landkreis,72541,0,25.465,3.634,3.975,5.325,49.034,1.75,1.075,0.789,0.26,0.572,0,0.029,0,0.324,0,0.005,0.086,0.026,0,0,3.801,0,0.098,0,0.241,3.412,0,0.098,0,69.94893153,West,2772,4.9,3,5.2,3701,5.4,16.2,55.2
9478,Lichtenfels,Landkreis,66540,0,20.947,3.566,3.197,4.7,54.261,1.934,1.752,0.65,0.289,0.802,0,0.008,0,0.524,0,0.013,0.12,0.008,0,0,3.972,0,0.091,0,0.217,2.846,0,0.102,0,69.04940188,West,2509,4.6,3.5,4.6,4418,5.52,23.8,30.8
9479,Wunsiedel i.Fichtelgebirge,Landkreis,73403,0,28.949,3.645,4.799,5.275,45.229,1.694,1.506,0.887,0.428,0.404,0,0.05,0,0.557,0,0.015,0.087,0.012,0,0,3.747,0,0.079,0,0.196,2.313,0,0.129,0,67.35346476,West,2754,5.4,5.4,4.7,5947,4.21,9.3,39.3
9561,Ansbach,krsfr. Stadt,40010,0,27.222,4.238,5.288,10.098,40.222,2.064,1.056,0.764,0.26,1.316,0,0.114,0,0.676,0,0.005,0.13,0.01,0,0,4.046,0,0.109,0,0.146,2.174,0,0.062,0,62.07658321,West,3005,5.1,8.4,1.1,7823,6.74,19.7,0
9562,Erlangen,krsfr. Stadt,106423,0,25.617,6.026,5.304,14.089,36.836,3.01,0.499,0.638,0.143,1.188,0,0.041,0,0.301,0,0.026,0.116,0.06,0,0,4.102,0,0.051,0,0.13,1.725,0,0.099,0,74.19677541,West,4366,4.1,13.8,3.3,6033,9.51,11,0
9563,Fürth,krsfr. Stadt,121519,0,28.608,4.758,7.042,10.647,35.88,3.081,0.897,0.679,0.404,0.543,0,0.056,0,0.426,0,0.025,0.096,0.042,0,0,4.846,0,0.081,0,0.164,1.615,0,0.11,0,65.19039783,West,3086,6.7,15.7,6.3,4966,8.35,15.1,0
9564,Nürnberg,krsfr. Stadt,501072,0,27.746,4.853,6.619,10.88,37.073,2.913,1.065,0.763,0.351,0.676,0,0.068,0,0.257,0,0.015,0.111,0.085,0,0,4.59,0,0.065,0,0.185,1.574,0,0.109,0,66.87091948,West,3317,7.6,18.6,8.5,9651,8.84,18.8,0
9565,Schwabach,krsfr. Stadt,39941,0,26.276,4.837,4.542,9.484,42.42,2.009,0.814,0.752,0.371,0.652,0,0.048,0,0.286,0,0.01,0.105,0.01,0,0,4.904,0,0.043,0,0.143,2.176,0,0.119,0,70.75143736,West,2833,4.2,9.9,7.9,4729,7.44,10.2,0
9571,Ansbach,Landkreis,179419,0,20.636,5.064,3.77,8.379,48.125,1.942,1.325,0.7,0.427,1.124,0,0.078,0,0.511,0,0.021,0.148,0.01,0,0,3.612,0,0.109,0,0.233,3.684,0,0.102,0,69.55657558,West,2700,3.2,5.8,5.1,3184,5.92,18.1,78.1
9572,Erlangen-Höchstadt,Landkreis,132830,0,23.356,5.187,3.652,9.547,45.208,2.068,0.818,0.696,0.268,0.606,0,0.036,0,0.434,0,0.014,0.077,0.014,0,0,4.209,0,0.053,0,0.191,3.49,0,0.074,0,76.14570634,West,3590,2.3,6.5,3.5,2771,7.78,19.2,6.8
9573,Fürth,Landkreis,113847,0,25.584,4.771,4.353,8.565,43.333,2.046,1.048,0.851,0.601,0.593,0,0.043,0,0.41,0,0.012,0.115,0.019,0,0,4.596,0,0.077,0,0.177,2.671,0,0.134,0,74.73436568,West,2683,3.3,4.8,2.1,2540,7.42,15.2,3.5
9574,Nürnberger Land,Landkreis,165918,0,25.975,4.444,3.847,9.337,43.166,1.918,0.857,0.761,0.509,0.604,0,0.03,0,0.287,0,0.015,0.102,0.01,0,0,3.889,0,0.084,0,0.139,3.914,0,0.111,0,75.04417372,West,2955,3,6.5,7.8,3666,7.11,15,16.5
9575,Neustadt a.d.Aisch-Bad Windsheim,Landkreis,97808,0,21.158,4.454,3.677,8.265,49.149,1.97,0.994,0.721,0.48,1.245,0,0.033,0,0.482,0,0.015,0.101,0.063,0,0,3.791,0,0.065,0,0.175,3.04,0,0.122,0,70.67695409,West,2596,2.5,4.9,3.9,2932,5.66,11.9,75
9576,Roth,Landkreis,123890,0,22.628,4.479,3.78,7.393,48.627,1.975,0.908,0.706,0.44,0.721,0,0.055,0,0.398,0,0.006,0.115,0.02,0,0,3.918,0,0.084,0,0.223,3.406,0,0.119,0,74.10524798,West,2798,2.9,4.9,7.3,3162,6.53,15.2,52
9577,Weißenburg-Gunzenhausen,Landkreis,92518,0,23.374,3.886,3.47,7.585,49.555,2.036,1.068,0.59,0.366,1.033,0,0.053,0,0.479,0,0.024,0.144,0.022,0,0,3.417,0,0.103,0,0.198,2.503,0,0.093,0,68.75921867,West,2894,3.4,6.3,3.8,3748,5.87,23.3,60.7
9661,Aschaffenburg,krsfr. Stadt,68167,0,23.251,5.736,4.437,10.621,43.99,2.243,1.089,0.775,0.466,0.713,0,0.031,0,0.438,0,0.009,0.139,0.108,0,0,4.061,0,0.059,0,0.204,1.487,0,0.142,0,65.81493922,West,3157,5.9,13.4,4.4,8761,8.33,17.9,0
9662,Schweinfurt,krsfr. Stadt,51610,0,26.113,4.438,7.896,7.461,43.027,2.069,0.877,0.546,0.817,0.529,0,0.039,0,0.378,0,0.013,0.077,0.116,0,0,3.647,0,0.146,0,0.116,1.634,0,0.06,0,60.1242363,West,3697,6.2,12.4,3.7,24900,6.19,12.2,0
9663,Würzburg,krsfr. Stadt,124219,0,22.81,6.064,4.888,14.859,39.873,3.047,0.378,0.646,0.495,0.968,0,0.028,0,0.204,0,0.01,0.092,0.026,0,0,4.07,0,0.06,0,0.188,1.189,0,0.104,0,69.04466128,West,3129,4.5,8.7,5.6,9762,9.36,22.4,0
9671,Aschaffenburg,Landkreis,172776,0,21.532,5.306,3.356,7.936,48.984,1.875,1.235,0.874,0.607,0.578,0,0.043,0,0.434,0,0.012,0.15,0.041,0,0,4.072,0,0.141,0,0.203,2.496,0,0.124,0,73.34202974,West,2956,3.2,7.4,2.9,2786,7.04,15,3.6
9672,Bad Kissingen,Landkreis,102901,0,17.345,4.578,4.35,6.797,54.922,1.957,1.08,0.607,0.747,0.74,0,0.047,0,0.453,0,0.019,0.11,0.027,0,0,3.574,0,0.093,0,0.184,2.222,0,0.147,0,70.65778439,West,2726,3.8,3.7,2.3,3373,5.14,10.8,64.2
9673,Rhön-Grabfeld,Landkreis,79676,0,16.386,4.875,4.646,6.534,56.016,1.907,1.043,0.557,0.454,0.452,0,0.057,0,0.43,0,0.018,0.112,0.022,0,0,3.224,0,0.061,0,0.182,2.902,0,0.121,0,70.99938405,West,2882,3.2,3,2.4,3316,5.45,15.6,81.1
9674,Haßberge,Landkreis,84152,0,20.868,4.934,4.612,5.881,50.604,1.949,1.849,0.626,0.481,0.972,0,0.027,0,0.597,0,0.016,0.104,0.029,0,0,2.872,0,0.086,0,0.243,3.052,0,0.198,0,72.27120528,West,2923,3.5,3,4.2,3287,5.35,8.5,74.1
9675,Kitzingen,Landkreis,88492,0,20.139,4.379,3.914,7.149,51.033,2.005,0.931,0.645,0.696,0.725,0,0.035,0,0.798,0,0.02,0.08,0.008,0,0,3.175,0,0.063,0,0.188,3.911,0,0.106,0,71.15932848,West,2872,3.2,5.9,3.6,3954,5.85,23.3,49.1
9676,Miltenberg,Landkreis,127941,0,21.713,4.982,3.523,6.734,49.624,1.77,1.155,0.718,0.551,0.763,0,0.156,0,0.36,0,0.024,0.119,0.021,0,0,3.757,0,0.068,0,0.225,3.642,0,0.096,0,71.32767043,West,2965,3.3,9.2,4.8,3151,6.33,21.2,20.3
9677,Main-Spessart,Landkreis,125915,0,21.41,4.122,3.328,7.343,49.311,1.997,0.843,0.859,0.852,0.54,0,0.061,0,0.382,0,0.02,0.117,0.015,0,0,4.123,0,0.06,0,0.201,4.278,0,0.137,0,73.37806503,West,3233,2.5,4.9,2,3076,5.59,13,56.4
9678,Schweinfurt,Landkreis,113747,0,19.128,4.036,4.713,6.9,53.623,1.523,0.995,0.605,0.868,0.563,0,0.044,0,0.516,0,0.015,0.084,0.031,0,0,3.345,0,0.083,0,0.214,2.581,0,0.132,0,74.61698898,West,2573,3,3.8,8.9,2412,5.58,13.1,54.7
9679,Würzburg,Landkreis,159253,0,22.321,4.476,3.399,9.439,48.435,1.992,0.71,0.717,0.971,0.749,0,0.031,0,0.367,0,0.013,0.107,0.011,0,0,3.72,0,0.055,0,0.196,2.176,0,0.115,0,77.0427279,West,2763,2.7,4.4,2.8,2374,7.18,22.5,33.6
9761,Augsburg,krsfr. Stadt,281111,0,22.568,4.626,5.767,10.96,42.799,2.657,0.657,0.76,0.437,0.807,0,0.088,0,0.515,0,0.033,0.162,0.068,0,0,5.275,0,0.093,0,0.19,1.435,0,0.102,0,63.66607915,West,3319,6.7,18.3,3.9,9128,9.02,26.2,0
9762,Kaufbeuren,krsfr. Stadt,42014,0,17.476,4.922,4.373,8.135,51.139,2.181,0.703,0.78,0.318,0.949,0,0.021,0,1.191,0,0.005,0.087,0.041,0,0,4.814,0,0.056,0,0.272,2.402,0,0.133,0,62.49960197,West,2875,5.8,11.4,7,6105,6.5,17.5,0
9763,Kempten,krsfr. Stadt,65624,0,19.842,6.039,4.961,9.052,46.452,1.812,0.469,0.813,0.942,1.231,0,0.075,0,0.442,0,0.024,0.119,0.048,0,0,5.189,0,0.048,0,0.18,2.19,0,0.071,0,61.64851413,West,2990,4.9,12.9,7.9,6572,7.95,28.1,0
9764,Memmingen,krsfr. Stadt,42201,0,20.495,4.946,3.674,7.463,48.068,1.874,1.219,0.649,0.47,2.428,0,0.021,0,0.464,0,0.026,0.111,0.005,0,0,5.516,0,0.074,0,0.185,2.238,0,0.074,0,63.94396336,West,3071,3.9,14.4,5.6,7322,7.75,19.8,0
9771,Aichach-Friedberg,Landkreis,129294,0,15.513,4.644,2.796,6.911,56.062,1.735,0.653,0.75,0.786,1.222,0,0.152,0,1.287,0,0.007,0.11,0.013,0,0,5.009,0,0.068,0,0.19,2.014,0,0.078,0,72.44799545,West,2820,2.7,6.3,3.2,2949,8.19,26.3,40.4
9772,Augsburg,Landkreis,242697,0,17.732,4.67,3.479,7.212,52.871,1.803,0.755,0.816,0.538,0.882,0,0.21,0,0.757,0,0.021,0.132,0.029,0,0,5.288,0,0.086,0,0.236,2.373,0,0.11,0,71.32828496,West,2790,3,7.2,4.6,3319,7.73,21.8,28.1
9773,Dillingen a.d.Donau,Landkreis,93478,0,16.433,5.156,3.225,5.813,53.944,1.503,1.359,0.699,1.378,0.678,0,0.113,0,0.822,0,0.013,0.131,0.017,0,0,4.381,0,0.065,0,0.288,3.897,0,0.086,0,67.12114067,West,2961,2.4,6.7,4.2,4033,6.28,19.6,69.1
9774,Günzburg,Landkreis,121828,0,16.541,4.292,3.181,5.775,55.231,1.737,1.48,0.817,0.541,1.023,0,0.045,0,0.819,0,0.022,0.118,0.015,0,0,5.717,0,0.07,0,0.266,2.186,0,0.123,0,65.95532442,West,2958,2.9,10.1,7.4,4497,6.57,19,29.5
9775,Neu-Ulm,Landkreis,167847,0,20.677,4.972,4.338,7.37,49.058,2.027,1.535,0.717,0.217,0.937,0,0.033,0,0.401,0,0.024,0.118,0.042,0,0,5.682,0,0.101,0,0.206,1.442,0,0.101,0,68.99410314,West,3227,3.1,11.7,3.6,5095,8.28,18.4,9.3
9776,Lindau,Landkreis,79387,0,17.342,5.818,4.09,10.83,49.615,1.823,0.551,0.757,0.311,1.544,0,0.049,0,0.431,0,0.02,0.157,0.017,0,0,4.066,0,0.066,0,0.201,2.181,0,0.127,0,69.61909599,West,3143,2.9,10.7,2.5,5219,9.11,15.1,17.7
9777,Ostallgäu,Landkreis,135894,0,13.972,4.397,2.942,7.209,57.026,1.602,0.58,0.58,0.269,1.247,0,0.034,0,2.826,0,0.015,0.132,0.014,0,0,4.364,0,0.05,0,0.226,2.421,0,0.094,0,71.44806628,West,3014,2.8,6.7,3.3,3337,7.29,19.2,68.6
9778,Unterallgäu,Landkreis,138712,0,13.021,4.63,2.79,6.003,57.748,1.685,1.201,0.704,0.441,1.902,0,0.016,0,0.952,0,0.023,0.111,0.018,0,0,5.077,0,0.089,0,0.213,3.257,0,0.115,0,69.29977808,West,3070,2.2,6.5,2.3,2856,7.09,23.7,61.1
9779,Donau-Ries,Landkreis,130203,0,17.812,4.056,3.451,6.229,55.463,1.448,1.076,0.636,0.326,1.201,0,0.089,0,0.749,0,0.009,0.195,0.025,0,0,4.057,0,0.066,0,0.438,2.562,0,0.111,0,70.05752013,West,3151,2.1,6.8,3.6,3816,6.95,27.8,67.1
9780,Oberallgäu,Landkreis,150981,0,14.068,5.453,2.9,8.594,55.723,1.368,0.59,0.774,0.768,1.301,0,0.141,0,0.794,0,0.018,0.155,0.017,0,0,4.162,0,0.069,0,0.184,2.827,0,0.095,0,72.45389926,West,2760,3.1,6.8,2.9,3197,7.38,20.9,64.5
10041,Regionalverband Saarbrücken,Landkreis,325604,34.005,31.276,4.381,11.463,7.157,0,2.847,1.875,0,0,0,1.186,0,0,0,0,0,0,0.101,0,0,4.88,0,0.173,0,0,0.657,0,0,0,69.95654407,West,3259,9.8,10.6,6.1,10206,6.53,13.1,0
10042,Merzig-Wadern,Landkreis,102987,42.246,29.727,3.747,8.243,4.887,0,2.583,1.52,0,0,0,1.12,0,0,0,0,0,0,0.036,0,0,5.062,0,0.167,0,0,0.662,0,0,0,73.36917827,West,2831,5.2,8.4,4.7,5490,6.55,19.5,23.3
10043,Neunkirchen,Landkreis,133021,35.27,33.85,3.156,10.877,4.397,0,2.699,1.822,0,0,0,1.396,0,0,0,0,0,0,0.048,0,0,5.785,0,0.138,0,0,0.564,0,0,0,71.15983476,West,3021,8.2,6.1,5.8,5584,5.53,12.6,0
10044,Saarlouis,Landkreis,195632,39.313,30.687,3.649,9.3,5.284,0,2.479,1.859,0,0,0,1.177,0,0,0,0,0,0,0.054,0,0,5.291,0,0.155,0,0,0.753,0,0,0,73.00936842,West,3050,6.1,7.5,3.5,9255,6.2,14.3,0
10045,Saarpfalz-Kreis,Landkreis,143532,38.623,29.937,4.104,9.253,5.727,0,2.398,1.616,0,0,0,1.898,0,0,0,0,0,0,0.052,0,0,5.6,0,0.15,0,0,0.642,0,0,0,74.73270746,West,3321,5.7,6.4,4.4,5334,6.28,14.8,4.6
10046,St. Wendel,Landkreis,88259,43.526,30.206,3.009,8.296,4.496,0,2.396,1.221,0,0,0,1.28,0,0,0,0,0,0,0.039,0,0,4.808,0,0.172,0,0,0.551,0,0,0,77.91199657,West,2907,4,3,5.9,3730,5.65,11.8,21.1
11000,Berlin,krsfr. Stadt,3469849,28.452,24.578,3.558,18.488,12.347,0,3.581,1.511,0,0.143,0.202,0,0,0,0,0,0.101,0,0.079,0,0.054,4.926,0.196,0.317,0,0,0.421,0,0,1.045,72.45089032,West,2905,11.1,14.3,8.4,16414,9.29,27.8,0
12051,Brandenburg an der Havel,krsfr. Stadt,71032,33.703,27.25,2.042,23.285,4.111,0,2.047,1.912,0,0.118,0,0,0,0,0,0,0,0,0.121,0,0,4.433,0,0.287,0,0,0.692,0,0,0,60.72474739,Ost,2492,12.8,2.5,8.3,12337,5.5,11.3,0
12052,Cottbus,krsfr. Stadt,99491,32.764,23.16,2.401,24.225,4.252,0,2.549,2.191,0,0.098,0,0,0,0,0,0,0,0,0.128,0,0,6.842,0,0.344,0,0,1.046,0,0,0,65.74848434,Ost,2535,11,4.1,8.8,10796,5.33,6.9,0
12053,Frankfurt,krsfr. Stadt,57649,31.707,22.787,1.945,27.198,4.122,0,2.263,2.076,0,0.121,0,0,0,0,0,0,0,0,0.174,0,0,6.25,0,0.472,0,0,0.885,0,0,0,64.88441415,Ost,2566,13.1,5.9,6.5,10547,5.46,-0.7,0
12054,Potsdam,krsfr. Stadt,164042,26.982,25.338,2.709,24.071,10.288,0,3.188,1.014,0,0.111,0,0,0,0,0,0,0,0,0.195,0,0,5.234,0,0.317,0,0,0.554,0,0,0,73.57712486,Ost,2759,7.3,5,4.8,10622,9.56,16.9,0
12060,Barnim,Landkreis,174981,32.492,21.215,2.265,26.556,4.689,0,2.307,2.458,0,0.157,0,0,0,0,0,0,0,0,0.118,0,0,6.2,0,0.467,0,0,1.077,0,0,0,68.35903247,Ost,2223,8.6,2.4,7.6,6926,6.07,3.6,38.3
12061,Dahme-Spreewald,Landkreis,161952,34.453,22.541,2.774,21.398,4.447,0,2.212,3.076,0,0.328,0,0,0,0,0,0,0,0,0.119,0,0,6.482,0,0.454,0,0,1.716,0,0,0,72.39504704,Ost,2329,6.8,2.7,6.1,8454,7.37,18.7,43.9
12062,Elbe-Elster,Landkreis,104997,40.718,19.8,2.593,20.54,2.732,0,2.304,3.662,0,0.175,0,0,0,0,0,0,0,0,0.12,0,0,5.95,0,0.431,0,0,0.975,0,0,0,67.95903359,Ost,1999,11.4,1,8,6005,4.83,5.9,76.6
12063,Havelland,Landkreis,155408,34.931,24.339,3.075,19.334,5.452,0,2.128,2.778,0,0.189,0,0,0,0,0,0,0,0,0.087,0,0,6.462,0,0.406,0,0,0.82,0,0,0,69.48243833,Ost,2012,8.5,2.2,8,6992,6.32,12,39.6
12064,Märkisch-Oderland,Landkreis,188422,32.536,22.44,2.246,25.831,3.942,0,2.291,2.505,0,0.168,0,0,0,0,0,0,0,0,0.088,0,0,6.178,0,0.487,0,0,1.289,0,0,0,67.90331824,Ost,2222,9.1,1.8,7,6571,6.07,8.5,45.4
12065,Oberhavel,Landkreis,204898,36.153,23.613,2.726,19.357,5.105,0,2.248,2.598,0,0.166,0,0,0,0,0,0,0,0,0.101,0,0,6.588,0,0.449,0,0,0.898,0,0,0,70.1124488,Ost,2361,8.3,2.2,7.3,6356,7.29,18.8,28.4
12066,Oberspreewald-Lausitz,Landkreis,112896,37.927,20.595,2.419,23.136,2.545,0,2.117,3.69,0,0.201,0,0,0,0,0,0,0,0,0.126,0,0,5.826,0,0.466,0,0,0.952,0,0,0,65.77427663,Ost,2275,12.5,1.8,10.3,8473,5.04,3.1,59.6
12067,Oder-Spree,Landkreis,177823,33.842,22.164,2.276,24.007,3.918,0,2.17,3.347,0,0.216,0,0,0,0,0,0,0,0,0.142,0,0,6.504,0,0.487,0,0,0.927,0,0,0,68.81639448,Ost,2303,9,3.1,9.7,7254,6.1,3,49.1
12068,Ostprignitz-Ruppin,Landkreis,98886,36.208,25.211,2.145,22.268,3.907,0,1.841,2.286,0,0.105,0,0,0,0,0,0,0,0,0.089,0,0,4.892,0,0.325,0,0,0.723,0,0,0,62.73037623,Ost,2095,9.7,1.7,8.4,7546,5.17,14.7,100
12069,Potsdam-Mittelmark,Landkreis,207498,35.966,24.808,3.402,18.426,6.559,0,2.075,1.72,0,0.133,0,0,0,0,0,0,0,0,0.1,0,0,5.693,0,0.397,0,0,0.72,0,0,0,73.44830444,Ost,2225,6.3,2.8,5.8,6193,7.4,12.1,42.4
12070,Prignitz,Landkreis,77550,37.204,25.117,2.193,22.836,2.879,0,1.958,2.084,0,0.119,0,0,0,0,0,0,0,0,0.057,0,0,4.341,0,0.423,0,0,0.789,0,0,0,65.41707788,Ost,2042,12,1.8,8.6,6493,4.86,7.5,77.8
12071,Spree-Neiße,Landkreis,118030,38.074,20.59,2.42,21.346,2.991,0,1.775,3.895,0,0.217,0,0,0,0,0,0,0,0,0.099,0,0,6.972,0,0.487,0,0,1.133,0,0,0,68.51342881,Ost,2335,10.3,1.9,11.2,6860,4.82,5.2,69.2
12072,Teltow-Fläming,Landkreis,161488,34.775,23.877,2.718,21.978,4.596,0,2.107,2.121,0,0.298,0,0,0,0,0,0,0,0,0.108,0,0,6.076,0,0.389,0,0,0.956,0,0,0,67.29208508,Ost,2307,7.3,2.7,9.9,7118,5.84,12.4,44.5
12073,Uckermark,Landkreis,120829,38.403,23.019,1.935,22.83,3.014,0,1.903,2.743,0,0.159,0,0,0,0,0,0,0,0,0.086,0,0,4.709,0,0.306,0,0,0.892,0,0,0,63.52625651,Ost,2109,15.4,2.3,12.9,7450,5.09,-0.4,100
13003,Rostock,krsfr. Stadt,204167,35.313,19.79,1.9,24.8,7.251,0,2.703,1.629,0,0.082,0,0,0,0,0,0,0,0,0.218,0,0,5.458,0,0.152,0,0,0.705,0,0,0,67.18829052,Ost,2577,10.9,3.8,8.6,9807,6.21,4.9,0
13004,Schwerin,krsfr. Stadt,92138,36.675,21.982,2.105,22.225,5.766,0,1.973,2.115,0,0.031,0,0,0,0,0,0,0,0,0.128,0,0,5.853,0,0.13,0,0,1.016,0,0,0,68.13199537,Ost,2620,11.2,4.2,9.9,10473,5.99,1.9,0
13071,Mecklenburgische Seenplatte,Landkreis,261733,43.904,16.889,2.003,22.682,3.367,0,1.753,2.699,0,0.108,0,0,0,0,0,0,0,0,0.181,0,0,5.385,0,0.195,0,0,0.834,0,0,0,64.34072034,Ost,2126,13.2,1.6,9.6,6394,5.11,5.2,75.8
13072,Landkreis Rostock,Landkreis,211878,45.093,17.88,2.167,20.616,3.985,0,1.475,2.301,0,0.057,0,0,0,0,0,0,0,0,0.125,0,0,5.092,0,0.177,0,0,1.031,0,0,0,66.26812001,Ost,2043,8.7,1.8,8.6,5382,5.74,1.1,69.3
13073,Vorpommern-Rügen,Landkreis,223470,46.62,14.075,2.506,20.997,3.706,0,1.906,2.377,0,0.085,0,0,0,0,0,0,0,0,0.091,0,0,6.529,0,0.227,0,0,0.881,0,0,0,63.4229995,Ost,1993,12.8,2.1,7.2,6727,6.04,0.8,63.2
13074,Nordwestmecklenburg,Landkreis,155424,40.597,21.217,2.301,20.527,4.636,0,1.72,2.51,0,0.067,0,0,0,0,0,0,0,0,0.09,0,0,5.23,0,0.191,0,0,0.912,0,0,0,65.01578821,Ost,2287,9.3,2.2,8.3,6412,5.93,7.1,66
13075,Vorpommern-Greifswald,Landkreis,237697,44.55,14.164,2.315,20.046,3.967,0,2.208,4.7,0,0.087,0,0,0,0,0,0,0,0,0.104,0,0,6.402,0,0.234,0,0,1.224,0,0,0,63.47877288,Ost,2060,13.6,3,9.6,6901,6.51,2.9,62.7
13076,Ludwigslust-Parchim,Landkreis,212631,42.938,20.276,2.192,20.451,3.316,0,1.551,2.977,0,0.058,0,0,0,0,0,0,0,0,0.116,0,0,5.096,0,0.211,0,0,0.818,0,0,0,66.61069036,Ost,2088,8.4,3,8.9,8175,5.14,3.2,84
14511,Chemnitz,krsfr. Stadt,243521,38.936,17.512,2.873,23.054,5.328,0,2.452,2.33,0,0,0,0,0,0,0,0,0.126,0,0.137,0,0,6.049,0,0.399,0,0,0.804,0,0,0,67.51636033,Ost,2421,9.9,4.6,11.4,11412,5,4.6,0
14521,Erzgebirgskreis,Landkreis,349582,45.901,12.966,3.401,19.447,2.588,0,1.878,3.963,0,0,0,0,0,0,0,0,0.109,0,0.086,0,0,7.703,0,0.389,0,0,1.57,0,0,0,69.81278142,Ost,1962,7.9,1.5,6.9,3665,4.75,4.2,34.3
14522,Mittelsachsen,Landkreis,312711,45.472,13.546,3.326,20.382,3.277,0,2.091,3.59,0,0,0,0,0,0,0,0,0.142,0,0.097,0,0,6.365,0,0.427,0,0,1.284,0,0,0,69.52140682,Ost,2038,7.9,1.9,9.8,4702,5,4.3,44.5
14523,Vogtlandkreis,Landkreis,232390,44.234,16.01,2.806,20.203,3.342,0,1.904,3.162,0,0,0,0,0,0,0,0,0.108,0,0.094,0,0,6.653,0,0.357,0,0,1.124,0,0,0,68.73037725,Ost,2031,7.7,1.7,5.8,5856,4.39,6.9,31.5
14524,Zwickau,Landkreis,325137,44.404,14.917,2.7,21.099,3.279,0,1.807,3.093,0,0,0,0,0,0,0,0,0.236,0,0.112,0,0,6.312,0,0.336,0,0,1.706,0,0,0,68.3419154,Ost,2284,7.6,1.8,9.3,5523,4.94,4.9,11
14612,Dresden,krsfr. Stadt,536308,38.634,14.877,3.108,18.74,9.134,0,4.087,2.357,0,0,0,0,0,0,0,0,0.25,0,0.133,0,0,6.885,0,0.234,0,0,1.562,0,0,0,74.06587684,Ost,2782,8.4,4.7,8.7,10545,7.18,16.9,0
14625,Bautzen,Landkreis,306570,45.668,12.284,3.112,19.417,2.964,0,2.138,4.082,0,0,0,0,0,0,0,0,0.151,0,0.1,0,0,7.174,0,0.562,0,0,2.347,0,0,0,69.79551745,Ost,2078,8.8,1.3,5.7,5224,5.08,1.8,34.7
14626,Görlitz,Landkreis,260188,44.082,12.563,2.791,19.592,3.364,0,2.173,4.241,0,0,0,0,0,0,0,0,0.457,0,0.115,0,0,8.223,0,0.682,0,0,1.718,0,0,0,68.39643314,Ost,2000,11.8,2.4,8.6,8826,4.52,4.4,29.9
14627,Meißen,Landkreis,243745,45.131,12.588,3.669,18.671,3.995,0,2.271,3.903,0,0,0,0,0,0,0,0,0.345,0,0.095,0,0,7.12,0,0.895,0,0,1.318,0,0,0,70.28770487,Ost,2209,9.1,1.7,8.1,5301,5.26,4.6,39.9
14628,Sächsische Schweiz-Osterzgebirge,Landkreis,245954,45.989,10.943,3.211,17.14,3.558,0,2.056,5.084,0,0,0,0,0,0,0,0,0.36,0,0.077,0,0,7.875,0,0.462,0,0,3.245,0,0,0,70.96297509,Ost,2065,7.9,1.8,6.6,7228,5.51,9.2,41
14713,Leipzig,krsfr. Stadt,544479,34.616,18.708,2.98,21.947,9.184,0,3.55,1.887,0,0,0,0,0,0,0,0,0.262,0,0.147,0,0,5.57,0,0.302,0,0,0.846,0,0,0,67.94044446,Ost,2549,10.2,6.1,11.7,13520,6.04,21.9,0
14729,Leipzig,Landkreis,257647,45.808,15.201,2.877,19.916,3.283,0,1.947,3.025,0,0,0,0,0,0,0,0,0.115,0,0.092,0,0,6.409,0,0.332,0,0,0.995,0,0,0,68.75544465,Ost,2049,7.9,1.4,7,6151,5.01,2.3,47.7
14730,Nordsachsen,Landkreis,197042,44.909,15.404,2.643,20.602,2.854,0,1.943,3.878,0,0,0,0,0,0,0,0,0.124,0,0.094,0,0,6.138,0,0.358,0,0,1.051,0,0,0,66.43409704,Ost,2148,10,2,10.9,6198,5,3.6,40.6
15001,Dessau-Roßlau,krsfr. Stadt,83061,40.385,17.853,2.419,23.105,5.137,0,1.921,1.94,0,0,0.102,0,0,0,0,0,0,0,0.122,0,0,5.737,0,0.293,0,0,0.987,0,0,0,64.53303465,Ost,2427,11.6,3,8.3,12083,5.33,6.5,0
15002,Halle,krsfr. Stadt,232470,36.422,18.33,3.021,24.858,7.813,0,2.663,1.398,0,0,0.218,0,0,0,0,0,0,0,0.226,0,0,4.093,0,0.216,0,0,0.742,0,0,0,65.01268663,Ost,2621,11.9,5,10.7,14146,5.75,10.1,0
15003,Magdeburg,krsfr. Stadt,232306,36.177,21.159,2.399,24.175,6.278,0,2.572,1.401,0,0,0.246,0,0,0,0,0,0,0,0.193,0,0,4.293,0,0.303,0,0,0.804,0,0,0,63.68438684,Ost,2543,11.4,4.9,9.1,12242,5.59,11.6,0
15081,Altmarkkreis Salzwedel,Landkreis,86071,41.606,18.918,2.195,24.613,3.821,0,1.768,2.11,0,0,0.142,0,0,0,0,0,0,0,0.168,0,0,3.727,0,0.321,0,0,0.611,0,0,0,63.20520306,Ost,2046,8.7,2.3,9.7,5845,4.62,5.1,100
15082,Anhalt-Bitterfeld,Landkreis,165076,41.475,16.75,2.492,25.092,2.664,0,1.591,2.53,0,0,0.11,0,0,0,0,0,0,0,0.233,0,0,5.224,0,0.304,0,0,1.536,0,0,0,60.65312076,Ost,2108,10.8,2.2,9.5,8050,5.17,4.1,50.5
15083,Börde,Landkreis,172829,43.653,19.602,2.963,21.076,3.065,0,1.81,2.212,0,0,0.168,0,0,0,0,0,0,0,0.131,0,0,3.913,0,0.331,0,0,1.075,0,0,0,61.71867097,Ost,2300,7.8,1.8,8.2,5907,5,8.3,88.1
15084,Burgenlandkreis,Landkreis,184055,42.694,16.299,2.716,23.71,3.143,0,1.682,3.384,0,0,0.162,0,0,0,0,0,0,0,0.128,0,0,4.255,0,0.393,0,0,1.435,0,0,0,61.37871052,Ost,2209,11.1,3,11.2,8132,4.89,6.9,44.6
15085,Harz,Landkreis,219618,44.018,18.949,2.26,22.27,3.631,0,1.748,1.961,0,0,0.241,0,0,0,0,0,0,0,0.1,0,0,3.81,0,0.329,0,0,0.684,0,0,0,58.74601796,Ost,2232,8.3,1.8,7.3,8797,5.01,6.8,55.1
15086,Jerichower Land,Landkreis,91359,42.412,19.538,2.693,22.838,3.087,0,1.879,1.85,0,0,0.164,0,0,0,0,0,0,0,0.105,0,0,3.768,0,0.324,0,0,1.342,0,0,0,62.9830933,Ost,2157,9.8,1.8,10.4,7579,4.99,6.6,90.7
15087,Mansfeld-Südharz,Landkreis,142054,40.117,17.619,2.537,26.815,2.619,0,1.695,2.778,0,0,0.123,0,0,0,0,0,0,0,0.153,0,0,4.126,0,0.394,0,0,1.023,0,0,0,60.53773043,Ost,2083,13.8,1.8,14.4,7335,5,9.3,62
15088,Saalekreis,Landkreis,186510,43.469,16.149,3.406,23.608,3,0,1.779,2.473,0,0,0.133,0,0,0,0,0,0,0,0.153,0,0,4.282,0,0.362,0,0,1.184,0,0,0,62.82359746,Ost,2336,9.5,2,7.4,8055,5.12,3.8,57.6
15089,Salzlandkreis,Landkreis,196750,41.691,17.9,2.591,25.641,2.762,0,1.641,2.344,0,0,0.14,0,0,0,0,0,0,0,0.15,0,0,3.894,0,0.288,0,0,0.957,0,0,0,59.06859915,Ost,2250,12,1.7,11.9,6625,4.85,6.8,34.7
15090,Stendal,Landkreis,114668,42.372,19.087,2.106,24.674,2.966,0,1.965,2.086,0,0,0.136,0,0,0,0,0,0,0,0.106,0,0,3.507,0,0.263,0,0,0.732,0,0,0,62.13473245,Ost,2144,12.9,2.1,12.8,7268,4.96,8.1,100
15091,Wittenberg,Landkreis,128721,43.885,16.621,2.436,22.598,3.203,0,1.747,2.61,0,0,0.134,0,0,0,0,0,0,0,0.088,0,0,4.67,0,0.263,0,0,1.745,0,0,0,65.23988877,Ost,2088,10.5,1.9,11.7,7713,4.93,7.3,63.8
16051,Erfurt,krsfr. Stadt,206219,34.245,17.744,2.49,23.6,7.825,0,2.933,2.307,0,0.187,0.674,0,0,0,0,0,0,0,0.18,0,0,6.421,0,0,0,0,1.393,0,0,0,69.41506171,Ost,2516,8.2,4.1,7,10186,6.94,12.2,0
16052,Gera,krsfr. Stadt,94492,35.869,14.243,2.361,29.458,3.878,0,1.745,3.097,0,0.127,0.465,0,0,0,0,0,0,0,0.238,0,0,7.77,0,0,0,0,0.749,0,0,0,66.90269141,Ost,2212,11.2,2.2,6.3,10399,4.85,5.2,0
16053,Jena,krsfr. Stadt,108207,30.518,18.669,3.277,23.226,11.616,0,4.264,1.463,0,0.192,0.816,0,0,0,0,0,0,0,0.098,0,0,5.183,0,0,0,0,0.678,0,0,0,73.37558868,Ost,2819,7,5.8,4.7,6512,8.3,-1.2,0
16054,Suhl,krsfr. Stadt,36208,34.66,16.525,2.21,30.321,4.368,0,1.595,2.638,0,0.168,0.596,0,0,0,0,0,0,0,0.173,0,0,5.334,0,0,0,0,1.413,0,0,0,66.56899811,Ost,2323,7.1,4.9,10.7,10873,5.42,4.9,0
16055,Weimar,krsfr. Stadt,63477,34.707,17.53,2.917,21.149,11.14,0,3.885,2.133,0,0.11,0.629,0,0,0,0,0,0,0,0.093,0,0,4.7,0,0,0,0,1.007,0,0,0,70.37435877,Ost,2638,8.5,5.5,4.4,9841,6.92,6.7,0
16056,Eisenach,krsfr. Stadt,41884,34.821,17.481,2.288,25.189,5.517,0,2.205,4.823,0,0.136,0.496,0,0,0,0,0,0,0,0.343,0,0,4.963,0,0,0,0,1.739,0,0,0,66.79170153,Ost,2528,8.5,3.9,11.7,9591,5.69,11.5,0
16061,Eichsfeld,Landkreis,100730,53.599,12.117,2.926,14.291,3.505,0,1.396,2.699,0,0.13,1.658,0,0,0,0,0,0,0,0.047,0,0,5.215,0,0,0,0,2.418,0,0,0,71.67517368,Ost,2123,5.6,1.5,5.2,4022,5.03,6.2,65.4
16062,Nordhausen,Landkreis,85055,36.452,18.156,2.522,25.655,4.456,0,2.339,3.16,0,0.168,0.859,0,0,0,0,0,0,0,0.108,0,0,4.994,0,0,0,0,1.13,0,0,0,65.41027534,Ost,2269,9.6,2.3,7.2,6694,5.08,5.9,50.9
16063,Wartburgkreis,Landkreis,125835,41.253,17.143,2.264,21.78,3.732,0,2.073,3.962,0,0.248,0.466,0,0,0,0,0,0,0,0.111,0,0,4.993,0,0,0,0,1.976,0,0,0,67.89410349,Ost,2244,5.7,1.6,7.3,3782,5.07,4,60.9
16064,Unstrut-Hainich-Kreis,Landkreis,103922,40.776,16.771,2.908,22.379,3.898,0,1.912,3.179,0,0.148,0.714,0,0,0,0,0,0,0,0.112,0,0,5.32,0,0,0,0,1.881,0,0,0,66.33451557,Ost,2044,10.1,1.4,10.5,5595,5.02,2.7,68.1
16065,Kyffhäuserkreis,Landkreis,77148,37.229,16.636,2.628,27.535,3.197,0,2.236,3.878,0,0.208,0.42,0,0,0,0,0,0,0,0.114,0,0,4.86,0,0,0,0,1.059,0,0,0,64.76773849,Ost,2182,11,1.5,8.9,5557,4.9,3.2,86.1
16066,Schmalkalden-Meiningen,Landkreis,125056,40.698,16.373,2.568,23.629,4.119,0,1.959,3.227,0,0.22,0.479,0,0,0,0,0,0,0,0.105,0,0,5.155,0,0,0,0,1.467,0,0,0,66.59113936,Ost,2130,5.9,1.8,8.4,4975,5.32,6.2,51.6
16067,Gotha,Landkreis,135381,39.315,17.677,2.418,21.6,4.551,0,2.509,3.302,0,0.262,0.492,0,0,0,0,0,0,0,0.143,0,0,6.341,0,0,0,0,1.39,0,0,0,67.6489238,Ost,2229,7.3,3.1,5.2,5869,5.37,7.4,44.5
16068,Sömmerda,Landkreis,70537,39.465,14.816,3.199,23.968,3.537,0,2.655,3.934,0,0.249,0.509,0,0,0,0,0,0,0,0.109,0,0,5.816,0,0,0,0,1.742,0,0,0,66.28861883,Ost,2101,8.7,1.3,11,5135,5.2,7.1,73.1
16069,Hildburghausen,Landkreis,64673,40.536,16.005,2.247,24.571,3.444,0,2.389,3.275,0,0.303,0.545,0,0,0,0,0,0,0,0.117,0,0,4.843,0,0,0,0,1.724,0,0,0,66.72046771,Ost,2046,5.2,1.4,3.8,4229,5.3,6.7,82
16070,Ilm-Kreis,Landkreis,108899,36.977,16.463,2.287,22.723,4.683,0,2.629,3.024,0,0.228,0.57,0,0,0,0,0,0,0,0.116,0,0,8.681,0,0,0,0,1.619,0,0,0,70.03174053,Ost,2295,7.7,3.2,7.2,5770,5.92,13,47.3
16071,Weimarer Land,Landkreis,81641,40.438,14.769,2.982,22.041,4.584,0,2.481,3.349,0,0.272,0.6,0,0,0,0,0,0,0,0.131,0,0,6.597,0,0,0,0,1.757,0,0,0,70.09421891,Ost,2144,6.5,1.9,8.1,4869,5.55,10.5,73.3
16072,Sonneberg,Landkreis,56809,38.161,16.775,2.378,26.166,3.246,0,1.917,3.761,0,0.214,0.628,0,0,0,0,0,0,0,0.383,0,0,5.25,0,0,0,0,1.122,0,0,0,64.42534009,Ost,2140,4.3,1.6,4.3,5647,5.18,8,45.3
16073,Saalfeld-Rudolstadt,Landkreis,109646,37.333,16.226,2.428,23.588,4.202,0,2.431,4.016,0,0.235,0.622,0,0,0,0,0,0,0,0.207,0,0,7.219,0,0,0,0,1.494,0,0,0,67.23025791,Ost,2245,8,1.6,10.9,6016,5.34,4.6,47.9
16074,Saale-Holzland-Kreis,Landkreis,83966,39.038,14.199,2.723,24.289,4.404,0,2.211,3.578,0,0.226,0.68,0,0,0,0,0,0,0,0.104,0,0,7.192,0,0,0,0,1.355,0,0,0,71.34337155,Ost,2098,6.8,2.5,5.9,5432,5.38,8,55.2
16075,Saale-Orla-Kreis,Landkreis,82887,38.539,14.91,2.542,25.378,3.524,0,2.183,3.126,0,0.255,0.608,0,0,0,0,0,0,0,0.194,0,0,7.201,0,0,0,0,1.539,0,0,0,69.29326656,Ost,2047,7,1.6,4.6,5693,5.28,5.9,85.4
16076,Greiz,Landkreis,101382,42.135,13.814,2.683,22.568,3.797,0,2.075,3.098,0,0.204,0.622,0,0,0,0,0,0,0,0.11,0,0,7.637,0,0,0,0,1.256,0,0,0,70.7090371,Ost,2033,8.3,1.3,6.5,4800,4.61,2.4,60.5
16077,Altenburger Land,Landkreis,92705,41.367,14.739,2.639,23.477,2.873,0,2.265,3.766,0,0.299,0.397,0,0,0,0,0,0,0,0.104,0,0,7.304,0,0,0,0,0.771,0,0,0,64.91652316,Ost,2001,10.9,1.7,6.1,7981,4.9,6.7,37